Date,JPM_Return,Vol_21d,VIX_Change,Corr_21d,Rate_Mom_5d,Sentiment
2018-01-02,0.0,0.0,0.0,0.0,0.0,0.5
2018-01-03,0.0010188461558363559,0.0,-0.06345965303826762,0.0,0.0,0.5
2018-01-04,0.014325530307986202,0.0,0.007650344417148628,0.0,0.0,0.5
2018-01-05,-0.006419432254688179,0.0,0.0,0.0,0.0,0.5
2018-01-08,0.0014766727621350613,0.0,0.032537980699163235,0.0,0.0,0.5
2018-01-09,0.005069163000885156,0.0,0.058823470484783084,0.0,0.08999999999999986,0.5
2018-01-10,0.011004082074455027,0.0,-0.025793673695410423,0.0,0.10999999999999988,0.5
2018-01-11,0.005351516258594832,0.0,0.006110022554106937,0.0,0.08000000000000007,0.5
2018-01-12,0.016510460431158426,0.0,0.028340053616187213,0.0,0.07999999999999963,0.5
2018-01-16,-0.00355048766589684,0.0,0.1476377974928878,0.0,0.04999999999999982,0.5
2018-01-17,0.006413103215213466,0.0,0.021440823608199832,0.0,0.020000000000000018,0.5
2018-01-18,0.0023897692133993615,0.0,0.02602858300489889,0.0,0.07000000000000028,0.5
2018-01-19,-0.002207442587882354,0.0,-0.07774139022143584,0.0,0.10000000000000009,0.5
2018-01-22,0.011680607416002185,0.0,-0.021295538158310267,0.0,0.11000000000000032,0.5
2018-01-23,-0.0010496056625240832,0.0,0.0063463871435361155,0.0,0.08999999999999986,0.5
2018-01-24,0.012783494153950227,0.0,0.033333321877786384,0.0,0.08000000000000007,0.5
2018-01-25,0.0002590923781946927,0.0,0.009590205241184395,0.0,0.009999999999999787,0.5
2018-01-26,0.00535887503537997,0.0,-0.04317789320329981,0.0,0.020000000000000018,0.5
2018-01-29,-0.0010315667327471206,0.0,0.24909749529661251,0.0,0.040000000000000036,0.5
2018-01-30,-0.009380509871513011,0.0,0.068641603958906,0.0,0.10000000000000009,0.5
2018-01-31,0.0048650530614643365,0.10868789881728698,-0.08451656546477695,-0.34135507649489155,0.07000000000000028,0.22163119218244132
2018-02-01,0.010374214543398553,0.11032916634501755,-0.00516984453629488,-0.2812681313318658,0.1499999999999999,0.23404248483548018
2018-02-02,-0.022161373341440565,0.14281576845285532,0.2850778858789581,-0.6024628563559968,0.17999999999999972,0.0
2018-02-05,-0.047952381627073416,0.22157237940655028,1.1559792516603906,-0.8587691821146372,0.06999999999999984,0.0
2018-02-06,0.030422693471611365,0.24378692940580746,-0.196677390477199,-0.4525956246825266,0.06000000000000005,0.2640287897131608
2018-02-07,0.006779222996748834,0.2444048708903248,-0.07505003450150699,-0.39111863818380155,0.11999999999999966,0.3487272782759233
2018-02-08,-0.044210060432062125,0.2916494229608181,0.20663539981343337,-0.5477544391343776,0.07000000000000028,0.14036365855823862
2018-02-09,0.02002194879626652,0.29768352374026613,-0.13150029106163735,-0.41527330409934254,-0.009999999999999787,0.30102042110769067
2018-02-12,0.015448895617497412,0.3019610660637884,-0.11871985268389752,-0.3581599213025154,0.08999999999999986,0.4311487168726337
2018-02-13,0.00617523079089084,0.2971667488096206,-0.024990288236790663,-0.3141944829667748,0.040000000000000036,0.4697603803495497
2018-02-14,0.02312551907830611,0.30727005792276296,-0.22867437891433284,-0.31203764494168734,0.07000000000000028,0.6869531948325435
2018-02-15,0.004173040502530628,0.3069016680378261,-0.006749795772083527,-0.3064806589508233,0.04999999999999982,0.6918980814169431
2018-02-16,-0.007185836750104676,0.3082360801350136,0.017250388822956462,-0.30814912233084796,0.040000000000000036,0.6793457830455134
2018-02-20,0.0002615797276797135,0.3080536097293781,0.0585817754691823,-0.3243751714770434,0.020000000000000018,0.6359832384030174
2018-02-21,0.004184431715685492,0.3058325788223851,-0.028155335580856627,-0.3047125643621691,0.10999999999999988,0.6592987571631881
2018-02-22,-0.0018230344115835796,0.30589484173226766,-0.06493512061359842,-0.3191422368367742,0.009999999999999787,0.708841484135315
2018-02-23,0.020264490295472986,0.3107395029304183,-0.11912391154018306,-0.31366448366886407,-0.020000000000000018,0.7938262235289046
2018-02-26,0.012445681939836098,0.3133017353874315,-0.04184351667437973,-0.3436603226654535,-0.010000000000000231,0.8201219394740995
2018-02-27,-0.011871684137228722,0.31625517208172943,0.17658227393497666,-0.3289570699379887,0.020000000000000018,0.7853249472370175
2018-02-28,-0.01584865427058923,0.32135165643444513,0.06777838722644834,-0.32760664940930956,-0.06999999999999984,0.7324947476935576
2018-03-01,-0.01792235198674096,0.3257947997028007,0.13198986808738675,-0.3611735140303852,-0.10999999999999988,0.6226415403667955
2018-03-02,-0.0009694138403780756,0.32521130665104425,-0.12817086109366033,-0.3585170159969811,-0.020000000000000018,0.7433962250570676
2018-03-05,0.015354463055846495,0.32780975785457733,-0.0438999797678896,-0.35623228744337826,0.020000000000000018,0.8638476106402935
2018-03-06,0.0008694136674559753,0.31823618935865905,-0.019754348154169172,-0.4214117367813478,-0.020000000000000018,0.8810408699530763
2018-03-07,-0.0037339583969096027,0.2658586798140418,-0.03267975825291858,-0.1295724125621572,0.020000000000000018,0.8890147134243601
2018-03-08,8.701604527439825e-05,0.2459758805817934,-0.06869365414593258,-0.3147015564288532,0.04999999999999982,0.9580973515771349
2018-03-09,0.028760726278604976,0.2634039805346404,-0.11487306330321398,-0.43162582037584085,0.040000000000000036,1.0
2018-03-12,-0.003219245278455139,0.20380200424739076,0.07786880894223384,0.02120680625902,-0.009999999999999787,0.9209431720519177
2018-03-13,-0.011983599846815515,0.2026864144741005,0.036121714711284766,-0.1359222441893734,-0.040000000000000036,0.8441203284847211
2018-03-14,-0.011183215723210157,0.20256709959402058,0.053822577384398634,-0.27662128092253196,-0.08000000000000007,0.7492740118922183
2018-03-15,0.0025232210012535675,0.20188230516667993,-0.03714448094322876,-0.41484058558716114,-0.040000000000000036,0.7509578460063026
2018-03-16,0.0017354458538648837,0.18562552121227563,-0.04761904488167196,-0.5005089792991565,-0.04999999999999982,0.8518518518518519
2018-03-19,-0.007882955690503712,0.18709446741566815,0.20379748279477997,-0.5243415355274967,-0.020000000000000018,0.4406129386217321
2018-03-20,0.0009605212546907184,0.18545970786831315,-0.043112496061455535,-0.5129791664915719,0.050000000000000266,0.5453383284924915
2018-03-21,0.0008722644476477526,0.1854806315024193,-0.018681326282152185,-0.5412761461674817,0.08000000000000007,0.5887610867698803
2018-03-22,-0.041746365287793887,0.23444549771804657,0.3068308709385009,-0.7310168639249794,0.010000000000000231,0.0
2018-03-23,-0.026739696252066396,0.24946853361110424,0.06555272821949251,-0.7605446899758396,-0.03000000000000025,0.0
2018-03-26,0.030838474407144396,0.2642999088156963,-0.15440289597940585,-0.5580013515097948,0.0,0.375366565634371
2018-03-27,-0.019399796985635348,0.264187218684229,0.06990010772029943,-0.5624438864735275,-0.11000000000000032,0.23167162505815964
2018-03-28,-0.0015718178880776382,0.2628785215421681,0.016444481743706597,-0.5299872823042022,-0.1200000000000001,0.19550341183262732
2018-03-29,0.01824053619266798,0.26965898433655183,-0.12680373500047998,-0.4846096968723587,-0.08999999999999986,0.4789835081472029
2018-04-02,-0.019277695204208405,0.27069382804813513,0.18277424393490335,-0.49393162305354,-0.08999999999999986,0.12218963239539204
2018-04-03,0.013722658421274207,0.2763030209853827,-0.1066892619909602,-0.4491956656731888,-0.06000000000000005,0.3685239760516823
2018-04-04,0.01518326364584636,0.2761715689923613,-0.049289142024882854,-0.4270969998492705,0.010000000000000231,0.47018583969900807
2018-04-05,0.013130714453056953,0.2807635668580235,-0.05583245073292678,-0.4230813281105841,0.06000000000000005,0.579667645915193
2018-04-06,-0.024937643536595153,0.2927323564368866,0.13463564757958574,-0.45243079479715165,0.029999999999999805,0.3304008704072263
2018-04-09,0.01200869775544501,0.2966869246360063,0.013029348051544388,-0.4190121653158059,0.04999999999999982,0.30303032562988885
2018-04-10,0.019112192778391508,0.28600759298374195,-0.05971525572226481,-0.2973356337683782,0.009999999999999787,0.48404851379475566
2018-04-11,-0.01679852697387585,0.290635869493819,-0.011235933070416761,-0.31998337656459885,0.0,0.5104741716729307
2018-04-12,0.02486019281520978,0.3032890797525425,-0.08646245157063659,-0.4137837822673355,0.0,0.7034179285501365
2018-04-13,-0.027079772724176904,0.31493604315578516,-0.058409947921851314,-0.3548862659855637,0.04999999999999982,0.8224917815255318
2018-04-16,-0.0008159327880875369,0.3146060718133029,-0.04882253813437419,-0.34215035257437365,0.050000000000000266,0.9162073626385758
2018-04-17,0.0,0.314425058664069,-0.0791062504945458,-0.32808367415989687,0.020000000000000018,1.0
2018-04-18,-0.008075430539559992,0.31447285629155286,0.02295084468653945,-0.2840770915497569,0.08000000000000007,0.9636174271376033
2018-04-19,0.021953606216671397,0.3250151590373251,0.02307690050475046,-0.3421552104180642,0.08999999999999986,0.926195428668637
2018-04-20,-0.0022374166856232456,0.3249936834747858,0.05764405516420318,-0.3299691337618978,0.14000000000000012,0.8305614325812789
2018-04-23,-0.004844296989860388,0.28984481093561965,-0.03199046416031854,-0.21040055705960686,0.1499999999999999,0.8866943807174604
2018-04-24,-0.004687761694547954,0.27299985277261685,0.102815195195069,-0.06274012489441985,0.18000000000000016,0.6690561314188144
2018-04-25,-0.0038039789175698946,0.2522760117739027,-0.009988917902509296,-0.1279337515247553,0.1599999999999997,0.6905615420672877
2018-04-26,0.0009998017903350817,0.24196993655212432,-0.08968611927044343,-0.04373305853663957,0.08000000000000007,0.881720469312541
2018-04-27,-0.006357673186853166,0.24322399765183134,-0.05110837040663992,0.002607787760994257,0.0,0.9808841300633891
2018-04-30,-0.005667198744413859,0.23581702491781992,0.033744351908673025,-0.01640033710924506,-0.029999999999999805,0.9187574388298315
2018-05-01,0.0,0.22536131275100554,-0.027620874176296002,0.15596358870417226,-0.029999999999999805,0.9631902217380391
2018-05-02,-0.007906160828942823,0.22210020058439928,0.030987766494717975,0.1133645258201622,-0.05999999999999961,0.8895705189450608
2018-05-03,-0.0063007822361258155,0.21562314886562495,-0.004383259068758842,0.06334700844206433,-0.06000000000000005,0.9003068139732585
2018-05-04,0.01109646196439724,0.21401606649140054,-0.07106913131303923,-0.03471035475195552,-0.009999999999999787,1.0
2018-05-07,0.008669289168399688,0.19855823797087632,-0.001354127091658882,0.1363718535581956,0.0,1.0
2018-05-08,0.014812112876522728,0.2008834805270101,-0.0027118618205442266,-0.054515495491245125,0.0,1.0
2018-05-09,0.02180390800182905,0.2042428455411685,-0.08769544245463709,-0.41519614698627905,0.029999999999999805,1.0
2018-05-10,0.007759399279905825,0.19563435054320238,-0.014158012889526566,-0.3201457563679607,0.03000000000000025,1.0
2018-05-11,-0.0037622497063857156,0.17704901531315181,-0.043839753875608574,-0.5031243496482612,0.020000000000000018,1.0
2018-05-14,0.00035138211134350534,0.14653936173624693,0.02213444229953577,-0.38400268906369556,0.04999999999999982,0.947858353279982
2018-05-15,-0.007638474551404495,0.14980887175427457,0.1314771669869675,-0.3450741467679055,0.10999999999999988,0.631284881476238
2018-05-16,0.002742470792618589,0.14982271267588035,-0.08270676887778086,-0.3411080223869725,0.08999999999999986,0.8566107379093828
2018-05-17,-0.0033523949156367074,0.14693384110718122,0.000745173533903406,-0.29387031901395044,0.13999999999999968,0.8547484981851776
2018-05-18,-0.01620045823364853,0.1396068987380787,-0.0007446186637823049,-0.2698978141390471,0.08999999999999986,0.8566107379093828
2018-05-21,0.009178343535448177,0.14308124140737413,-0.02533533164343951,-0.30785366279155063,0.06000000000000005,0.9199254677887226
2018-05-22,0.007668333464089765,0.1439446307259147,0.010703390224721542,-0.3141549194708159,-0.020000000000000018,0.8938546444287137
2018-05-23,-0.004601481860877696,0.14390255252780634,-0.048411522722805043,-0.2273025125355232,-0.08000000000000007,1.0
2018-05-24,-0.011201094729284915,0.14915311432917475,-0.003974577983950677,-0.09295506176115184,-0.1299999999999999,1.0
2018-05-25,-0.0051244544650818225,0.15043704897405452,0.05506788098661834,-0.08174153667417493,-0.1299999999999999,0.7994184805419975
2018-05-29,-0.042743335311756746,0.21120702472280128,0.2874432763978236,-0.3811536275205465,-0.29000000000000004,0.0
2018-05-30,0.0228447890690573,0.2265665297868612,-0.12220921395049546,-0.2896409014814061,-0.2200000000000002,0.4632517910064491
2018-05-31,-0.012367061370597367,0.2305199790816446,0.03279790753380389,-0.3310887317941323,-0.17999999999999972,0.35412024408111376
2018-06-01,0.01298959866463252,0.23361022569652704,-0.12767337835813258,-0.3234470515142673,-0.08999999999999986,0.7928730166922715
2018-06-04,0.00046088942953918707,0.23236827255453277,-0.05349184732453615,-0.3013467666326022,0.009999999999999787,0.9532293977175965
2018-06-05,-0.005624462279677504,0.2300934390126125,-0.02668761057270015,-0.31056402761225516,0.1499999999999999,1.0
2018-06-06,0.023367805370651012,0.24249844770099804,-0.06129026601515327,-0.4306878313315674,0.13000000000000034,1.0
2018-06-07,0.0039872686574822114,0.23731560553222242,0.04209619902625267,-0.5014709956603842,0.10000000000000009,0.9089219775659644
2018-06-08,0.002797838368739783,0.22410422892654158,0.00412202722696906,-0.5324123023970674,0.040000000000000036,0.8996282620136815
2018-06-11,-0.0025203806626738546,0.22192996121204972,0.013957312974918836,-0.5234072162920423,0.020000000000000018,0.8680297354936479
2018-06-12,-0.0057743573635248464,0.22231249430804784,-0.0008097351071211747,-0.5110697633769473,0.040000000000000036,0.8698885140566806
2018-06-13,-0.0019964933762668517,0.22221958215340376,0.04862231931736086,-0.5089838818383556,0.009999999999999787,0.7583644592179268
2018-06-14,-0.017641267839838614,0.22827669641605133,-0.06336937568895418,-0.430152683879294,0.009999999999999787,0.910780756128997
2018-06-15,-0.001203599220519496,0.22764062942411128,-0.011551183551541416,-0.4297870538510652,0.0,0.9368031242228131
2018-06-18,0.002595450707993154,0.228206398890654,0.027545984139392483,-0.434229027502811,-0.040000000000000036,0.8754646724828982
2018-06-19,-0.005823809388695196,0.22281349418221738,0.08448415324143507,-0.4336141466856998,-0.06999999999999984,0.6821561334995114
2018-06-20,-9.288867195168938e-05,0.21952457027035652,-0.0419475957764016,-0.44207004318582166,-0.04999999999999982,0.7862454286118952
2018-06-21,-0.00027931240041573316,0.2168678998087838,0.14464428357994277,-0.42827265643678736,-0.040000000000000036,0.4423791940175905
2018-06-22,-0.016370453100178716,0.2222190296504606,-0.05942622029758937,-0.4438469379468736,-0.03000000000000025,0.6040892064809436
2018-06-25,-0.00907820221866939,0.2213329770395141,0.2585329954680733,-0.4417574140548385,-0.04999999999999982,0.0
2018-06-26,0.0006683473444905282,0.22145717043645538,-0.08136179189956846,-0.4020789398779053,-0.010000000000000231,0.24780315490236404
2018-06-27,-0.015449084529333915,0.17401209514857743,0.12499998502395868,-0.27355706178579253,-0.10000000000000009,0.0
2018-06-28,0.0163694235522325,0.16390585784020784,-0.05918478363893155,-0.2093455423553423,-0.06000000000000005,0.16905893935893312
2018-06-29,-0.006956908195847986,0.16041026173398165,-0.045103870129143915,-0.19519150786559192,-0.04999999999999982,0.2902711066623206
2018-07-02,0.008445143299297093,0.15605203430967568,-0.03045368343513367,-0.14002809272197236,0.0,0.3684209965943025
2018-07-03,-0.013989390205812082,0.1617648243238419,0.03461532019064194,-0.19250473493555717,-0.04999999999999982,0.282296746053849
2018-07-05,0.006501700293946004,0.16389695221702216,-0.07249065470039735,-0.18714609642874896,0.009999999999999787,0.4688994916930702
2018-07-06,0.0032780696309852126,0.13817754742459784,-0.10688045109749947,-0.057778688265104676,-0.020000000000000018,0.7655986050945827
2018-07-09,0.030943833150304984,0.17950156616151744,-0.050860157890520896,-0.1281451026771302,0.009999999999999787,0.8802698142313289
2018-07-10,-0.006152190919860053,0.1796561471688702,-0.003940050332061291,-0.09304815794273057,0.0,0.8887013883438811
2018-07-11,-0.0021570323460592344,0.17963822544412794,0.07832276457501398,-0.09832043977142402,0.020000000000000018,0.721753712092654
2018-07-12,0.0043234795013690945,0.18010574734828044,-0.07703596345699171,-0.14141221169370255,0.010000000000000231,0.8988195024296983
2018-07-13,-0.004585706526672477,0.1804827531781957,-0.031796472254066115,-0.12473575021735021,0.010000000000000231,0.9662730602619211
2018-07-16,0.0396766089436903,0.219886761712784,0.05336614139936121,-0.28637517651170646,-0.009999999999999787,0.8566609885790671
2018-07-17,-0.0007233852612546555,0.21981974428966836,-0.060015550168992876,-0.2896877958576398,-0.010000000000000231,1.0
2018-07-18,0.009321239069185427,0.22147708292354365,0.003316746306904246,-0.3140481782701188,0.029999999999999805,0.9931623990144386
2018-07-19,-0.01470456970924607,0.22738826971168036,0.06363632064578724,-0.27422340761484837,-0.010000000000000231,0.8615385392870656
2018-07-20,0.012648611675033618,0.23060901584150945,-0.0007770185680465156,-0.30315175627504487,0.06000000000000005,0.8632479802887726
2018-07-23,0.01860195645496801,0.23744503249215282,-0.0186625021403908,-0.3321496887792911,0.10999999999999988,0.9042735862021408
2018-07-24,0.007057912100973478,0.22715135665006128,-0.01664025673940562,-0.3639488370868789,0.0900000000000003,0.9401710321316546
2018-07-25,0.009023188757048835,0.22262773715519005,-0.009669612170390633,-0.3206224748555442,0.06000000000000005,0.9606838350883388
2018-07-26,-0.002865070066051529,0.22380015178518586,-0.012205013750680047,-0.28235918989063813,0.14000000000000012,0.9863247980288773
2018-07-27,0.010274247398871415,0.21205761173938384,0.0733113150312187,-0.13645198896534003,0.06999999999999984,0.7974949225303867
2018-07-30,0.00603282582856773,0.20863562177062125,0.09439758412260314,-0.2662621783424626,0.020000000000000018,0.4607842243528746
2018-07-31,-0.015248854033292732,0.21666074416075284,-0.10028052470009752,-0.15622529545829825,0.009999999999999787,0.8112745837081998
2018-08-01,0.006176771058452505,0.216352957245822,0.0249415196201953,-0.21021106751960106,0.06000000000000005,0.732843266157713
2018-08-02,0.0042363232068931425,0.20520079784815468,-0.07300380730005437,0.025601232417141667,0.0,0.9553267465349832
2018-08-03,0.008093087897582351,0.2053440169780141,-0.04511888892478967,0.00539170108889629,-0.009999999999999787,1.0
2018-08-06,0.00025603556060249167,0.20608997808453206,-0.031786930811503904,0.060624391863568196,-0.040000000000000036,1.0
2018-08-07,0.0036715750793996833,0.18457143561823192,-0.030168601488713472,0.050284487347207356,0.020000000000000018,1.0
2018-08-08,0.002041720988349753,0.18079804755743695,-0.0073192974814622475,0.07879382659313748,-0.040000000000000036,1.0
2018-08-09,-0.007725650970670682,0.18449571307404847,0.038709683090080466,0.19617909200259687,-0.04999999999999982,0.8768328166898047
2018-08-10,-0.009839064019824628,0.1911203647718863,0.16770180238515037,0.12557031192911253,-0.08000000000000007,0.3225807714638258
2018-08-13,-0.01589911328512476,0.20118560932272808,0.12310029668257573,-0.09268697534845234,-0.06000000000000005,0.0
2018-08-14,0.006673058430864346,0.15272313374508828,-0.09945868334998823,-0.17245391094952114,-0.08999999999999986,0.3740456885299168
2018-08-15,-0.008286381334798485,0.15647792528425603,0.09992485963755934,-0.25377761591970255,-0.10000000000000009,0.035623260241748
2018-08-16,0.009411214156029761,0.1565355663898638,-0.0812841875786138,-0.2025431697494048,-0.06000000000000005,0.33842242828816893
2018-08-17,0.0,0.14534919766163804,-0.060223009474275856,-0.20103622624092057,0.0,0.5445291966348152
2018-08-20,-0.0013072121116043905,0.14056204261348113,-0.011867133554614943,-0.21748329711015976,-0.06000000000000005,0.5826972874634515
2018-08-21,0.006107122422943808,0.12739479566374265,0.029623690339424073,-0.2315434177319867,-0.040000000000000036,0.4885497183505654
2018-08-22,-0.0030349026132851353,0.12598931599371074,-0.047433878146374474,-0.21699589386067283,-0.040000000000000036,0.6437659415909571
2018-08-23,-0.002087620865949918,0.12219722041866164,0.013061212033641582,-0.20267596652895428,-0.050000000000000266,0.6030535055059534
2018-08-24,-0.000435834306605716,0.12180830188712553,-0.033843681019990426,-0.20944823619993935,-0.050000000000000266,0.7099237715617184
2018-08-27,0.017701397733318285,0.13202318861868662,0.01417848870218047,-0.2589937009065526,0.03000000000000025,0.6666667475550868
2018-08-28,-0.004883846279762449,0.13147700961242023,0.02796053921499427,-0.33397497149630756,0.029999999999999805,0.5801526995418238
2018-08-29,-0.0032720129218428025,0.12028357881495776,-0.02,-0.3282043998001372,0.07000000000000028,0.6437659415909571
2018-08-30,-0.004923926446191981,0.11966688830747335,0.10448977412009726,-0.3825578046942695,0.040000000000000036,0.31806621024566706
2018-08-31,-0.005295467793346297,0.11980306917629079,-0.04951959272114584,-0.3829654925840252,0.040000000000000036,0.4885497183505654
2018-09-04,0.004974634486126687,0.1174082406062254,0.02332816475458422,-0.32114612160175926,0.04999999999999982,0.4122137793585532
2018-09-05,-0.004863144602966696,0.11818164670930958,0.05699088211976584,-0.3436016415751299,0.020000000000000018,0.221374053211153
2018-09-06,-0.004276046560347849,0.11741655147578255,0.053199121440381435,-0.3241999850266878,-0.010000000000000231,0.033078914985380625
2018-09-07,0.0019278767521629305,0.11737526427452075,0.01569969296243018,-0.241647757218731,0.08000000000000007,0.0
2018-09-10,-0.005335767631661271,0.11603595055798904,-0.04838711434753648,-0.37949842640026565,0.08000000000000007,0.2491350108979552
2018-09-11,0.006332010572194734,0.11452394640902444,-0.06638415187236713,-0.3911032695543349,0.08000000000000007,0.5743943426330318
2018-09-12,-0.01179762950410749,0.10829282772275711,-0.006051431323006671,-0.2342993002174646,0.07000000000000028,0.6020759738449075
2018-09-13,0.003891120073112041,0.10644302730742933,-0.058599728892317474,-0.2717899269682737,0.0900000000000003,0.8685120867480535
2018-09-14,-0.00017614178336164212,0.10255675815216107,-0.02425223876397023,-0.18078779693028735,0.050000000000000266,0.9723183687881243
2018-09-17,0.0029956061213579255,0.09736487170418022,0.13338862063451026,-0.20915551618432737,0.050000000000000266,0.41522479816920954
2018-09-18,0.004040788999073129,0.09855699232772622,-0.06505850317752006,-0.21542207039591593,0.06999999999999984,0.7231833578901691
2018-09-19,0.02904622001149841,0.14108514085426224,-0.08131352345229806,-0.37655813163322593,0.10999999999999988,1.0
2018-09-20,0.008587067865637767,0.14241214313341463,0.004255335381690492,-0.4061889375265072,0.09999999999999964,0.9840254987518445
2018-09-21,-0.006575062236873433,0.14431231597697322,-0.010169481662661638,-0.3489139425641776,0.07999999999999963,1.0
2018-09-24,-0.009588730755442797,0.14874832814830444,0.04452050432386779,-0.30330796094907303,0.08999999999999986,0.8375001452863303
2018-09-25,-0.0028271065615450472,0.14924077191456192,0.018032809054778193,-0.3038783965260013,0.050000000000000266,0.768750057742003
2018-09-26,-0.011770756897025876,0.14178828568858665,0.03784221128354887,-0.24000843736697564,-0.020000000000000018,0.6218749655410627
2018-09-27,-0.004347024008042522,0.141598698251078,-0.037238206604028,-0.23914257051619975,-0.009999999999999787,0.7718751294538456
2018-09-28,-0.014669939402830517,0.14955829024090053,-0.02336824862358897,-0.17010091206875222,-0.020000000000000018,0.8625001229345872
2018-10-01,0.005849051895348074,0.15080552735504998,-0.009900980750178165,-0.18667928699363484,0.009999999999999787,0.9000000894069725
2018-10-02,0.00414093825180433,0.15069426886964007,0.0041666825612386065,-0.2031784059553859,-0.050000000000000266,0.8843750288710015
2018-10-03,0.009388248941082986,0.15336017503541766,-0.03651456656373579,-0.261446728464486,0.08999999999999986,1.0
2018-10-04,0.009016266036220336,0.15534005946483667,0.22480626076939422,-0.15875172430770595,0.1299999999999999,0.20183478746772965
2018-10-05,-0.005639047078720571,0.15595625668866797,0.04219405179524492,-0.17355531421210293,0.18000000000000016,0.018348749607739467
2018-10-08,0.006107037899744759,0.15707433126293022,0.05870444692808755,-0.09891862031063842,-3.09,0.0
2018-10-09,-0.006937025068062317,0.15795710542022048,0.016571079403144524,-0.14784090494977423,0.16000000000000014,0.0
2018-10-10,-0.026632757196259883,0.18255534073374868,0.4394983924159991,-0.5114456384628975,0.07000000000000028,0.0
2018-10-11,-0.029963284528308515,0.20566191915902615,0.08797911752225435,-0.676985355996972,-0.04999999999999982,0.0
2018-10-12,-0.010912977511335758,0.20696483600854715,-0.1469175397737173,-0.6692171183554251,-0.08000000000000007,0.27449514642538686
2018-10-15,-0.005703410839869877,0.20709463674718434,-0.00046927400903121994,-0.6439393749865328,3.16,0.27524310670716945
2018-10-16,0.02144059492024299,0.22273631211475411,-0.1727698840206624,-0.5331109713616038,-0.04999999999999982,0.5504860707555019
2018-10-17,0.011139476582508127,0.22641176517020703,-0.012485880262460685,-0.4887956969696432,-0.03000000000000025,0.5669409116370452
2018-10-18,-0.01584254953888183,0.20229534954569875,0.15287355780050252,-0.4914388838727424,0.029999999999999805,0.367988041765657
2018-10-19,-0.0016651824009287462,0.19757116896853932,-0.008474580300092696,-0.4471346379782013,0.050000000000000266,0.3807030812382872
2018-10-22,-0.014363806850300755,0.2006218716215899,-0.012569130601889819,-0.4880584667651149,0.040000000000000036,0.3994016603063413
2018-10-23,-0.010436075947630272,0.20091575736867315,0.054480637885771954,-0.5328877940247563,0.009999999999999787,0.3193717647204839
2018-10-24,-0.018622415707752166,0.2066221435282367,0.21825208390050327,-0.5764176629107401,-0.08999999999999986,0.0
2018-10-25,0.015199792901215156,0.21678423683967274,-0.0400317180819224,-0.4583273551293433,-0.029999999999999805,0.07415567087872832
2018-10-26,-0.013732427277880281,0.21940979602777674,-0.0024772695145907843,-0.4973542306590044,-0.1200000000000001,0.07856091804807652
2018-10-29,0.013826768063633412,0.2247785958538843,0.022351031412990087,-0.46632222941037327,-0.1200000000000001,0.03891327340309436
2018-10-30,0.01764437496593347,0.23418857857804123,-0.05465588420123871,-0.3556160449606909,-0.04999999999999982,0.13803224497526712
2018-10-31,0.021743189452906125,0.24801034150382475,-0.09079232567875267,-0.2997403466183754,0.04999999999999982,0.29368575870849245
2018-11-01,-0.00036677832952377286,0.24481442822575336,-0.08902493784271408,-0.25727543617920096,0.0,0.5349681904985795
2018-11-02,-0.005505680627326899,0.24163248130242151,0.008790076264358125,-0.20619388768940067,0.14000000000000012,0.5494716039574645
2018-11-05,0.006550996392564962,0.2435230448345721,0.023065035895010383,-0.2547981185782783,0.1200000000000001,0.5524109516600081
2018-11-06,0.0046751274485536615,0.24295451337311058,-0.0025049719115188955,-0.2334243598218025,0.10000000000000009,0.5732758456794596
2018-11-07,0.01715328106604311,0.2513577667521552,-0.17830232366988058,-0.3715662658837548,0.07000000000000028,1.0
2018-11-08,0.008073065938272957,0.23528088214939932,0.02200480987605499,-0.35750933433331944,0.10000000000000009,0.9594138955632958
2018-11-09,-0.009699086935802665,0.21150062904582095,0.038277591105275496,-0.16957158192241137,-0.03000000000000025,0.8872604148344004
2018-11-12,-0.021026195352183443,0.22161308712625738,0.17799539423664307,-0.14806835140654118,-3.2,0.5388950794700021
2018-11-13,0.005873951661833496,0.22084440008933198,-0.021026909004084243,-0.14286189494954246,-0.08000000000000007,0.587373135496601
2018-11-14,-0.020622197800139675,0.2211225896475788,0.06143853716843146,-0.08698353350717357,-0.10000000000000009,0.4487034973509999
2018-11-15,0.025528737505594444,0.23577913467796724,-0.05976472742417279,-0.05748395927411311,-0.13000000000000034,0.5918828221193979
2018-11-16,-0.0007267301369410717,0.2285155575412046,-0.09209210183905452,-0.06622000397686321,-0.10999999999999988,0.7993236760267967
2018-11-19,0.007636986307232885,0.22945518085658198,0.10804856988803212,-0.07297124510674056,3.06,0.5783539772847007
2018-11-20,-0.021474257658980297,0.23680353907943127,0.11840791619888388,-0.14529319829725845,-0.08000000000000007,0.31003385920539894
2018-11-21,-0.007468924336684997,0.2352105240647324,-0.07473311118264611,-0.14735481840873935,-0.06000000000000005,0.4994363966889972
2018-11-23,-0.009197097990068424,0.2273498165832084,0.034615444572721796,-0.0427956693218763,-0.06000000000000005,0.3812949936444583
2018-11-26,0.024472607811039365,0.2364154671784573,-0.12174724830399308,-0.17316799971925564,-0.010000000000000231,0.6954437695794822
2018-11-27,0.004210106703373652,0.22937472671574494,0.006349250881240499,-0.08700531388145352,0.0,0.6810551800065956
2018-11-28,0.01111910009232379,0.2279396435648652,-0.0278654402675984,-0.22855234697772442,0.0,0.6952790800412467
2018-11-29,-0.007932274010772013,0.22412605348622977,0.016225048573434212,-0.37131852388448316,-0.03000000000000025,0.60294105730711
2018-11-30,0.010267192521665086,0.21442840748039305,-0.038318317489178154,-0.5092196322539494,-0.040000000000000036,0.7205883361247531
2018-12-03,0.009443184790512123,0.21631020350013744,-0.0902047143494685,-0.5175490288093649,-0.08999999999999986,0.986928114760076
2018-12-04,-0.04463643850678816,0.26845113407276483,0.26155712271131226,-0.5214756282783493,-0.1499999999999999,0.28431373771209123
2018-12-06,-0.019024272544529926,0.27468948293527373,0.021697240496892832,-0.5597113519099938,-0.18999999999999995,0.2107841884510644
2018-12-07,-0.018062615479753567,0.2794091761233397,0.09627177710070954,-0.5889399608132031,-0.17999999999999972,0.0
2018-12-10,-0.018685469632044163,0.2749152787067693,-0.02539819906217234,-0.5718666806182486,-0.1599999999999997,0.08689252411925563
2018-12-11,-0.009766832729265266,0.27166181752727836,-0.038869221929792044,-0.5567858148386023,-0.08999999999999986,0.21649477585841237
2018-12-12,0.0064756038498479385,0.274074490769911,-0.013786817153199802,-0.577875847236319,0.0,0.260677572357767
2018-12-13,0.0009900735411304117,0.2678444212310165,-0.03774461791699033,-0.5821062130282063,0.040000000000000036,0.37997058918541593
2018-12-14,-0.008208001970926047,0.2661319477803045,0.047457605827601355,-0.5832003716755642,0.040000000000000036,0.23564073861314105
2018-12-17,-0.012763080345483381,0.2613255627883349,0.13361079099064765,-0.5635589797459132,0.009999999999999787,0.0
2018-12-18,-0.004746851994033486,0.2387189777682309,0.04322999372566322,-0.5125720587887471,-0.07000000000000028,0.0
2018-12-19,-0.01268504497948807,0.2395221260725028,0.0,-0.5079558420130215,-0.14000000000000012,0.0
2018-12-20,-0.008634574238864275,0.23467574260967725,0.10946048652899606,-0.4364752635832609,-0.1200000000000001,0.0
2018-12-21,-0.02363883583133617,0.23652956345777093,0.06095847430385301,-0.49201610116586336,-0.10000000000000009,0.0
2018-12-24,-0.02155677918263604,0.24215384130852305,0.19794084900893888,-0.5020665169828841,-0.11999999999999966,0.0
2018-12-26,0.04145897938638601,0.29489704667348293,-0.15691710272524007,-0.19127776154917864,-0.009999999999999787,0.2883341869277529
2018-12-27,0.0112543268891139,0.2815896001036669,-0.014797789056146548,-0.06064386222547419,0.0,0.3112583225455905
2018-12-28,-0.0021638173300403568,0.2796845504822608,-0.054072062129146094,-0.02566510123213099,-0.06999999999999984,0.3937850164398301
2018-12-31,0.008158407184882312,0.27761013995630573,-0.10303458223613676,0.040413134013157666,-0.10000000000000009,0.5425369370272741
2019-01-02,0.01731185214133576,0.28885744297576654,-0.08654605650419013,0.015413972639218813,-0.08000000000000007,0.6546103377911658
2019-01-03,-0.014211475969967058,0.2852741085375149,0.09603796363173976,0.07702006241813218,-0.25,0.5410086289310889
2019-01-04,0.03686532282270513,0.31780633578000667,-0.1599214726979352,0.05859312366406558,-0.10000000000000009,0.9526589144860902
2019-01-07,0.0006951846659051017,0.2826773083774613,0.0009354751425984031,-0.06938817536212201,-0.020000000000000018,0.9513618679449284
2019-01-08,-0.0018857513664861617,0.27615647903296625,-0.043457958960452195,-0.11782603254900163,0.040000000000000036,1.0
2019-01-09,-0.0016903998696935066,0.26961225537823946,-0.02393745908914083,-0.13647640977814562,0.08000000000000007,1.0
2019-01-10,-9.925345956909859e-05,0.2616735764525977,-0.024024001663345514,-0.1658058363235987,0.18000000000000016,1.0
2019-01-11,-0.004781384417129927,0.25987947876370554,-0.06717945979191707,-0.15811874503855677,0.040000000000000036,1.0
2019-01-14,0.010309043211907653,0.261363696264826,0.048378182239134954,-0.17663760741504816,0.009999999999999787,0.9507830423897586
2019-01-15,0.007331184569760612,0.26244195991051644,-0.02464600528976697,-0.19609847811409825,-0.009999999999999787,0.977069358688128
2019-01-16,0.008064616867781507,0.2614743583378439,0.023655942206107065,-0.23128104551026843,-0.010000000000000231,0.9524608265455152
2019-01-17,0.00409726951355585,0.2563160168889176,-0.05147066189402114,-0.23208253266283113,0.009999999999999787,1.0
2019-01-18,0.016226195050091277,0.25927383898419243,-0.014396469356056481,-0.26163666931960766,0.08000000000000007,1.0
2019-01-22,-0.015775662172414138,0.2618906092932131,0.16853933306659025,-0.2094475484821333,0.03000000000000025,0.8357963916347262
2019-01-23,-0.0025258963116887643,0.2592521904325813,-0.06153840510802654,-0.16484389882022166,0.03999999999999959,0.905856531055957
2019-01-24,0.0005841163466624099,0.24018393734695548,-0.03227464412607965,-0.04077592952702279,-0.009999999999999787,0.9403393472754564
2019-01-25,0.006326717667167509,0.22046109651754878,-0.07781891799107413,0.2786919912111755,0.009999999999999787,1.0
2019-01-28,0.004739392575123261,0.17875066391388997,0.08323770129672334,-0.024231959710245825,-0.040000000000000036,0.8843699459630141
2019-01-29,0.0027918146687461055,0.17695534492361847,0.013778394804976895,-0.13079224876006754,-0.020000000000000018,0.8434066783401526
2019-01-30,0.0023040317821724837,0.1757220155255955,-0.076842622992336,-0.05906981970299511,-0.05999999999999961,0.9701121107601769
2019-01-31,-0.008715945302279817,0.18039892431426827,-0.061721413477113865,-0.033976533379656365,-0.0900000000000003,1.0
2019-02-01,0.0036715687088393406,0.17302651888527062,-0.02595053187056458,-0.16775464308519436,-0.05999999999999961,1.0
2019-02-04,0.003562029342598805,0.1618801164839579,-0.025402717652831336,0.11197953253725809,-0.020000000000000018,1.0
2019-02-05,-0.004412544760386412,0.10897339889111543,-0.01017163713085285,-0.17073586069453853,-0.010000000000000231,1.0
2019-02-06,-0.00048167779723605307,0.10915459027361374,-0.012202927688332612,-0.13483411981998614,0.0,1.0
2019-02-07,-0.013109786426488931,0.11982928706896376,0.06436935743992146,0.01020211728331154,0.020000000000000018,0.8173430101379819
2019-02-08,-0.009963088825728775,0.1253615627541534,-0.039706813615229423,0.12405362016606483,-0.07000000000000028,0.9372693343862463
2019-02-11,-0.004735076653602744,0.12665476975536208,0.015903307617898137,0.16220983432865393,-0.08000000000000007,0.8911438656649213
2019-02-12,0.01704970210583471,0.13778923537936558,-0.03381339717118824,0.03154906685909608,-0.029999999999999805,0.9907748710647951
2019-02-13,0.004775883821143983,0.1345263337216616,0.014257894297040063,-0.04502947403167483,0.009999999999999787,0.9501845852774128
2019-02-14,-0.006499378028493008,0.1349055109008996,0.03642170662734807,-0.04852330311336847,0.010000000000000231,0.845018572898296
2019-02-15,0.03056058220706704,0.16920067714462855,-0.08076445877921921,-0.2648773907869228,0.03000000000000025,1.0
2019-02-19,-0.003505493736378695,0.16975125502369404,-0.0020120545458220365,-0.23782913220192725,0.0,1.0
2019-02-20,0.004848841745004094,0.16133450734481503,-0.057795675407463436,-0.30999251711160103,-0.03000000000000025,1.0
2019-02-21,-0.0020813526653888476,0.15048682982709377,0.031383706563265334,-0.11944919695051275,-0.020000000000000018,0.9200000762939453
2019-02-22,-0.004456428136587525,0.1512356967469803,-0.06569846519771363,-0.029198924208993723,-0.010000000000000231,1.0
2019-02-25,0.010475950915421589,0.15464796551068122,0.09918579791902761,-0.06159757974939569,0.009999999999999787,0.7615657638321831
2019-02-26,-0.007634295335527412,0.15679400326441953,0.021548800444714057,-0.06810129333577015,-0.009999999999999787,0.7046263055328732
2019-02-27,-0.001234361261067318,0.15632227159900383,-0.030982219160517657,-0.12122703370899253,0.040000000000000036,0.788256262179713
2019-02-28,-0.007607595463950889,0.15864315842780563,0.005442171751297045,-0.1718023508011528,0.040000000000000036,0.6939759949811448
2019-03-01,0.0006709163104166983,0.1584624408044331,-0.08186739242272835,-0.22139768132553153,0.10999999999999988,0.980392327969278
2019-03-04,-0.0022982950726839506,0.15551823079827734,0.07811351830914172,-0.15258945311913064,0.050000000000000266,0.6083917319788938
2019-03-05,-0.0007679228918289132,0.1550875207415752,0.00751877346662958,-0.17991569225280238,0.08000000000000007,0.5699303217683118
2019-03-06,-0.00374604137734547,0.15512807921238636,0.06784260620949391,-0.21194002856987232,0.0,0.22028004673670054
2019-03-07,-0.007231034180336622,0.15639504992758804,0.05400256631702243,-0.24556094232540152,-0.08999999999999986,0.0
2019-03-08,0.0003885560625448282,0.15641360160609144,-0.032549783638374984,-0.23499897461082134,-0.13999999999999968,0.1753249769167461
2019-03-11,0.013008217797006633,0.15560743779680622,-0.10716507134672605,-0.1992259938227219,-0.08000000000000007,0.7337663262544688
2019-03-12,-0.002970680638674857,0.15125093694792005,-0.03907881848735939,-0.11935944443580088,-0.11000000000000032,0.915584339181091
2019-03-13,0.0033641816139220763,0.1497833985544024,-0.02614383430529157,-0.09345749162437716,-0.08000000000000007,1.0
2019-03-14,0.009100350150418494,0.14181972927102593,0.006711420851004637,-0.21451787157337684,-0.010000000000000231,0.9716980679399917
2019-03-15,0.011486806556599177,0.14574711310349342,-0.045925917448820894,-0.31323809277037806,-0.03000000000000025,1.0
2019-03-18,0.006006610883230724,0.14339601396217494,0.01708076592189985,-0.2774448793857222,-0.040000000000000036,0.9407007372596439
2019-03-19,-0.0036382278710193894,0.10081156333050671,0.035114505706248224,-0.4680479952248253,0.0,0.8167115099234824
2019-03-20,-0.02134863138004749,0.1257795871865053,0.02581116644281812,-0.30001073457652955,-0.06999999999999984,0.7223720424850336
2019-03-21,-0.01578622730076422,0.13516100922704213,-0.02012938433089085,-0.2028125063144371,-0.08999999999999986,0.7978436678468065
2019-03-22,-0.030232603955557335,0.16842361081151744,0.20909753513324258,-0.40305113485495997,-0.1499999999999999,0.02964975989771268
2019-03-25,-0.008319722082393606,0.16949052371711237,-0.00910191885296124,-0.4310276007462057,-0.16999999999999993,0.07008092350632367
2019-03-26,0.010006836681847335,0.16903552284062354,-0.10104100589339195,-0.4422343119248673,-0.19999999999999973,0.5148247514213218
2019-03-27,-0.0034026992971867374,0.16814365394665864,0.032016301334052616,-0.43393252162252205,-0.1499999999999999,0.38814030168497027
2019-03-28,0.011347762907113128,0.1749407834240684,-0.04752470834876103,-0.4239044623728347,-0.1499999999999999,0.5822101954723862
2019-03-29,0.005163561305849362,0.17537482324337036,-0.04989606734592774,-0.43357580322366496,-0.029999999999999805,0.7762803463148714
2019-04-01,0.03368536035641237,0.21342611656656232,-0.02261126322057972,-0.4684546074259322,0.06000000000000005,0.8598384100424218
2019-04-02,0.004778454604279626,0.21379756851708046,-0.002985071865055365,-0.47157774059964547,0.06999999999999984,0.8706200708083893
2019-04-03,0.0019970173539404583,0.21380245783473284,0.028443123069318062,-0.4704521553834813,0.1299999999999999,0.768194165004163
2019-04-04,0.009660760809735866,0.21536727711419573,-0.011644821694133736,-0.4786125165489589,0.11999999999999966,0.8113208080680332
2019-04-05,-0.002368198705322661,0.21359489938494605,-0.0559646710715465,-0.43283669488349175,0.08999999999999986,1.0
2019-04-08,0.0032284907731946286,0.2136318444517035,0.028081171522718874,-0.46469787537274254,0.029999999999999805,0.9016391733988433
2019-04-09,-0.0073830432571117465,0.2116472282698924,0.08345974220982687,-0.49717218690361636,0.029999999999999805,0.6010928691214835
2019-04-10,0.004481652745223314,0.2115999601268128,-0.0686274202074108,-0.503597111026295,-0.040000000000000036,0.8688523180540457
2019-04-11,0.008449248374995645,0.2130322449326909,-0.021052611199678533,-0.5133923354169208,0.0,0.94535498052524
2019-04-12,0.046879136115938365,0.2644867256167146,-0.07757297952163933,-0.6045390442145244,0.06000000000000005,1.0
2019-04-15,-0.011419682477771819,0.2672026938866143,0.025811778520777314,-0.5045577907950731,0.029999999999999805,0.9306488783977587
2019-04-16,0.010551077229113706,0.26852395201062557,-0.011363587103598138,-0.509901448797068,0.0900000000000003,0.9619686571794193
2019-04-17,0.028803008464936573,0.2827655956077085,0.034482764020578066,-0.5452496724895407,0.10999999999999988,0.868008894134454
2019-04-18,-0.007349274316632553,0.2710229019027749,-0.040476207415983186,-0.4895881995513826,0.06000000000000005,0.9821029225961964
2019-04-22,0.001234151894298174,0.26127382333324545,0.02729527870480775,-0.48546425661086523,0.029999999999999805,0.9082774249680081
2019-04-23,0.0012323042890863155,0.22809450357965216,-0.011272169280415108,-0.2789249673286646,0.020000000000000018,0.9375001103789796
2019-04-24,-0.0016705757590746342,0.2236884361704643,0.07003262451565886,-0.16824336035515497,-0.07000000000000028,0.6401272821370084
2019-04-25,0.0005284330271131689,0.22451435441331696,0.008371358736922995,-0.20267491099310928,-0.04999999999999982,0.6050955375322549
2019-04-26,0.007570043213336173,0.22155791436766628,-0.039245317567069574,-0.1376578251629971,-0.06000000000000005,0.7024796319605415
2019-04-29,0.014413814668814797,0.22254845800729703,0.029850756331933213,-0.18414236521586494,-0.04999999999999982,0.5154186484121319
2019-04-30,-0.0006025413372171402,0.22412375115784508,0.0007627939850282585,-0.18813635018785108,-0.06000000000000005,0.5110132602771034
2019-05-01,-0.007669084035430889,0.20719354043978275,0.12804880486507653,-0.36485459506084844,-0.009999999999999787,0.0
2019-05-02,0.0021706995083390964,0.20742807670836155,-0.025675683077275004,-0.3546539538788844,0.009999999999999787,0.13620075972636725
2019-05-03,0.00615186414260587,0.207196578247794,-0.10748961043925498,-0.3524719939887372,0.03000000000000025,0.6917563912416465
2019-05-06,-0.008870104491315511,0.21193570871915662,0.19968917775266756,-0.42576939194199154,-0.03000000000000025,0.0
2019-05-07,-0.016335049222180587,0.22264792537435577,0.25129535102905726,-0.5012799766161203,-0.05999999999999961,0.0
2019-05-08,-0.005299791700625258,0.22474960212002953,0.004140782865927606,-0.4737094536352483,-0.029999999999999805,0.0
2019-05-09,-0.0007991837954826938,0.22200725236183855,-0.015463878503069505,-0.4431084879057122,-0.09999999999999964,0.04059529930148187
2019-05-10,-8.871363255884218e-05,0.22230398356562636,-0.16020939292289788,-0.4447464147508454,-0.06999999999999984,0.45466833295134734
2019-05-13,-0.02719771278106161,0.24491057945260816,0.2811719491342017,-0.5581831846721265,-0.10999999999999988,0.0
2019-05-14,0.00794871484372916,0.1835301368980066,-0.12116787657235609,-0.5123784603026132,-0.03000000000000025,0.29432624593166545
2019-05-15,-0.0038071653446129024,0.1795806202540149,-0.0897009401877207,-0.5833881515865373,-0.1200000000000001,0.485815502101691
2019-05-16,0.012830019946020677,0.18142480993157845,-0.06995137073275715,-0.5393817302716666,-0.050000000000000266,0.6217493905952822
2019-05-17,-0.004851188233447561,0.14902276317778756,0.043819494961774126,-0.5277216839439098,-0.08000000000000007,0.5425531555125087
2019-05-20,0.005235799666214111,0.1491228704106036,0.02192978865656987,-0.5740379438795026,0.010000000000000231,0.512696496417148
2019-05-21,0.0034127829242491373,0.14969661585639452,-0.08338440841258887,-0.5838642407858614,0.010000000000000231,0.6771462833856663
2019-05-22,-0.00814470404273763,0.15164562969048642,-0.013377913833897744,-0.5722167472326921,0.020000000000000018,0.7416879109214494
2019-05-23,-0.019671456311848873,0.16462372391487465,0.1471186492402675,-0.5835131981354654,-0.08999999999999986,0.4641942841978842
2019-05-24,0.009849031174095527,0.16955632490737937,-0.06323875236403574,-0.5742251525422424,-0.07000000000000028,0.6010228950138685
2019-05-28,-0.010846831609854012,0.16899779797535294,0.1041009197993012,-0.5609122363908696,-0.15000000000000036,0.39713535085966667
2019-05-29,-0.0027645465375867387,0.15743663558578988,0.02285712105887277,-0.4932458678814457,-0.18000000000000016,0.3450520627989623
2019-05-30,-0.01071868842732105,0.15914169734190384,-0.03351957509812457,-0.5111046451903518,-0.16999999999999993,0.4231771190663727
2019-05-31,-0.010274616555600649,0.16019561074639976,0.08150288494762288,-0.5583057041801684,-0.16999999999999993,0.23958337343194758
2019-06-03,0.004718517232375865,0.1616503072407679,0.008017185099885539,-0.48103684483366993,-0.25,0.22005192310056432
2019-06-04,0.030809877011398486,0.1990043865240599,-0.10021215460405224,-0.3672883136854201,-0.13999999999999968,0.6172414473489495
2019-06-05,0.0035538124980891437,0.1987357040763864,-0.05185616949754905,-0.41993004174760107,-0.1299999999999999,0.7689654605425421
2019-06-06,0.0021791199025106207,0.19217402241094894,-0.00994405505871765,-0.37657574911596986,-0.10000000000000009,0.796551644759559
2019-06-07,-0.010962853956340888,0.19470343463043402,0.02322654895144918,-0.3475033179633262,-0.050000000000000266,0.7327587170776784
2019-06-10,0.01080961294110505,0.19926115474041498,-0.022085869541559958,-0.3897154375732759,0.08000000000000007,0.7948276315659664
2019-06-11,0.0030814003252589233,0.1997170976830788,0.0031367749091032885,-0.39564917833039676,0.029999999999999805,0.7862069078914916
2019-06-12,-0.012739517559575675,0.18095018575761296,-0.005003122254607786,-0.10766572490483439,0.009999999999999787,0.7177616362171574
2019-06-13,0.0024710908746998395,0.17889520054048047,-0.005656829255251682,-0.17115169655518508,-0.020000000000000018,0.7396594803102249
2019-06-14,0.0025562959194284497,0.17867127634860205,-0.034134005832484146,-0.17892841836609955,0.0,0.8710463128311176
2019-06-17,-0.005463725459168065,0.1733100931810667,0.004581194353523954,-0.1027931611338025,-0.06000000000000005,0.8540145274045583
2019-06-18,0.01364215416386912,0.17964902030706886,-0.013029365340009426,-0.17068784421976863,-0.08999999999999986,0.9026765062947136
2019-06-19,-0.007226014590163482,0.18028879175139848,-0.05412539376048963,-0.10892173814998826,-0.10000000000000009,1.0
2019-06-20,0.0025477748901365366,0.18007348411075735,0.02930914714096691,-0.10622162963652051,-0.0900000000000003,0.9072847654235219
2019-06-21,-0.0068067447704544684,0.1794256127968255,0.04406777074781515,-0.13162032882620572,-0.020000000000000018,0.7637970126630246
2019-06-24,-0.0071271097789677934,0.1674300734660472,-0.00909086968287851,-0.06345951071791128,-0.06999999999999984,0.7947019505057842
2019-06-25,-0.008282356890937993,0.16584839617526892,0.06684144446034596,-0.050662170470905696,-0.06000000000000005,0.5695363206703088
2019-06-26,0.0066814798046138275,0.16357164219025902,-0.004299852531964197,0.0023192366219366156,0.020000000000000018,0.584989210639888
2019-06-27,0.003318182490040625,0.16361819774931585,-0.02405918640809874,0.020783190694240603,0.0,0.6710817780865465
2019-06-28,0.027195972183239638,0.18295380281479828,-0.046776219051399066,-0.01774025723631197,-0.06999999999999984,0.8344371111883033
2019-07-01,0.016815831408774067,0.18388033233158388,-0.06763922475131424,0.03187838533161181,0.009999999999999787,1.0
2019-07-02,0.0010554943306518212,0.18399162541114986,-0.08036984926859084,0.04259640565584856,-0.020000000000000018,1.0
2019-07-03,-0.0015929743956995962,0.15473439974415729,-0.027842273925349947,-0.12482381189413351,-0.08999999999999986,1.0
2019-07-05,0.005938706538116101,0.15531381191427068,0.05648369573464031,-0.16134856712287987,0.03000000000000025,0.8096514409432632
2019-07-08,-0.005462906430677586,0.15733039284786332,0.05120484328681849,-0.12379365619341762,0.04999999999999982,0.6273457067264473
2019-07-09,0.00425238897226187,0.15090232633051107,0.009312329089232149,-0.06092462431644587,0.040000000000000036,0.5902964820994607
2019-07-10,-0.002910935144004494,0.14847526535549788,-0.07523068900904238,-0.06400206510952952,0.08999999999999986,0.8760108045358898
2019-07-11,0.009555501359272633,0.15100470295760432,-0.007674553326533921,-0.13201003997105815,0.16999999999999993,0.9029648209946075
2019-07-12,0.01051709854263789,0.1440641234350625,-0.04176333713131232,-0.11921734193057283,0.08000000000000007,1.0
2019-07-15,-0.01214212736067432,0.15325980038106096,0.02340596883109166,-0.005097678747544424,0.040000000000000036,0.9254498878513425
2019-07-16,0.01071130675372923,0.15604935910075565,0.014195532111146075,-0.05194707920602936,0.06000000000000005,0.8791775650711051
2019-07-17,-0.009815931301911598,0.1595817000934533,0.08631420217614247,-0.0043077134019940235,-0.009999999999999787,0.5938303896506978
2019-07-18,0.00596543106692381,0.1549288624651647,-0.03149610061898719,-0.06293745197723247,-0.08999999999999986,0.706941056803436
2019-07-19,-0.009854292398209017,0.1571644253094773,0.06799705058766568,-0.07058357874284213,-0.07000000000000028,0.47043720202277006
2019-07-22,0.0064292955010170245,0.1579295396191609,-0.06366782618945463,-0.0812869228701184,-0.040000000000000036,0.706941056803436
2019-07-23,0.018290174419335125,0.16388020622960406,-0.06799705058766568,-0.10659065791350478,-0.04999999999999982,0.9434449115841019
2019-07-24,0.004039109795007348,0.15942293482017952,-0.0428231543659945,-0.04870508881869953,-0.010000000000000231,1.0
2019-07-25,-0.009586631888208135,0.16073151828364776,0.05550953547921385,0.14170562940975054,0.040000000000000036,0.8381642089201272
2019-07-26,0.004407547719667716,0.16040717400099747,-0.04552589749812447,0.11660779750093388,0.03000000000000025,0.9759999593098958
2019-07-29,-0.0031834393054383354,0.16215978350875213,0.055098691176096906,0.16290241596012717,0.010000000000000231,0.7475082488069567
2019-07-30,-0.002244524829867258,0.13789515015682113,0.08651595193124625,-0.19256633237353868,-0.020000000000000018,0.2142858001507446
2019-07-31,0.0035471357581396577,0.1271251147861364,0.15638460003383697,-0.20422870308946997,-0.029999999999999805,0.0
2019-08-01,-0.02637948973133056,0.15931804023577903,0.10856078839281394,-0.5532621393173509,-0.18000000000000016,0.0
2019-08-02,-8.8414318132481e-05,0.15921098404998305,-0.014549536467340739,-0.47575106900868414,-0.21999999999999997,0.04482761682425862
2019-08-05,-0.029753030047308695,0.18809171900549024,0.3963656615737608,-0.6728682154349739,-0.31000000000000005,0.0
2019-08-06,0.007848916051472615,0.19029138856261912,-0.17974786697302145,-0.5398528030335744,-0.33000000000000007,0.3530351369558534
2019-08-07,-0.021733240470341,0.20222080260963005,-0.033713450798396084,-0.5912509787631514,-0.31000000000000005,0.4073482583866208
2019-08-08,0.016939817576044697,0.212768758912951,-0.13237557485912874,-0.5223264792426686,-0.17999999999999994,0.6134185322983277
2019-08-09,-0.0010923083947070918,0.20911263950885392,0.06268477087565463,-0.49845498035640573,-0.1200000000000001,0.5287540413090261
2019-08-12,-0.01877170086109889,0.2120212259664496,0.1736227578436664,-0.5241863866102439,-0.10000000000000009,0.2795527054337801
2019-08-13,0.015416191355538194,0.21870581901025704,-0.16927452200071014,-0.514194321957255,-0.050000000000000044,0.5646964406011743
2019-08-14,-0.041521878853970726,0.2530496256293847,0.2614155139291969,-0.5824138461451668,-0.11999999999999988,0.1988817635844503
2019-08-15,0.003816796239389165,0.2537382932380359,-0.04162896200967224,-0.5464144295790719,-0.19999999999999996,0.27236419510652354
2019-08-16,0.023954396041138814,0.2695250905452639,-0.12795094205730692,-0.46141087625731114,-0.18999999999999995,0.48881794053277183
2019-08-19,0.009004680988525944,0.27124797554752655,-0.08608555558733896,-0.4802214231996051,-0.04999999999999982,0.6158147531887912
2019-08-20,-0.012696470568311956,0.2719063849966793,0.03672990936364722,-0.46807777267369305,-0.1299999999999999,0.5662939211948168
2019-08-21,0.002795275826906106,0.2618410464387167,-0.0971428462437221,-0.4244230551320576,0.0,0.7020766485996679
2019-08-22,0.010315136304317688,0.2650267255491777,0.05569620910238665,-0.4204842696684289,0.10000000000000009,0.6363636084641471
2019-08-23,-0.024834351033764336,0.2746817525880387,0.1912470309168858,-0.4999004901288918,-0.030000000000000027,0.379726403658181
2019-08-26,0.008017458545503156,0.27635551557503485,-0.02767997590232609,-0.48343258359598373,-0.06000000000000005,0.4481292819043383
2019-08-27,-0.010573688752021576,0.277318335719888,0.05124222498737319,-0.5447682254499645,-0.06000000000000005,0.4018779771539047
2019-08-28,0.010024861098490823,0.2816275364998808,-0.04726731214751966,-0.5764846983761223,-0.1200000000000001,0.5961319446938331
2019-08-29,0.022658742004043907,0.29519996617585686,-0.07596905383582588,-0.5813790367208959,-0.1200000000000001,0.7633675791742265
2019-08-30,0.005859923040638001,0.28350613371637007,0.061521277019040095,-0.6471677935910621,-0.020000000000000018,0.6382253281795138
2019-09-03,-0.011833271132322284,0.28585507650244696,0.03582720345501441,-0.6540396235696958,-0.07000000000000006,0.5608646560376644
2019-09-04,0.012067125302542843,0.2704792279756908,-0.11851474780213479,-0.6014801929497811,-0.020000000000000018,0.7571429068809719
2019-09-05,0.022754199295839772,0.280485112938588,-0.06116557822325136,-0.6667060124433657,0.10000000000000009,0.9253967852699405
2019-09-06,0.0021357371221038513,0.26804293332437584,-0.0780578009853501,-0.6077094153183199,0.050000000000000044,1.0
2019-09-09,0.02477600159465011,0.27479294686334266,0.018000030517578126,-0.6342524303431579,0.1299999999999999,0.9619717685553447
2019-09-10,0.012738026025853591,0.27669164065546614,-0.004584194263265066,-0.6389014579144289,0.25,0.9718310142930251
2019-09-11,0.002738134246301991,0.2650074294089144,-0.038815799999435324,-0.5574719896722756,0.28,1.0
2019-09-12,0.006144077180591389,0.2619796311202805,-0.026694004025537062,-0.5345263371300282,0.21999999999999997,1.0
2019-09-13,0.01967592375778579,0.20925540986688113,-0.03375530850189907,-0.4163159558597813,0.34999999999999987,1.0
2019-09-16,-0.008899573817403767,0.2159502453569057,0.06768561285791766,-0.3411515914385347,0.2100000000000002,0.8584474355594831
2019-09-17,-0.004951566005832268,0.20883286099541096,-0.015678288664927473,-0.3522849693385451,0.09000000000000008,0.8934551230167347
2019-09-18,0.010036472979801312,0.20913353604222656,-0.033933503141082316,-0.3641858838894238,0.050000000000000044,0.9680365223894289
2019-09-19,-0.0031731028221026734,0.20161194136202001,0.0071684862248750396,-0.3037995137500423,0.0,0.9528157634678561
2019-09-20,-0.004020807424015867,0.20399012884893553,0.09039142255149892,-0.2835144548328815,-0.15999999999999992,0.7595129380370043
2019-09-23,-0.0001682744852534582,0.20367758283705986,-0.02676239266183704,-0.27090718932908775,-0.1200000000000001,0.8219177883348062
2019-09-24,-0.013038280604905368,0.1856918830293166,0.1435277942018136,-0.13531989906901817,-0.17000000000000015,0.4961948828475642
2019-09-25,0.005710430554274387,0.18537608400932837,-0.06392957464445566,-0.16427974806858253,-0.07000000000000006,0.6621004002819508
2019-09-26,-0.008220361660659994,0.18308310617610501,0.006892209048516867,-0.03184067674647976,-0.09000000000000008,0.606418936878682
2019-09-27,0.005895953493576962,0.1821848820168041,0.0715618942357953,-0.07864543720407985,-0.050000000000000044,0.4121622470628603
2019-09-30,-0.00025478547555486203,0.17066644686995092,-0.05691054479173624,-0.20721907800070408,-0.040000000000000036,0.5777027081450552
2019-10-01,-0.018183369364807057,0.18629401607613588,0.14285712607891748,-0.38473187704230405,0.010000000000000009,0.18581087285362874
2019-10-02,-0.01990471485222216,0.19595177499210462,0.10775862379037252,-0.4638130004163312,-0.1299999999999999,0.0
2019-10-03,-0.0014244900798475082,0.1928438282957451,-0.07003884553082507,-0.49909641712558034,-0.15999999999999992,0.21114350310042052
2019-10-04,0.021659878024991523,0.1913517653367428,-0.10878660211342599,-0.4639259539722368,-0.16999999999999993,0.5161288428042613
2019-10-07,-0.0021811232394371807,0.19172484912039334,0.04812204523281517,-0.46658195142873155,-0.11999999999999988,0.3958942780657134
2019-10-08,-0.022295975795700383,0.18806281116120735,0.13549831990998512,-0.5737980066648843,-0.10999999999999988,0.04105554132346512
2019-10-09,0.007243493621710068,0.1839030551169192,-0.08086791131506323,-0.5017975728153438,-0.010000000000000009,0.28152495047046067
2019-10-10,0.014028399045112973,0.19105787340070765,-0.05740341898393161,-0.44255994490455725,0.1299999999999999,0.43841640834490236
2019-10-11,0.016898556459558685,0.19941609722946932,-0.11326122969167605,-0.4387360684880824,0.24,0.7302052441462293
2019-10-14,0.0026696147544424532,0.18625639587306783,-0.06482671590678574,-0.3705697467020768,-1.56,0.9062027355882274
2019-10-15,0.03014154745599619,0.21279988500596167,-0.07069318836959783,-0.5132998287871069,0.22999999999999998,1.0
2019-10-16,-0.0023342787657046273,0.21210301618587124,0.010339759506439027,-0.5094053130344623,0.15999999999999992,0.9800569297417757
2019-10-17,0.005598364760260147,0.21024559234647375,0.008040910396444077,-0.49216906974382263,0.09000000000000008,0.9643874618717042
2019-10-18,0.0017449221369936466,0.209794560072001,0.03335750829727778,-0.5177277022732001,0.0,0.8988603862815978
2019-10-21,0.02480105913979879,0.22446632525536947,-0.017543859649122806,-0.5780239099877887,1.8,0.9344729244098936
2019-10-22,0.010036381457871347,0.22582948499287941,0.032857145581926615,-0.600998413263393,0.010000000000000009,0.8689458488197872
2019-10-23,0.0026444284167187228,0.21839161526921805,-0.031120318677592722,-0.5858480528399315,0.020000000000000018,0.9330483902805093
2019-10-24,-0.0007194183707884764,0.2187208808059906,-0.02141328949562814,-0.5492133148399833,0.010000000000000009,0.9757834632046747
2019-10-25,0.007998018440855579,0.21520962033150712,-0.07731585825436421,-0.5532933680921922,0.040000000000000036,1.0
2019-10-28,0.0038086630385820016,0.21509972544945485,0.036363640475778704,-0.5418844247914035,0.050000000000000044,0.9418457589101636
2019-10-29,-0.0006321281305461864,0.2151955914429437,0.006865000377177838,-0.5086069493156821,0.06000000000000005,0.9304677368717263
2019-10-30,-0.005536840331063652,0.20296585859568878,-0.065909083191685,-0.38741445138290614,0.010000000000000009,1.0
2019-10-31,-0.006442335768437543,0.1873359289119704,0.07218169901295868,-0.18498417626594313,-0.08000000000000007,0.8880502820236608
2019-11-01,0.023054665105516504,0.19555787615047757,-0.06959153235332839,-0.21461349766718976,-0.07000000000000006,1.0
2019-11-04,0.007981191712128435,0.18759449082027227,0.04308940851646658,-0.30564150440801724,-0.06000000000000005,0.9335839974893748
2019-11-05,0.0021735190717492347,0.1859048956414537,0.02104446292823359,-0.26015848782155576,0.020000000000000018,0.8997493557619672
2019-11-06,0.0015492172443027758,0.156430575950144,-0.03664125816283311,0.17957992431462313,0.030000000000000027,0.9495268556376073
2019-11-07,0.005413731866021275,0.15652102313678087,0.008716296170740653,0.23841228126072303,0.22999999999999998,0.9184061874829782
2019-11-08,0.002923176749093434,0.154866218232585,-0.05184602287080402,0.191257448841772,0.20999999999999996,1.0
2019-11-11,-0.0035283017982679706,0.15352859046292922,0.051367017500832786,0.10059873963824667,-1.79,0.7520000457763671
2019-11-12,-0.0058496024134046054,0.15820102196743283,-0.00078796497542654,0.17481403700532502,0.05999999999999983,0.7447696557635239
2019-11-13,-0.005264721593862334,0.13278242675441349,0.0252365683850654,0.1407893454128994,0.06999999999999984,0.6108785892964239
2019-11-14,0.0009340442131789631,0.13150983829940585,0.0038461685180664062,0.1738981507924082,-0.09999999999999987,0.5899580104042261
2019-11-15,0.007231590589979626,0.1319651508713371,-0.07662835137044459,0.12119829026243985,-0.09999999999999987,1.0
2019-11-18,0.008415155074926297,0.13284246581246786,0.034024883064097754,0.1276196612937256,1.81,0.8298755712153373
2019-11-19,-0.00030622382270360614,0.10936216235426845,0.032102698018110165,-0.10691300255489418,-0.1299999999999999,0.6639006152584734
2019-11-20,-0.007275130980325473,0.11108060051809975,-0.006220834046796933,-0.300750281219559,-0.1499999999999999,0.6275512612099305
2019-11-21,0.0023140423456719343,0.11105622690914514,0.02738657189223241,-0.3705207873537694,-0.050000000000000044,0.3493975765180084
2019-11-22,0.006618811825181349,0.11184760455112741,-0.060167551787311306,-0.4037049488814919,-0.07000000000000006,0.7521368009037898
2019-11-25,0.005352336747725765,0.11047784771103081,-0.03808754142764271,-0.40526781425042746,-0.050000000000000044,1.0
2019-11-26,0.0013690632668736684,0.11031010194674283,-0.0278011732845532,-0.35710413351934017,-0.050000000000000044,1.0
2019-11-27,0.002962028660610677,0.10996101574391241,0.01819757702263043,-0.3335199941357936,0.040000000000000036,0.875
2019-11-29,-0.0022721534442292626,0.10766188237089239,0.07404254345183676,-0.3732462118060751,0.010000000000000009,0.3571430193323373
2019-12-02,-0.0022008279592252637,0.10429451918340547,0.1814580017923334,-0.32245680429980095,0.06000000000000005,0.0
2019-12-03,-0.012854708865355252,0.08781755676860241,0.07042254872437903,-0.6076265858179178,-0.040000000000000036,0.0
2019-12-04,0.019725811411329102,0.10727642070872716,-0.07268169452628588,-0.20720754630719215,0.030000000000000027,0.2624433998618251
2019-12-05,0.005440597241129235,0.10820221881642701,-0.018918900632614696,-0.15504257876993002,0.030000000000000027,0.3257917546441996
2019-12-06,0.014880699766436661,0.11777023056411468,-0.06198350852829142,-0.09429340955335329,0.06000000000000005,0.5294117900898136
2019-12-09,-0.004665381394793804,0.11935815412825586,0.16446400807192188,-0.16764192956980203,0.0,0.022624520303984763
2019-12-10,0.0006692188730862273,0.1193026582512494,-0.011349265788015513,-0.1602859420368344,0.13000000000000012,0.06334835478237455
2019-12-11,-0.002379324349541489,0.11875649338720956,-0.04400513524415278,-0.2031055446977661,0.020000000000000018,0.21945707020035354
2019-12-12,0.028618831687288664,0.14805551861367977,-0.07004671159221369,-0.1431139636337295,0.09999999999999987,0.45701367033852847
2019-12-13,-0.008766863506386866,0.15104681389273203,-0.09397413955347927,-0.11663089481737035,-0.020000000000000018,0.7533936348929144
2019-12-16,0.0038735339191650468,0.1508738821978081,-0.03879649775758173,-0.12155176106723048,0.05999999999999983,0.864253309702924
2019-12-17,0.006116249830231587,0.15054547849415514,0.01235581666295226,-0.114368111607571,0.039999999999999813,0.8303167450103631
2019-12-18,-0.0010129798993098905,0.1499128313072727,0.02359641682287707,-0.08195458427209472,0.1299999999999999,0.7647058950449068
2019-12-19,-0.004998470820989225,0.15195644310643092,-0.006359294450813223,-0.060302948770910574,0.020000000000000018,0.7828054249827281
2019-12-20,-0.0008008029433812311,0.14834611811014758,0.000800018310546875,-0.07389610888494938,0.09999999999999987,0.7805429297996465
2019-12-23,-0.00029138606897840044,0.14871920821468892,0.007993559229882466,-0.06472859903071501,0.040000000000000036,0.7579186252590779
2019-12-24,0.002769573408901072,0.14801688150085704,0.0047581618755181965,-0.049863623023502834,0.010000000000000009,0.7443438699240038
2019-12-26,0.010612228158459146,0.15041662309419598,-0.001578568085496187,-0.057722209075089126,-0.020000000000000018,0.7488688602901672
2019-12-27,0.0007188373942797826,0.15050620061386993,0.06166013519106583,-0.07022981095451494,-0.040000000000000036,0.6009500498923435
2019-12-30,-0.003665294286555697,0.15208877742400517,0.10349957990043726,-0.09762002851660496,-0.020000000000000018,0.2984294330880076
2019-12-31,0.005554258124061585,0.15150197992696152,-0.07017543746753517,-0.12094140667501727,-0.010000000000000009,0.5706807537522843
2020-01-02,0.012123579095636867,0.1537366919658666,-0.09506527513262336,-0.13810350265967775,-0.020000000000000018,0.913612578515863
2020-01-03,-0.013196546029109925,0.15419632158432914,0.12429832859211136,-0.013198782571040056,-0.09999999999999987,0.49462353186682806
2020-01-06,-0.0007949188149322503,0.14277763855866543,-0.012125539995956747,-0.12467132316852446,-0.06999999999999984,0.540322485542346
2020-01-07,-0.01700072335963338,0.1572266191682859,-0.004332160141813088,-0.15780359760725926,-0.06999999999999984,0.556451633577751
2020-01-08,0.007800875806756357,0.1513531797077037,-0.02465555863150294,-0.17442743459701274,-0.04999999999999982,0.6478495409287867
2020-01-09,0.0036512010275168,0.15015856183027493,-0.0676579821796911,-0.13195547038342362,-0.029999999999999805,0.8870057562597
2020-01-10,-0.00996788942259838,0.15525407193206262,0.0015949328408703138,-0.09826191802667571,0.030000000000000027,0.8526315225898721
2020-01-13,0.008304680010504608,0.15681156511453287,-0.01910833732279483,-0.10140700276300924,0.040000000000000036,0.9328360466204514
2020-01-14,0.01166163350546057,0.12811823683721332,0.005681870960430565,-0.4049976472915827,-0.010000000000000009,0.9067163953379549
2020-01-15,-0.014985428491372878,0.1354506091923414,0.0024212858869982943,-0.33826447950444566,-0.08000000000000007,0.8955224624161487
2020-01-16,0.0038763740574893745,0.13545155149936206,-0.008051560455349537,-0.3372144305786541,-0.040000000000000036,0.9881423967835917
2020-01-17,0.006921513721309216,0.1359145399551791,-0.01785708756526322,-0.34574981062489113,0.010000000000000009,1.0
2020-01-21,-0.009840670052006305,0.1403936139334146,0.061983469120263056,-0.33237308195317583,-0.07000000000000006,0.7242646362748351
2020-01-22,-0.0011691851172201556,0.13932370924934903,0.004669219000872927,-0.35615496852135686,-0.050000000000000044,0.7022060035215836
2020-01-23,-0.0010244004297251615,0.1393442515276359,0.005422129794854384,-0.3633851764224004,-0.050000000000000044,0.6764708151042416
2020-01-24,-0.0248276851811249,0.16395716654579776,0.12172580378289846,-0.5081065868373325,-0.1100000000000001,0.09558799295683296
2020-01-27,-0.008411788031281044,0.16522784764533974,0.25206037203646203,-0.4077550209400016,-0.22999999999999998,0.0
2020-01-28,0.018177729277264944,0.174114591845132,-0.10696647858234713,-0.15417350172243943,-0.13000000000000012,0.31810752407133425
2020-01-29,-0.001487817168345227,0.17396911785365263,0.006756676803654048,-0.14295469243544726,-0.16999999999999993,0.30016319812314385
2020-01-30,0.01236693807224587,0.18003689652999494,-0.05491151019192187,-0.06298097273372126,-0.16999999999999993,0.4469820793214443
2020-01-31,-0.025976863657966188,0.19866126677222884,0.21626858818396888,-0.2944864920488886,-0.18999999999999995,0.0
2020-02-03,0.007630682453727769,0.19519156052598627,-0.04617838812033628,-0.16242079922189379,-0.07000000000000006,0.1290802475931042
2020-02-04,0.014395937178965779,0.1991454992257327,-0.10684474956362897,-0.10871875575948958,-0.039999999999999813,0.4139467374291147
2020-02-05,0.017000364309326714,0.20867331272742423,-0.056074745253078435,-0.07869005820035316,0.05999999999999983,0.5474778426358087
2020-02-06,0.00014558228959798717,0.19946546892928366,-0.012541226743722714,-0.10129229532633244,0.07999999999999985,0.5756676923146582
2020-02-07,-0.003197465760179652,0.19815126028987293,0.03409092430356754,-0.09489571337881361,0.08000000000000007,0.5
2020-02-10,0.004155515606546024,0.19827105994786182,-0.02779575292524334,-0.08011923124442924,0.020000000000000018,0.5637982670293836
2020-02-11,0.0018876761245424966,0.19485055590251743,0.009308533489218503,-0.1255332751183777,-0.020000000000000018,0.5430267020327979
2020-02-12,0.0,0.19290376379228913,-0.09486169335363148,-0.09057522903907748,-0.039999999999999813,0.756676640157161
2020-02-13,-0.0008698464621072477,0.1884765440295188,0.029839872943370763,-0.03282689291399788,-0.039999999999999813,0.6958458001964513
2020-02-14,-0.003045797231437954,0.18110837253428583,-0.03321550007245229,-0.11365366524984777,0.0,0.7655786383737617
2020-02-18,-0.01324025121901835,0.18649856569195622,0.08406429772484544,-0.08485902839914078,-0.010000000000000009,0.594955543776907
2020-02-19,0.01363881850500962,0.19125569046011148,-0.030343884799743183,-0.060606105623147694,-0.030000000000000027,0.7445743253032573
2020-02-20,0.0,0.18800019006870938,0.08205843503372313,-0.12860028350512195,-0.10000000000000009,0.5531196566901295
2020-02-21,-0.012219000176765655,0.1929153733582907,0.09768634081610125,-0.19267067371812824,-0.15000000000000013,0.30034130470444564
2020-02-24,-0.02687590611705496,0.21389539622035997,0.4654567212207835,-0.4655064884942387,-0.2100000000000002,0.0
2020-02-25,-0.044642458155396365,0.24925642863133976,0.11266478695419292,-0.7575029597808215,-0.21999999999999997,0.0
2020-02-26,0.0030094620043297168,0.24892995540915977,-0.01041295912226625,-0.5848263053853946,-0.22999999999999998,0.020465837259415975
2020-02-27,-0.041614208947140886,0.2732559729364118,0.42089987685974284,-0.7128955378936537,-0.21999999999999997,0.0
2020-02-28,-0.043338402322790605,0.3037874590378547,0.02425946799390077,-0.775395277506106,-0.33000000000000007,0.0
2020-03-02,0.04659361155572321,0.3504190821803491,-0.1667913821891017,-0.4198585268483057,-0.2799999999999998,0.25312154234429385
2020-03-03,-0.037524663556613644,0.3612152591648288,0.101735538963562,-0.5082527081627799,-0.31000000000000005,0.12447979105331541
2020-03-04,0.024709413147074796,0.37373974036581276,-0.13117870623950623,-0.3964821338751088,-0.31000000000000005,0.30722666460368
2020-03-05,-0.04906115166344641,0.39659652120260963,0.23851201048320314,-0.4695401696009624,-0.38,0.01853960169538249
2020-03-06,-0.05168068531238085,0.41341690678957466,0.058556278580743866,-0.5225539229944193,-0.3899999999999999,0.0
2020-03-09,-0.13545517604679763,0.5942434321588318,0.2985217183529057,-0.682629165327665,-0.56,0.0
2020-03-10,0.07769711852922476,0.6789198287456121,-0.1314726398784228,-0.3860233995279028,-0.26,0.17557626438790108
2020-03-11,-0.0470704204999846,0.6850991949066111,0.13953493436099504,-0.40546984446380857,-0.20000000000000007,0.01373216222061413
2020-03-12,-0.082430244263251,0.7185772428720991,0.4001855117660406,-0.48935789242949984,-0.040000000000000036,0.0
2020-03-13,0.18012474963527114,0.9986062382956383,-0.2337352471753954,-0.1067761957897578,0.19999999999999996,0.2854830737705272
2020-03-16,-0.14964865862029167,1.1057398940723027,0.42988068170874155,-0.3060653396249657,0.18999999999999995,0.0
2020-03-17,0.0611135860113505,1.1389993834456809,-0.08199296866753814,-0.17265066044439203,0.26,0.09925338235013459
2020-03-18,-0.10526858642522519,1.180441830336291,0.0071135984729553,-0.2555477396579303,0.36,0.09134834256477287
2020-03-19,0.016807645058871366,1.181629977403994,-0.05820794147650396,-0.19223766262466177,0.2400000000000001,0.15924329091985445
2020-03-20,-0.021102119017878364,1.1794232572600838,-0.08277776506212023,-0.1790854811854185,-0.019999999999999907,0.25377230432794273
2020-03-23,-0.05353309240214996,1.18428641476309,-0.06738341461611289,-0.19228127643614856,0.030000000000000027,0.36593828731675715
2020-03-24,0.11894249866326949,1.2817102841301329,0.001298879950628812,-0.1447681795249542,-0.18000000000000005,0.38128066638806624
2020-03-25,0.0373177216270294,1.2899513093845683,0.03697101770212576,-0.1595455333804567,-0.29999999999999993,0.33992382853320746
2020-03-26,0.0696609431784096,1.3200176177897556,-0.04612980027748567,-0.13469221300535905,-0.29000000000000015,0.4278106765094378
2020-03-27,-0.0712395964188539,1.3332207844387556,0.0744262445168417,-0.17953281352018793,-0.20000000000000007,0.3382643120831508
2020-03-30,0.026007060580971353,1.333150055331554,-0.12908146118851158,-0.21043865504205936,-0.06000000000000005,0.5051281905624019
2020-03-31,-0.03711214533523619,1.3223147212020314,-0.06201823409195104,-0.16208296802606206,-0.14,0.5749506901498014
2020-04-01,-0.06297891627239914,1.3316809958438733,0.06574524463152975,-0.1942928319131387,-0.26,0.5055226768880483
2020-04-02,0.03733989024732528,1.3367894875231636,-0.10778130700777788,-0.18865818440536122,-0.19999999999999996,0.7378685861255743
2020-04-03,-0.029557913139284145,1.3315823905403972,-0.08073071346827916,-0.22943425662667938,-0.09999999999999998,0.8807361925056136
2020-04-06,0.0643662687401348,1.3470354212577798,-0.03333328170993645,-0.3435147091623254,-0.029999999999999916,1.0
2020-04-07,0.013190231737349149,1.261413636393869,0.032272303941305605,-0.4171268840507329,0.050000000000000044,0.9610147114892058
2020-04-08,0.040379742333975656,1.2396443138490982,-0.07173452321390282,-0.39423049380112557,0.15000000000000002,1.0
2020-04-09,0.08971349642823852,1.264165784919295,-0.03875433366344179,-0.4674356252278762,0.09999999999999998,1.0
2020-04-13,-0.04447261190083673,1.23696609624518,-0.011999040604053265,-0.3442808733031589,0.14,1.0
2020-04-14,-0.02739562436282999,1.0722563568930714,-0.08282730141057634,-0.3338966014382743,0.08999999999999997,1.0
2020-04-15,-0.049319448880185905,0.9462960713725554,0.08156784872784993,-0.07515172826662485,-0.12,0.920392816221801
2020-04-16,-0.03811006649710355,0.9324617134506837,-0.017874621437533725,-0.13164716543136523,-0.16000000000000003,0.9392607295882385
2020-04-17,0.08988922536923592,0.9027677152024365,-0.04886559597724915,-0.04077198076289904,-0.07999999999999996,0.9886097200576082
2020-04-20,-0.03645758113080572,0.9150213660803314,0.1488859784533108,-0.03358097310873496,-0.13,0.7853605745138588
2020-04-21,-0.029004341252630007,0.9183197409010856,0.03604832193362932,0.01889761080870791,-0.18000000000000005,0.7246220010241184
2020-04-22,0.003256781836552322,0.8933455627018879,-0.0755340303171407,0.0959873855549458,0.0,0.848092122870591
2020-04-23,0.0005595769566048472,0.7967196022316615,-0.01429248405582834,-0.061380362155734655,0.0,0.8696903380648117
2020-04-24,0.014766357618395126,0.7879740869037207,-0.1317061532687797,-0.15851225036894795,-0.050000000000000044,1.0
2020-04-27,0.04310501234539796,0.7638692895436374,-0.07347618611815433,-0.3776155372628797,0.040000000000000036,1.0
2020-04-28,0.0070808372735896566,0.7188814471147469,0.008410897314402779,-0.2251794385088567,0.040000000000000036,0.9882304006506312
2020-04-29,0.02697006255686388,0.7192675715302987,-0.06970509901281498,-0.3329875951547633,0.0,1.0
2020-04-30,-0.021458902999174533,0.710081198722683,0.09349990478525258,-0.23174296780808676,0.030000000000000027,0.8869530864635116
2020-05-01,-0.02621164564481897,0.6767806805791429,0.08901894480228252,-0.016489114679546446,0.040000000000000036,0.6971545227616082
2020-05-04,-0.011903498739728095,0.6696235381620553,-0.032804448804945256,-0.08950156045994806,-0.030000000000000027,0.6955682870024418
2020-05-05,-0.0015193584705696405,0.6589945273421278,-0.06561024548960052,-0.017616254526303055,0.040000000000000036,0.8461537892492124
2020-05-06,-0.0188044190902105,0.6269755044324508,0.015174005125609204,-0.09966448350465723,0.08999999999999997,0.8131868673817024
2020-05-07,0.010413318066368329,0.6263773703530516,-0.0785462626530952,-0.15181884515684305,-0.010000000000000009,0.9851903394004415
2020-05-08,0.016336033725751077,0.6127310388702103,-0.11005092026233323,-0.2518408053290955,0.04999999999999993,1.0
2020-05-11,-0.029449860474000007,0.5254226914232276,-0.014653318588987359,-0.3357511080254627,0.08999999999999997,1.0
2020-05-12,-0.03267747719409561,0.515986988281064,0.1984041088593128,-0.25889689920691,0.029999999999999916,0.6933855844216661
2020-05-13,-0.034471239578277114,0.5203793858000063,0.06779654363498613,-0.23852243671211115,-0.07999999999999996,0.5678251671228693
2020-05-14,0.04153291785990797,0.5193125197564079,-0.07568022282676862,-0.2150638185234509,0.0,0.7174887403352272
2020-05-15,-0.018510172741846843,0.5060507685049719,-0.0220791538554762,-0.14445351584778057,-0.04999999999999993,0.7578475528097148
2020-05-18,0.05296869440661859,0.43419076616024366,-0.08121668868481102,-0.3880126163208901,0.0,0.9030269323184186
2020-05-19,-0.01967917411157435,0.42114174030777246,0.04197957275129124,-0.2675709311297566,0.010000000000000009,0.8340806633125557
2020-05-20,0.02999872819811595,0.4217834840302294,-0.08319688366854168,-0.2280713293835518,0.040000000000000036,0.9708535683038627
2020-05-21,-0.012701322019675164,0.4245775897494624,0.055019683033953194,-0.24118039139604724,0.050000000000000044,0.8580738018164145
2020-05-22,-0.007762864073754627,0.4256091628405595,-0.04639352547841153,-0.2582753687062105,0.020000000000000018,0.9386694159983345
2020-05-26,0.07097335003336226,0.4893139144959106,-0.005326691027807599,-0.4059539596236913,-0.040000000000000036,0.954261893668276
2020-05-27,0.05792097744284813,0.5069655908666346,-0.013923576810481389,-0.5252247224345007,-0.019999999999999907,0.9948023752639458
2020-05-28,-0.014895622144101582,0.5108549956150317,0.035119452711117834,-0.49618530528660465,0.019999999999999907,0.8939708346138213
2020-05-29,-0.02553601829877662,0.5118258461462786,-0.03777544308996081,-0.43111311644163713,-0.030000000000000027,1.0
2020-06-01,0.013256730320845777,0.5074098504151913,0.026172275803858003,-0.4183832923424764,0.0,0.9256198933342686
2020-06-02,0.0033470169834066963,0.49702277191715627,-0.04923837804420752,-0.3600644864874552,-0.009999999999999898,1.0
2020-06-03,0.05397725184292745,0.523364851677108,-0.043964243609067435,-0.42481636170242637,0.08999999999999997,1.0
2020-06-04,0.020811537056641127,0.5248140227266062,0.0058456593695343055,-0.43657968942234177,0.12,0.9844075223300586
2020-06-05,0.045001856192762646,0.5310592001340431,-0.049980590270097866,-0.45257985763103276,0.26,1.0
2020-06-08,0.01995842240856853,0.5320641594136467,0.05261007276083731,-0.46314021487740414,0.21999999999999997,0.8801115976387162
2020-06-09,-0.025649873211974653,0.5464156491440365,0.06819063406817372,-0.42613578413618375,0.15999999999999992,0.7165427776176503
2020-06-10,-0.04052867737086643,0.5574673274963238,0.0,-0.41125449114620444,-0.020000000000000018,0.7165427776176503
2020-06-11,-0.08344313855826452,0.6279353540167393,0.479506759776459,-0.5824123391835625,-0.15999999999999992,0.0
2020-06-12,0.02736368586994029,0.6140678679802986,-0.11522433580408,-0.4459121755370923,-0.20000000000000007,0.2888752692503288
2020-06-15,0.013817736098205117,0.6029555422493743,-0.046827337754605146,-0.47164020134388335,-0.17000000000000004,0.3927473392663168
2020-06-16,0.008000361802681863,0.5954083762187781,-0.021221026876537107,-0.4437536773279171,-0.08999999999999997,0.43761539927827897
2020-06-17,-0.02527948240727349,0.5840509944212227,-0.005939915625735012,-0.4845592203734501,-0.010000000000000009,0.4499077743621871
2020-06-18,-0.005428110612803742,0.5784653400153439,-0.01583515311216372,-0.48530984987618814,0.04999999999999993,0.4824832248282155
2020-06-19,-0.011421298146536876,0.5744745628637911,0.06618094705711844,-0.48516845124334157,-0.010000000000000009,0.348494273147791
2020-06-22,-0.010837334870609058,0.573832008806702,-0.09538720318922604,-0.49459084536924613,0.0,0.5543946038095859
2020-06-23,0.012196363456159714,0.572848751852444,-0.012590481988253327,-0.5012276074405293,-0.030000000000000027,0.5789797056704407
2020-06-24,-0.033391017498243115,0.5340181699498238,0.07873762343880296,-0.5220506693523866,-0.050000000000000044,0.4271665991025263
2020-06-25,0.03486157882995337,0.5078164497065155,-0.047872308645982006,-0.46905508403464286,-0.029999999999999916,0.5267362909467412
2020-06-26,-0.054818514160476416,0.5393036025490534,0.0779018692252684,-0.5153171309649611,-0.05999999999999994,0.37246473280824777
2020-06-29,0.004428285169695658,0.5335094877752347,-0.08494094138997113,-0.5563520373477628,-0.06999999999999995,0.5537799616091879
2020-06-30,0.011397652637910177,0.5328953313778725,-0.04247955797046347,-0.5513208560787718,-0.05999999999999994,0.636754782966709
2020-07-01,-0.008505100244204242,0.5330634215904422,-0.05948075740355886,-0.5464323076139149,0.0,0.7480024421564597
2020-07-02,0.003248397727652355,0.4930964043279119,-0.03284418261683027,-0.48624313556368093,0.0,0.8057775194527281
2020-07-06,0.025253562425892752,0.4962197130557793,0.009393071749107584,-0.48282458023225333,0.04999999999999993,0.7897971739354193
2020-07-07,-0.028210569430472184,0.46828392727897056,0.053328551991325863,-0.35993783806906515,0.010000000000000009,0.758344426639979
2020-07-08,0.010615296745379471,0.4623483546775286,-0.045871572119294386,-0.33190561997136114,0.010000000000000009,0.9614220739947321
2020-07-09,-0.02165042058356285,0.46067240446470903,0.042022803005052234,-0.3623191232308154,-0.06999999999999995,0.8721633602112684
2020-07-10,0.05466653782100688,0.49338185562927894,-0.06732738543897733,-0.5436939254557206,-0.030000000000000027,1.0
2020-07-13,0.014334849462790665,0.40199294438113664,0.17955285990458364,-0.2851300516655103,-0.04999999999999993,0.4431820299999957
2020-07-14,0.00573480468891924,0.3909389727117634,-0.08294496063537998,-0.4239247191552782,-0.020000000000000018,0.715197942888657
2020-07-15,0.015476958986389157,0.3917218829778366,-0.05962060303488109,-0.5016112171639686,-0.030000000000000027,0.9399745297032477
2020-07-16,0.0028075544425632706,0.39080288093919785,0.008645524824904915,-0.5295916731533196,0.0,0.9093232101733081
2020-07-17,-0.018498039529487077,0.3859992999093892,-0.08285713195800781,-0.38163045134076173,-0.010000000000000009,1.0
2020-07-20,-0.008761285982639939,0.38677353222731936,-0.04750783513258895,-0.3060665121110628,-0.020000000000000018,1.0
2020-07-21,0.021685571955075467,0.3914848798326746,0.015535612524060199,-0.33366057330851884,-0.020000000000000018,0.96299892393598
2020-07-22,-0.007242779492771979,0.39025069189172057,-0.02093399575561182,-0.26561595382457565,-0.040000000000000036,1.0
2020-07-23,0.0029385924723198823,0.38842571936985665,0.07236843137199542,-0.28667914782333376,-0.030000000000000027,0.8309317718847646
2020-07-24,-0.007072024475482385,0.3690632749890347,-0.009202445238506708,-0.15823423589436045,-0.050000000000000044,0.8539865052791966
2020-07-27,-0.014041490511315561,0.3536042944644333,-0.042569673954106414,-0.2336571341748946,0.0,0.9596541707540605
2020-07-28,0.0043341863999301865,0.29161707123612884,0.02829429140725556,0.11503029404541,-0.020000000000000018,0.8576872946328123
2020-07-29,0.024249735878632175,0.30078237757175263,-0.05267296086703988,0.029958464450599805,-0.020000000000000018,1.0
2020-07-30,-0.02668546028714775,0.31736076903854143,0.027385885351254073,0.07678906155693481,-0.039999999999999925,0.9184178009184982
2020-07-31,-0.003916309337388432,0.31581799587608805,-0.012116362747817622,0.11459445830902966,-0.039999999999999925,0.955500768715892
2020-08-03,-0.005587990843468077,0.3169811700478145,-0.00735888816698331,0.13079427720120113,-0.05999999999999994,0.9777502664748158
2020-08-04,-0.005722930444618705,0.30623742318532293,-0.021416822201725992,0.11411675557124464,-0.06999999999999995,1.0
2020-08-05,0.017372770787710535,0.2929040580926457,-0.03240742636137208,0.1697863965997581,-0.029999999999999916,1.0
2020-08-06,0.00030862370930756603,0.2915323958820727,-0.014789045496861004,0.15354157964051998,0.0,1.0
2020-08-07,0.022007573121663647,0.285833044265538,-0.01942607247099672,0.18571799205020134,0.019999999999999907,1.0
2020-08-10,0.012678532747112657,0.22241280657231102,-0.003601977802961002,0.042894625514623544,0.029999999999999916,1.0
2020-08-11,0.031597914571212686,0.2414921506694878,0.08585637586680725,-0.1476050684563393,0.12,0.7428956437868323
2020-08-12,-0.008476434383581331,0.24448702572086287,-0.07282563254243057,-0.1440583997072282,0.1399999999999999,0.97444608101649
2020-08-13,-0.005537016102790984,0.24108949794334983,-0.006732563790665241,-0.2198201096045872,0.15999999999999992,1.0
2020-08-14,0.00039052483897799233,0.24105130366993804,-0.0036149989489327856,-0.26203273286370304,0.14,1.0
2020-08-17,-0.0263643758105263,0.2505210952620244,-0.03174598094381323,-0.0016137138350831555,0.09999999999999998,1.0
2020-08-18,-0.013940438561727565,0.2536513700906584,0.007494137918188414,0.08334880522137007,0.030000000000000027,0.9661733905080968
2020-08-19,0.0023391909121641724,0.2419903521414132,0.047884736201095374,0.02019506384974225,-0.009999999999999898,0.7484142390646007
2020-08-20,-0.011973627972733639,0.24424415346665324,0.007985731611179804,0.052778119682912905,-0.05999999999999994,0.7103596058199544
2020-08-21,-0.0005134971300597001,0.24391922821491774,-0.00792246493252964,0.03359355734125188,-0.06999999999999995,0.7349664599735011
2020-08-24,0.02815479417172334,0.26215444796506776,-0.007542150372178368,0.025753047288411674,-0.039999999999999925,0.750611144325195
2020-08-25,0.004397255931723364,0.2565597107520899,-0.015198933385446495,0.09067961772314283,0.019999999999999907,0.8337407628834633
2020-08-26,-0.014029752418267646,0.2621562172646184,0.056286869381254566,0.06283755101546652,0.009999999999999898,0.43695009905907856
2020-08-27,0.03289916517997075,0.2733018133462288,0.051568492994612705,0.12219538470483687,0.08999999999999997,0.08504426055837777
2020-08-28,0.004103397413587743,0.25353196322742866,-0.06170822522490852,0.3325099089144815,0.09999999999999998,0.48397459802002474
2020-08-31,-0.025104488836613946,0.27071593834849883,0.15026136326253658,0.027052024834265477,0.06999999999999995,0.0
2020-09-01,-0.0004992214807414997,0.2695238942649718,-0.010980651641583695,0.028843244475991625,-0.009999999999999898,0.057312063001315194
2020-09-02,0.015079046475116719,0.27154233573849673,0.017228133274594007,0.11946560939173126,-0.029999999999999916,0.0
2020-09-03,-0.0031479902705957748,0.26721247413615906,0.2645840745216984,0.010467042985802583,-0.10999999999999999,0.0
2020-09-04,0.02161244133888148,0.2754635097991853,-0.08482138701036485,0.12682485142123207,-0.020000000000000018,0.23265297288746312
2020-09-08,-0.03477568924555411,0.29589810193122507,0.023089401121061993,-0.06480322403261907,-0.030000000000000027,0.1746938549265733
2020-09-09,0.00950763363160209,0.2944436599657167,-0.08423393819608224,-0.01194554452030203,0.029999999999999916,0.3910203880808909
2020-09-10,-0.01031063062300666,0.2732950311439571,0.031239140410058115,-0.026407946555859662,0.020000000000000018,0.3175510200268523
2020-09-11,0.012421332894393686,0.27635922940105745,-0.09559065408128965,-0.02414330884734995,0.040000000000000036,0.5493876475723651
2020-09-14,0.013851831929780387,0.2802426882136518,-0.03796056665075908,-0.03176810522180225,-0.039999999999999925,0.6326530040278538
2020-09-15,-0.03113105757587801,0.3005063130661665,-0.010058035785106374,-0.029680561610498264,-0.009999999999999898,0.6538775158127011
2020-09-16,0.004230285068657494,0.28673463650118347,0.017585023847447888,-0.12169014837816565,-0.020000000000000018,0.6253100625197104
2020-09-17,-0.011433999584568458,0.28531052299808907,0.01612896137399414,-0.18582406764774514,0.009999999999999898,0.6171132891120705
2020-09-18,-0.0021309546514445654,0.28532231923811935,-0.02380949291628282,-0.18415904760809676,0.029999999999999916,0.6715643938001431
2020-09-21,-0.030909857264705198,0.3024118667438673,0.07549364183891448,-0.2514407419986395,0.0,0.5030249697865699
2020-09-22,-0.010911831735320931,0.304407231960028,-0.03311735253974312,-0.2614921458761984,0.0,0.5825409812148379
2020-09-23,-0.01623002421010603,0.2886428251966878,0.06403571385964982,-0.18172809733809167,-0.009999999999999898,0.43388068369806776
2020-09-24,-0.0008625364631632882,0.2874128368629629,-0.0024492545490231647,-0.15091759603153418,-0.019999999999999907,0.4783833211674121
2020-09-25,0.008741536563542516,0.28792867392677246,-0.07471066471467276,-0.2225768623241104,-0.039999999999999925,0.6785714029625571
2020-09-28,0.02877936901583278,0.2818139909005805,-0.007202374251457824,-0.15590035950416475,-0.010000000000000009,0.696428417775343
2020-09-29,-0.008423550098924353,0.2812794496612004,0.00305459801736248,-0.11931942331538631,-0.020000000000000018,0.9151060614647393
2020-09-30,0.009648493005231913,0.2731546654550718,0.0038066379797177764,-0.181285378810075,0.009999999999999898,0.9026216167176166
2020-10-01,0.007271657861884313,0.27492617339308456,0.01251421741386824,-0.19074433198454016,0.010000000000000009,0.8614231157367963
2020-10-02,0.009487025717487267,0.2713655992389003,0.03483139967239324,-0.1699082157164529,0.039999999999999925,0.7453184225151956
2020-10-05,0.021136482548633467,0.2824912937414674,0.011943537232336954,-0.17498400872378364,0.10999999999999999,0.5962522379669675
2020-10-06,-0.010298918238192551,0.27247361810477394,0.05436339440396445,-0.3715923600236667,0.09999999999999998,0.3373083309234234
2020-10-07,0.01744549804225191,0.2526975831626693,-0.04816825299673072,-0.10835788309535864,0.1200000000000001,0.40048544812982567
2020-10-08,0.020555415389268868,0.2604548355434906,-0.060584422236150834,-0.18531512284889443,0.09999999999999998,0.8131066365564756
2020-10-09,-0.00569864392979815,0.258414073740008,-0.05159334517683929,-0.07856030664377223,0.09000000000000008,1.0
2020-10-12,0.012252998871133052,0.25832274510781655,0.00279998779296875,-0.12466411954725444,-0.78,0.9843750665230478
2020-10-13,-0.016204620672086813,0.26075782757879634,0.03988831320993008,-0.060321293342472326,-0.020000000000000018,0.76116075800086
2020-10-14,-0.005556572052598346,0.236482331134925,0.01265822506977516,-0.17313024487824874,-0.08000000000000007,0.6875000532184383
2020-10-15,0.014967247607908397,0.2412110215519737,0.02159089784320048,-0.16128854749231017,-0.040000000000000036,0.5602679654803921
2020-10-16,-0.0020648263670705234,0.23702527080901373,0.01631444365071771,-0.187036164266231,-0.030000000000000027,0.4620535505213278
2020-10-19,-0.016845449002662317,0.24554669760921458,0.06457498969781224,-0.2871017620720231,0.78,0.06696412225765391
2020-10-20,0.0057115955010989304,0.21611667002256166,0.005825910709938946,-0.22355824185855475,0.07000000000000006,0.029017672778981707
2020-10-21,-0.00996336811137611,0.21537133711111603,-0.023850110863419347,-0.2827611959796719,0.09999999999999998,0.18526785904351561
2020-10-22,0.03532246803247621,0.23074239609952918,-0.018848133171682484,-0.12892125176441674,0.13,0.3058033642567939
2020-10-23,0.009039747451236693,0.22985255507889982,-0.019921784458616983,-0.10691762563995973,0.08999999999999997,0.4308036835674235
2020-10-26,-0.024756876205180196,0.2528945056570544,0.17822141500487326,-0.3467632438162786,0.030000000000000027,0.0
2020-10-27,-0.018865959133008606,0.24877934239315086,0.02741834302990389,-0.42000881748511465,-0.020000000000000018,0.0
2020-10-28,-0.028088200924476815,0.2678579701516661,0.20779612060712138,-0.5712634873194802,-0.039999999999999925,0.0
2020-10-29,0.006525850752043863,0.2668284936643665,-0.06678249027384754,-0.44883741890576107,-0.020000000000000018,0.17604704460799492
2020-10-30,0.008953412696383474,0.2673881579704845,0.011439220628632474,-0.34595879759613146,0.030000000000000027,0.14790566113102788
2020-11-02,0.022541836567438866,0.2762271781069982,-0.023408715910909463,-0.20711254839660045,0.05999999999999994,0.20615169913819786
2020-11-03,0.03152111832142812,0.2875357917621493,-0.042553239579933316,-0.07623935059157691,0.10999999999999999,0.30955496859365483
2020-11-04,-0.030557899166157407,0.3065780738573968,-0.16821377413708166,-0.06306406486936667,-0.010000000000000009,0.7009162264452411
2020-11-05,0.04089767465445507,0.33190669604480044,-0.06729793005261625,-0.09496781682987218,-0.05999999999999994,0.8311518239646891
2020-11-06,-0.013320435970707216,0.32924943202062107,-0.09862216536906332,-0.015741434712101855,-0.050000000000000044,1.0
2020-11-09,0.1353922483793495,0.5695142056650742,0.03580045727262962,-0.19916430480786673,0.08999999999999997,0.9422827824039027
2020-11-10,-0.0032506394336055465,0.5704057339731268,-0.03689323351221177,-0.1737518000596026,0.07999999999999996,1.0
2020-11-11,-0.014933112509774573,0.5697781380553856,-0.05443542401822687,-0.15419281550822717,-0.78,1.0
2020-11-12,-0.012284407093505735,0.5720875738651042,0.08102343525434107,-0.13958495542098573,0.08999999999999997,0.8871063670546113
2020-11-13,0.006262852034321464,0.5712532404615094,-0.08875739511407262,-0.12742685622804348,0.06000000000000005,1.0
2020-11-16,0.02822555795219439,0.5754470807727597,-0.028138511160012262,-0.16703600195701804,-0.04999999999999993,1.0
2020-11-17,-0.010144902717960574,0.572334748727161,0.011581216601222096,-0.1337813176716402,-0.10999999999999999,0.9854179276242948
2020-11-18,-0.007406573876841239,0.5747427491026909,0.04975786497886043,-0.11067014550130508,0.88,0.9220415286432877
2020-11-19,0.002689754554736918,0.5716459719984203,-0.03062078597164291,-0.10327710939815461,-0.020000000000000018,0.9629837397173786
2020-11-20,-0.008566956402143623,0.5652011620192227,0.02553007948963941,-0.0799024694722284,-0.06000000000000005,0.9298934302262267
2020-11-23,0.028803380295466724,0.5707878578210065,-0.04388189375730446,-0.10689522040972331,-0.050000000000000044,0.9882221476255914
2020-11-24,0.0462373704814493,0.5745375461137453,-0.04501325969250442,-0.12810591570503146,0.010000000000000009,1.0
2020-11-25,-0.010460812264837117,0.5699304216220225,-0.018022153449551156,-0.062237764582724425,0.0,1.0
2020-11-27,-0.006637401023777685,0.5563458810375145,-0.019294110466452206,0.08760516635022501,-0.020000000000000018,1.0
2020-11-30,-0.027553290294240498,0.5724401940448446,-0.012955875997445397,0.16121508784373767,0.010000000000000009,1.0
2020-12-01,0.015778613020468596,0.5727968062345545,0.009722934657591508,0.18439670327452476,0.06000000000000005,0.9879226602443387
2020-12-02,0.019208265862848177,0.5720042666672718,0.019258527188946526,0.16021619541996607,0.06999999999999995,0.9599465687713797
2020-12-03,-0.006555281150489561,0.569150261335105,0.0051960609331664865,0.10448558260160325,0.040000000000000036,0.9211110009087456
2020-12-04,0.009072996649683153,0.5514433219944856,-0.023026304290754494,0.3217876918171672,0.13,0.9686160893694838
2020-12-07,-0.0037599085483315067,0.5415975914400226,0.02453094271642397,0.2660524607495149,0.09999999999999998,0.859073455747305
2020-12-08,0.0009845286597955434,0.536766691143857,-0.029107932117011993,0.3321430435492937,0.0,0.9787643621870733
2020-12-09,-0.007786808029751761,0.2769964362512369,0.0768858863212853,-0.1623148753019994,0.0,0.6443513559131988
2020-12-10,-0.006443751600275462,0.27795009688219796,0.011225864160808586,-0.1539885008284043,0.0,0.5920501081961314
2020-12-11,-0.005903399870166078,0.2728742386694587,0.03507988419717648,-0.1288893243440262,-0.06999999999999995,0.4267783729041613
2020-12-14,-0.010538441761686964,0.2717807089327147,0.06048905532890391,-0.10451014443997378,-0.039999999999999925,0.0
2020-12-15,0.017075097766308604,0.27637586065658687,-0.07402912518356881,-0.08558466721954337,0.0,0.4409638775711866
2020-12-16,0.002908846052291864,0.2603428865497527,-0.017037981653455492,-0.11187127330477722,-0.029999999999999916,0.5349396427512703
2020-12-17,-0.008287112913720456,0.259375742111551,-0.02533331976996528,-0.09056103074425316,0.019999999999999907,0.672288979430507
2020-12-18,-0.004930288057687808,0.25843670252837886,-0.01641589627641717,-0.043732993743428095,0.04999999999999993,0.7590361224288134
2020-12-21,0.03753795534296478,0.28678688688030163,0.16643487266480217,0.19736469058558473,0.04999999999999993,0.0
2020-12-22,-0.015216509559895673,0.2911578588526216,-0.03696344637583289,0.14758628643919866,0.010000000000000009,0.2026144388364426
2020-12-23,0.02794443003479893,0.29021332587308857,-0.03796946321399035,0.17724571567858408,0.039999999999999925,0.40305017864251635
2020-12-24,-0.004397542087580036,0.2445401590864616,-0.07636202574339754,0.2698460546463872,0.0,0.790849464072451
2020-12-28,0.006585261139275506,0.24196460454387933,0.007895962418588861,0.24465068016660393,-0.010000000000000009,0.7538124116448824
2020-12-29,-0.002632644766994701,0.2406858971798612,0.06359442913584805,0.2135428564899919,-0.010000000000000009,0.4531590097079471
2020-12-30,0.0027996440135471057,0.2161126380802994,-0.013431519365993346,0.10071268483599324,0.0,0.5334820611288269
2020-12-31,0.013640776190701417,0.21464441979428855,-0.0008783687905835113,0.17908684744814718,-0.029999999999999916,0.5379464494786722
2021-01-04,-0.009443723842352045,0.2101484446085026,0.18549447531228538,0.0802088966867105,-0.009999999999999898,0.0
2021-01-05,0.005441342274287887,0.20841677032261385,-0.06043749359531832,0.06850666300244994,0.020000000000000018,0.259141401874175
2021-01-06,0.04695580597265956,0.2594042199824134,-0.010655108766291685,0.25372655169138403,0.10000000000000009,0.3020667596385559
2021-01-07,0.032839334111745604,0.27617392747924235,-0.10769840001825942,0.17539959069639788,0.15000000000000002,0.7313194275769906
2021-01-08,0.0011037764928890914,0.2761487277164344,-0.03620926879315994,0.17414177336731762,0.19999999999999984,0.9944855171195102
2021-01-11,0.014924520814259332,0.27338825445500314,0.11688314101048254,0.16338289003077205,0.21999999999999986,0.5312500219134779
2021-01-12,0.01571891478153319,0.27066763504005636,-0.031146179500675452,0.1444872822869363,0.18999999999999995,0.6691177037760604
2021-01-13,0.0009271169544750766,0.26731893851899624,-0.048006894251866,0.15960602740171131,0.06000000000000005,0.8750002629617345
2021-01-14,0.005842307251725469,0.2587830589845084,0.0468257973164179,0.22771387735761187,0.06999999999999984,0.6838235758167767
2021-01-15,-0.017921681735910463,0.2729002729955055,0.046881726993027555,0.16415489783390141,-0.019999999999999796,0.48345585012723846
2021-01-19,-0.004327588158417575,0.2754911643855202,-0.04519311317065755,0.15869384883014825,-0.04999999999999982,0.6856618536488219
2021-01-20,-0.014995581744382447,0.28107739252737357,-0.07142856556629994,0.1857318411639651,-0.04999999999999982,0.9908089614554195
2021-01-21,-0.008384140261345709,0.28310839836995855,-0.012048203419881413,0.2006088415178686,0.020000000000000018,1.0
2021-01-22,-0.007713631268845925,0.2631433111080913,0.027673553519380344,0.12744738738381875,-0.04999999999999982,0.8955751871818061
2021-01-25,-0.012482116987753446,0.26075142923429423,0.05842084416064907,0.1737710319256592,-0.06000000000000005,0.6690263777894132
2021-01-26,-0.004087239913071256,0.2475874964452757,-0.007330749132337339,0.1719879554586108,-0.050000000000000044,0.6991148888994665
2021-01-27,-0.028271860098560156,0.26928660970589574,0.6164204319953999,-0.3113498966118015,-0.06000000000000005,0.0
2021-01-28,0.0175975631080634,0.27443654836774917,-0.1881214773509905,-0.19969730815657596,-0.050000000000000044,0.44052865128240093
2021-01-29,-0.011067504151557793,0.2778666440988776,0.09533270954634017,-0.25830558367512035,0.010000000000000009,0.25928251039258976
2021-02-01,0.007383048424555604,0.27851444384866625,-0.08612875093162654,-0.228060314941546,0.040000000000000036,0.4386406281359021
2021-02-02,0.030782365063926436,0.29341131819478217,-0.15476191602506523,-0.19315323495762637,0.07000000000000006,0.7331655170559467
2021-02-03,0.011451183286102623,0.29125888699640545,-0.10367760852504264,-0.19007288925391552,0.10999999999999988,0.8999370538916636
2021-02-04,0.0230129895448931,0.29870267619921786,-0.04975990385164541,-0.21986851776985208,0.07999999999999985,0.9716802529751759
2021-02-05,-0.0019525951084205624,0.2566753277690064,-0.04134127696856861,-0.24609500108589905,0.07999999999999985,1.0
2021-02-08,0.015654301099024683,0.2371572360827379,0.01772874542435124,-0.24659522521907823,0.09999999999999987,0.977356244086956
2021-02-09,-0.003996019272970541,0.23794314026964186,0.018361553382818436,-0.23447012586658053,0.05999999999999983,0.953488469819473
2021-02-10,0.000572971164754559,0.23275478657026613,0.016643579487721234,-0.23207579781320478,0.0,0.9314566063548334
2021-02-11,-0.0027925665507309264,0.22640552884903753,-0.033651649787194884,-0.2149629761704072,0.010000000000000009,0.9767442349097365
2021-02-12,0.01421723733647269,0.23187398382605245,-0.06023532643037684,-0.2512357652226503,0.010000000000000009,1.0
2021-02-16,0.024070831402248638,0.2454591795678973,0.07461190898097628,-0.2774340148020776,0.1100000000000001,0.9135730979756548
2021-02-17,0.003110942329194481,0.2353393930438332,0.0018639756399750427,-0.28647216432603706,0.1100000000000001,0.9112528592251673
2021-02-18,0.00337673055632501,0.23412593470188875,0.04604650098224019,-0.2923709087698287,0.14000000000000012,0.8538282777714777
2021-02-19,0.016690870221900668,0.22973801904272664,-0.01956427472367827,-0.35213581974882757,0.18000000000000016,0.8793503508514752
2021-02-22,0.009390821068078252,0.22573445660324795,0.06349213488977601,-0.39146861096001545,0.17000000000000015,0.7981437647455808
2021-02-23,0.008031746210167948,0.22110509947075094,-0.014498939937146155,-0.42714135945131443,0.07000000000000006,0.8178653515844325
2021-02-24,0.017594681149981316,0.21430374981262587,-0.07659023846891823,-0.47707863332114325,0.08999999999999986,0.9205335929569712
2021-02-25,-0.01357151768843816,0.22293120122688584,0.3537956505658676,-0.5305406409029485,0.25,0.4825985965940993
2021-02-26,-0.026524767987258002,0.21953137156571947,-0.032537163259539384,-0.3530065809601213,0.09999999999999987,0.39176822110239806
2021-03-01,0.02262696404052046,0.22330393277229188,-0.16457961559590142,-0.451552117840163,0.07999999999999985,0.7423779838483053
2021-03-02,-0.0032558046001128237,0.21686466021439466,0.03211991382215097,-0.3649528683323504,0.04999999999999982,0.5978577522853824
2021-03-03,0.019332041171901786,0.2207526106859265,0.10663898979853413,-0.348485646248815,0.09000000000000008,0.24887884465992638
2021-03-04,-0.015368830421158948,0.2185978222142493,0.07124108035601838,-0.5700716892372979,0.0,0.03587440494251337
2021-03-05,0.0023249474565825447,0.21790686301588458,-0.13685683896316073,-0.5718046515083272,0.1200000000000001,0.47421519126194844
2021-03-08,0.013252958275491307,0.21043890608859336,0.032846693874873906,-0.5233948192875376,0.14000000000000012,0.38340807702267155
2021-03-09,-0.007062829470188826,0.21325963178734883,-0.05653705007969752,-0.5633847592108642,0.13000000000000012,0.5448428992639816
2021-03-10,0.02173487970419925,0.21819569118959903,-0.06117358213477152,-0.5487813299132627,0.06000000000000005,0.7096412409825925
2021-03-11,-0.0052217954929084445,0.21886855335489308,-0.028812040510530282,-0.5498326863611472,0.0,0.7825111527506127
2021-03-12,0.0118584392228491,0.21955912372323994,-0.05568230588091912,-0.5737001707148913,0.07999999999999985,0.9192823750510248
2021-03-15,-0.004995435116985701,0.22072681779877934,-0.031899460143835656,-0.5322696302906599,0.030000000000000027,0.9932733887020386
2021-03-16,-0.011970957400727225,0.22599814683960814,-0.011982015121855576,-0.3913387880363757,0.07000000000000006,1.0
2021-03-17,0.010292147610584574,0.2154249222490813,-0.028297187841544537,-0.37471182071677456,0.09999999999999987,1.0
2021-03-18,0.016506645059980327,0.22013563894062826,0.12220491094179382,-0.3988410084278735,0.16999999999999993,0.7567287351356133
2021-03-19,-0.015921005746995696,0.23077208924015288,-0.02919365908220116,-0.3172253880878113,0.10000000000000009,0.8219460405929604
2021-03-22,-0.026879396627364015,0.24728016257429594,-0.09880675545533554,-0.12575438712418205,0.06999999999999984,1.0
2021-03-23,-0.010001909694620363,0.24816761715980348,0.07521187179100954,-0.09441441842999967,0.009999999999999787,0.8581418537637171
2021-03-24,0.007761485292811159,0.248060968044012,0.04433505220216092,-0.10876270601333558,-0.009999999999999787,0.7682316134739983
2021-03-25,0.012813648130562365,0.24434219059759557,-0.06556609655538248,-0.12080009161386414,-0.08000000000000007,0.907092878730167
2021-03-26,0.01665005919172419,0.24578386937927776,-0.04795552151447915,-0.09789041788304899,-0.07000000000000006,1.0
2021-03-29,-0.015539149504064056,0.2326937607393679,0.09968181865989649,0.12330150484354256,0.040000000000000036,0.8063852381023471
2021-03-30,0.011789192657607077,0.22334406567610604,-0.05448404885424352,0.05742832831682365,0.10000000000000009,0.9227600339119154
2021-03-31,-0.014564868714942399,0.2296225380635556,-0.010708872273590624,0.11586660636268933,0.11999999999999988,0.9443873265609027
2021-04-01,0.009722148960481986,0.22214118693726037,-0.10670101729522817,-0.060950339919249745,0.06000000000000005,1.0
2021-04-05,0.005300880600609405,0.21515153948320317,0.033467970355421706,0.11373523418562366,0.06000000000000005,0.9287469327769686
2021-04-06,-0.007030346147580209,0.21703682581016143,0.011725348610297894,0.14785390940638013,-0.06000000000000005,0.9029482831986473
2021-04-07,0.015667867969831096,0.21892438808680073,-0.052980184732811735,-0.06316089023650522,-0.050000000000000044,1.0
2021-04-08,0.0012265142612872765,0.2169541157145318,-0.01223770899417147,0.010533319268691364,-0.10000000000000009,1.0
2021-04-09,0.007477998335706144,0.20542388550328222,-0.015339245851263722,-0.18896812947753036,-0.020000000000000018,1.0
2021-04-12,-0.0021116662465591523,0.20457277812407362,0.013181504272906496,-0.1353542521871338,-0.040000000000000036,0.9550103597517404
2021-04-13,-0.011926859243299186,0.20505203584390855,-0.015375531119335055,-0.10539869033239214,-0.030000000000000027,1.0
2021-04-14,-0.018690220650993458,0.21430505374173017,0.020420430052712702,-0.009018589778581878,-0.040000000000000036,0.9310344560768201
2021-04-15,0.006348541069698575,0.21178900928212668,-0.02472042860223675,-0.014865105171294031,-0.07999999999999985,1.0
2021-04-16,0.007425929572704746,0.2102521500578623,-0.01931199159431327,-0.06675756095194291,-0.07999999999999985,1.0
2021-04-19,-0.004239856145306854,0.20159899896940864,0.06400005634014423,-0.19748059780100982,-0.07999999999999985,0.7898988373266914
2021-04-20,-0.0221423348408206,0.20837013681661126,0.08039325136184024,-0.12835906508363296,-0.05999999999999983,0.5090909231026508
2021-04-21,0.008507663001983167,0.1891802979593024,-0.06316918018726324,-0.10685473558295557,-0.06999999999999984,0.7474747863962522
2021-04-22,-0.021056980375593014,0.2002526754437381,0.06914280482700892,-0.08114975352152394,0.010000000000000009,0.5030305645828148
2021-04-23,0.019135567313012067,0.2096865402697242,-0.07375730776554963,-0.20300162793728985,-0.010000000000000009,0.759465483572375
2021-04-26,0.0024632820778743144,0.20486824986625526,0.017888024657076215,-0.3082821863953575,-0.030000000000000027,0.6904232827383241
2021-04-27,0.00458304671242205,0.19640356760957636,-0.0045351432241545605,-0.4003872934228025,0.04999999999999982,0.7082406385922492
2021-04-28,0.006479443643363253,0.1903587340128997,-0.015945261264952347,-0.31265425558095417,0.05999999999999983,0.6934522322786909
2021-04-29,0.019444119791215034,0.19792349756146646,0.019097217048208125,-0.4657015316390107,0.07999999999999985,0.5682537222064454
2021-04-30,-0.008892291285494023,0.19338044217924072,0.05678591512439682,-0.42371980580268326,0.06999999999999984,0.04064980135654406
2021-05-03,-0.002925673708342874,0.19101161318784024,-0.016120426360561647,-0.4247635667548112,0.04999999999999982,0.16260153146196
2021-05-04,0.013823697952607995,0.19607141726507463,0.06389951449590212,-0.23558101684198324,-0.019999999999999796,0.0
2021-05-05,0.013120767731079352,0.19854134063212928,-0.016940448226939245,-0.11146591279221772,-0.039999999999999813,0.10216717352150939
2021-05-06,0.020124225275789342,0.2030668949661336,-0.039686696815723725,-0.019270157821230212,-0.06999999999999984,0.3374613953763028
2021-05-07,0.0034225310603189984,0.20312879963763966,-0.09244148515566206,-0.027137208228984865,-0.04999999999999982,0.8637769051344888
2021-05-10,-0.0001237193510116457,0.2022139924847838,0.17795082194838227,-0.016728165697770594,0.0,0.0
2021-05-11,-0.016623271436517324,0.21156653810978931,0.1108850621615208,-0.22275854517029042,0.029999999999999805,0.0
2021-05-12,-0.00687514048501378,0.20841696414364844,0.2632783864389609,-0.26912205997910715,0.09999999999999987,0.0
2021-05-13,0.0257224373303683,0.2120072883263878,-0.1616528077982975,-0.14721113936483587,0.07999999999999985,0.39329814213481085
2021-05-14,0.015541675066466105,0.21606690962242647,-0.18677042159827906,-0.13886597439183407,0.029999999999999805,0.7742504910497583
2021-05-17,0.004024387463541548,0.21564129727721373,0.0483785153242437,-0.12689938454720004,0.010000000000000009,0.7220184508863834
2021-05-18,-0.01408862460322473,0.22267971465245917,0.0821501468378006,-0.1961272011034234,0.0,0.5733945154800595
2021-05-19,-0.0076383970025320274,0.207146206703519,0.03936270602538043,-0.2773361594699748,-0.010000000000000009,0.49633027860065004
2021-05-20,-0.0017377864046982628,0.20720443223429605,-0.06807936014903805,-0.2738497869543071,-0.030000000000000027,0.6348624145389667
2021-05-21,0.01137864424972568,0.1889530236977699,-0.025157254757829012,-0.3333810923795269,0.0,0.6825688802235763
2021-05-24,0.005409812893351755,0.18165412466495487,-0.08684863687990699,-0.2934347945465216,-0.029999999999999805,0.843119344557993
2021-05-25,-0.010333895905981242,0.188412964408585,0.023913072998898402,-0.26989345574191254,-0.07999999999999985,0.8027523216720833
2021-05-26,-0.00012357541721747274,0.1887821853846431,-0.0785562383359659,-0.24934834203609013,-0.09999999999999987,0.9385321009410929
2021-05-27,0.01557188958773155,0.19329032809524196,-0.035714332801561034,-0.2884127306496659,-0.019999999999999796,0.9954129138706073
2021-05-28,-0.0006691144778362046,0.1850629335742479,0.0011947704920629114,-0.21863316451614093,-0.04999999999999982,0.9935780094244024
2021-06-01,0.0110204077310483,0.18208735844281698,0.06801905573270353,-0.26647353764724724,0.010000000000000009,0.8889909057963977
2021-06-02,6.022486813634198e-05,0.18100578876237539,-0.023463691913108015,-0.26668003734321066,0.030000000000000027,0.9275230242361024
2021-06-03,0.0006625383871138692,0.17758457850143172,0.03203669267484266,-0.2596345714733988,0.04999999999999982,0.8761467496590833
2021-06-04,0.0016247922957800195,0.17394554179636623,-0.08980048542231699,-0.2434805469243081,-0.050000000000000044,1.0
2021-06-07,-0.004686218648824197,0.16352155890104575,0.0,-0.18558490420908946,-0.010000000000000009,1.0
2021-06-08,-0.003984302994741593,0.1644358287448008,0.03958584747321029,-0.1546979608272203,-0.09000000000000008,0.9418084499471253
2021-06-09,-0.012484956011155266,0.17108259923581454,0.04803747565811909,-0.115338604138505,-0.09000000000000008,0.8683975556567571
2021-06-10,-0.015588450559632889,0.169805757195793,-0.10005584512285927,0.04487092957096141,-0.17999999999999994,1.0
2021-06-11,-0.0006857003821120678,0.16770881267405038,-0.027950357284300495,0.2256485728016199,-0.09000000000000008,1.0
2021-06-14,-0.01696938369289491,0.15263496564815313,0.04728433157544441,0.01462726307332656,-0.06000000000000005,0.8866769229241375
2021-06-15,-0.015167825666473178,0.1473556903116508,0.038438138595241755,0.018175912609622348,-0.020000000000000018,0.7901989747052884
2021-06-16,0.007024227499165877,0.14940470173167877,0.066392428341631,-0.010823587262215769,0.07000000000000006,0.6171516482206892
2021-06-17,-0.02886061455806151,0.17109534417797573,-0.02203854693869487,0.11156112137209864,0.07000000000000006,0.6784073260873565
2021-06-18,-0.02530305749480111,0.18712434410414247,0.16619722608109594,-0.022581376104214634,-0.020000000000000018,0.0
2021-06-21,0.016968739969265536,0.20069282068211025,-0.13574885360979996,-0.02521384011192757,-0.010000000000000009,0.5564357894060972
2021-06-22,-0.0014622927219143085,0.19383127834328726,-0.06875347032979967,-0.1786018708832612,-0.030000000000000027,0.8
2021-06-23,0.006057811108603747,0.19422815882273264,-0.0204081726111603,-0.24972533805433605,-0.07000000000000006,0.8673267476313946
2021-06-24,0.009198072574349734,0.19755659724186247,-0.021446043770847016,-0.2664233074938286,-0.030000000000000027,0.9366335493106164
2021-06-25,0.010097814740200337,0.20238432921016905,-0.02191611619395693,-0.31573001877442797,0.09000000000000008,1.0
2021-06-28,0.001817540559074076,0.19247595538730103,0.008962890163154628,-0.3216378470821446,-0.010000000000000009,0.9724408820584793
2021-06-29,-0.001230944615606187,0.19240297908724774,0.01649747621230097,-0.3202788946428092,0.010000000000000009,0.9212597434804263
2021-06-30,0.009082733914417083,0.190740480269296,-0.011860207779553366,-0.4129124096702231,-0.050000000000000044,0.9586614169532852
2021-07-01,0.009900877175719604,0.19573623236888613,-0.022109942081906586,-0.45534868591200883,-0.010000000000000009,1.0
2021-07-02,-0.0009606064974466866,0.19547897661274985,-0.02648577903981504,-0.4702505897181549,-0.10000000000000009,1.0
2021-07-06,-0.016791423984480754,0.20074580297632652,0.0909091484390623,-0.4441331124194987,-0.11999999999999988,0.7566606431049868
2021-07-07,0.0011732936321457881,0.20134408267773746,-0.014598525749495753,-0.44940269022359686,-0.15999999999999992,0.7992893687862963
2021-07-08,-0.017253853179278217,0.2071213540404214,0.17283945093793276,-0.4933388654972155,-0.1499999999999999,0.30195389705468834
2021-07-09,0.031999250295030215,0.23874039381339718,-0.1484210365696957,-0.4525412356211977,-0.10999999999999988,0.8028418472888214
2021-07-12,0.014316145691851571,0.23938903225699584,-0.0006180611058849602,-0.4917452396239124,-0.06000000000000005,0.8046180865400838
2021-07-13,-0.01487319419129298,0.24463783630260333,0.058750819941689625,-0.5018857159646264,0.04999999999999982,0.6358790842831115
2021-07-14,-0.0034050112513463564,0.2379091010547746,-0.0461449110280954,-0.5275374023527812,0.040000000000000036,0.7761989360858774
2021-07-15,0.002191740568191547,0.23182210275328854,0.04164117013795165,-0.5292356639133529,0.010000000000000009,0.6554173772640021
2021-07-16,-0.022835641246309712,0.2439311976159514,0.0846561149136608,-0.6137775909195217,-0.06000000000000005,0.39964468439314815
2021-07-19,-0.03251901196843069,0.24946980365858792,0.219512144693012,-0.706079155261766,-0.18999999999999995,0.0
2021-07-20,0.018642844150016248,0.2421678876114277,-0.12311113145616319,-0.48956745853853434,-0.18999999999999995,0.37281296688966126
2021-07-21,0.021040965575471825,0.24594170197661386,-0.09224529838067741,-0.47400883539040317,-0.07000000000000006,0.6177658094294384
2021-07-22,-0.012626077513065907,0.2504361964060068,-0.012283602190330605,-0.4828865488401448,-0.040000000000000036,0.6473754062421383
2021-07-23,-0.0019215901399007446,0.24977776208182825,-0.027699251346815595,-0.4796340879203058,-0.010000000000000009,0.7133242287175328
2021-07-26,0.00670510970891529,0.24879861444794846,0.022092973483197702,-0.4609009322394445,0.10000000000000009,0.6621803330030342
2021-07-27,-0.001318726127664776,0.24615978126598162,0.10125146156828108,-0.4325752110928066,0.020000000000000018,0.42261093683416084
2021-07-28,0.0016504416058802534,0.24614130452412733,-0.054235594592272715,-0.42796614941468925,-0.040000000000000036,0.5639300621749421
2021-07-29,0.008569636977916876,0.24807333001851492,-0.03331505848143585,-0.4303986961412847,0.010000000000000009,0.6460294804721394
2021-07-30,-0.007973760089404305,0.24727152761563853,0.030508417226137615,-0.4201962883870524,-0.06000000000000005,0.5733512858558425
2021-08-02,-0.004019210820584129,0.2443834220481165,0.06688592810654968,-0.3941645716427095,-0.09000000000000008,0.4091521925523558
2021-08-03,0.011377972738026373,0.2483923077442693,-0.07297010461209859,-0.41332573977512854,-0.06000000000000005,0.7045812224688686
2021-08-04,-0.010792018670063363,0.24437817662700728,-0.0038803546907029236,-0.48501784430961015,-0.07000000000000006,0.7156399275267775
2021-08-05,0.012628805746459342,0.24859067819339614,-0.038397253927339246,-0.5083316890927007,-0.050000000000000044,0.8246444512274678
2021-08-06,0.028403662863124533,0.2588119440578793,-0.06539357773223542,-0.5409048629606535,0.07000000000000006,1.0
2021-08-09,-0.0010794753872585014,0.23502310217263955,0.03529409958438695,-0.4746690564497359,0.13000000000000012,0.9102362739240827
2021-08-10,0.012267132219044094,0.23361706257426038,0.00418669886648502,-0.46208212681780036,0.17000000000000015,0.8992124002284012
2021-08-11,0.011930197767490786,0.2298404565874364,-0.036926790078970366,-0.5329964469516565,0.16000000000000014,0.9968503218012339
2021-08-12,0.003909318908961604,0.22916582793405876,-0.035868888124271844,-0.5472757097003814,0.13000000000000012,1.0
2021-08-13,-0.01118721500230435,0.23374372318658268,-0.008980137392719287,-0.44141851244021607,-0.020000000000000018,1.0
2021-08-16,-0.006563551648556901,0.21873987703831677,0.04336576299285596,-0.39300924300360296,-0.07000000000000006,0.9049643954834526
2021-08-17,-0.012080746196504927,0.18696331094302898,0.11104211631442049,-0.028421983066695366,-0.10000000000000009,0.4252336000873459
2021-08-18,-0.009107478354953324,0.18278142661124283,0.20435510209906327,-0.275891828835409,-0.08000000000000007,0.0
2021-08-19,-0.00835613976374824,0.17203636260861122,0.0046360863646058344,-0.3662684705955236,-0.1200000000000001,0.0
2021-08-20,0.00285185379463335,0.16538777193022494,-0.14351640975552052,-0.3780848961463628,-0.030000000000000027,0.5000000766619193
2021-08-23,0.01279762969188677,0.16965507501232377,-0.07596982155088207,-0.3944179448551053,-0.010000000000000009,0.7266881452921226
2021-08-24,0.006190226846239709,0.1694819164560269,0.004081614949342932,-0.39780049985920757,0.030000000000000027,0.715434175546289
2021-08-25,0.02061272477615607,0.18086419014941743,-0.02497087194966815,-0.40722676674691133,0.08000000000000007,0.7845657477917918
2021-08-26,0.0051575848713709335,0.18095376266146881,0.12209643390577267,-0.39479516150894944,0.10000000000000009,0.4549838910309081
2021-08-27,0.008037073726023643,0.18076100602914713,-0.13004250228750222,-0.4064504035896,0.050000000000000044,0.848874672021144
2021-08-30,-0.016007288091733234,0.18891770348332187,-0.01220249316892197,-0.3026896131787522,0.040000000000000036,0.881028827488143
2021-08-31,-0.0030541662094991824,0.18851354115329483,0.017912229685765797,-0.2633993496299322,0.010000000000000009,0.8344051947343074
2021-09-01,-0.0014377594175187833,0.18634557606191712,-0.022451392121492556,-0.26785956853856346,-0.040000000000000036,0.8938905510044781
2021-09-02,0.004633135242640348,0.18041536612363565,0.018621925865588165,-0.2561394632854449,-0.050000000000000044,0.845659164480141
2021-09-03,-0.006045280982280568,0.17929910702701607,0.0,-0.24128700403646705,0.020000000000000018,0.845659164480141
2021-09-07,-0.0017554629582245136,0.15162896973945525,0.10542349532740261,-0.20513010699045756,0.08999999999999986,0.5675242017845975
2021-09-08,-0.0044593161932904,0.15253808810677785,-0.009922839648963722,-0.21643874535909385,0.050000000000000044,0.5964631563582705
2021-09-09,0.0043533901522590105,0.14714664979183012,0.046770612216462414,-0.18069108855536306,-0.010000000000000009,0.46141490611291414
2021-09-10,-0.01149593471030364,0.14562436719966537,0.11436178793244821,-0.2286488185176639,0.06000000000000005,0.11575551164701536
2021-09-13,0.015887195134347314,0.15632909145764595,-0.07541765470963964,-0.11295841953734846,0.0,0.3697747810803903
2021-09-14,-0.017452986373568936,0.16307484766004854,0.0046462695580770895,-0.25256785001460463,-0.09999999999999987,0.3974822309531838
2021-09-15,0.006939688290361798,0.16379331699656027,-0.06577589103373596,-0.29021702084734907,-0.040000000000000036,0.6276978608534152
2021-09-16,-0.0004429115348989361,0.15799847062281702,0.02805281739938369,-0.309224649034439,0.040000000000000036,0.5359711921719111
2021-09-17,-0.0025931267429389606,0.15464904488563952,0.1134295811293116,-0.25273747018347187,0.020000000000000018,0.15467638362547897
2021-09-20,-0.029934074958068935,0.18552416707977698,0.2354637070774368,-0.5328449180132087,-0.020000000000000018,0.0
2021-09-21,0.00013057364336528185,0.18517273418710764,-0.05250869397877242,-0.454847398043722,0.050000000000000044,0.14062486340600067
2021-09-22,0.019152935240085104,0.19209114307070577,-0.1432676389028956,-0.3355279987859014,0.010000000000000009,0.5041665640142066
2021-09-23,0.033801680290508875,0.22466346583528346,-0.10733117337761819,-0.28502741486975136,0.06999999999999984,0.7375001092751994
2021-09-24,0.011539821998658719,0.21681847223857695,-0.04723559851896368,-0.2574160499256283,0.09999999999999987,0.8291667030917331
2021-09-27,0.024165766293970527,0.2312474450322816,0.05690142134545555,-0.2448103161041756,0.16999999999999993,0.7239583291941212
2021-09-28,-0.005389924764533183,0.23122843623611078,0.23933900406917982,-0.24868717344655059,0.20999999999999996,0.2562499453624003
2021-09-29,-0.000782461777809384,0.2230056053378822,-0.029677442325058805,-0.3399376764961107,0.22999999999999998,0.32812501241763625
2021-09-30,-0.013618931667553768,0.22877358543716023,0.02570921708494051,-0.41528727712023106,0.1100000000000001,0.26770834409528477
2021-10-01,0.021015540735403952,0.23852623264716924,-0.08815899144281283,-0.4049375906092907,0.010000000000000009,0.4956988259345291
2021-10-04,-0.0010769760036833842,0.23863328243196075,0.08815159570501253,-0.4150336868300127,0.010000000000000009,0.2956989489892897
2021-10-05,0.016330219658658614,0.2417002256558171,-0.0722996478050703,-0.47270190794755274,0.0,0.5540201450543594
2021-10-06,0.00213446867281991,0.2410980726597678,-0.014084471727988077,-0.5070354878510352,-0.020000000000000018,0.591708495753513
2021-10-07,0.006330376757486,0.23964497198290277,-0.06952376592726935,-0.5663990696986343,0.06000000000000005,0.7751254872605391
2021-10-08,0.0007644912267936743,0.23985569917829513,-0.03940636753766964,-0.5544384570782422,0.13000000000000012,0.8718592242361739
2021-10-11,-0.021031633231630504,0.24949395114476336,0.06553007523916038,-0.49984456463042065,-1.49,0.7173366509062782
2021-10-12,-0.0076811613038716385,0.24766914696159495,-0.007499980926513672,-0.464751654943523,0.050000000000000044,0.736180826255855
2021-10-13,-0.02636676998647962,0.25819831370754054,-0.06095722763566509,-0.39088673296038673,0.030000000000000027,0.8881910185913797
2021-10-14,0.0153414753537423,0.2620040777094937,-0.09549349987025117,-0.42116551463804935,-0.06000000000000005,1.0
2021-10-15,0.01920847566536314,0.268468734587595,-0.03321478962148973,-0.4787243313620239,-0.020000000000000018,1.0
2021-10-18,-0.0003598468670006805,0.2680013375529677,0.0006135110030618213,-0.43100878601163856,1.59,0.9989372764034012
2021-10-19,0.012128149948335956,0.24106512835451271,-0.037400348047283066,-0.2994638187509205,0.05999999999999983,1.0
2021-10-20,0.013466244656899534,0.24207081829525182,-0.01337579877058623,-0.3161401411862756,0.08999999999999986,1.0
2021-10-21,-0.007843362942977557,0.2411875078906064,-0.030987704927621106,-0.2559711288732522,0.15999999999999992,1.0
2021-10-22,0.013451375032602695,0.21921477201324222,0.027981350425684375,-0.29631085321688055,0.06999999999999984,0.949029115538804
2021-10-25,-0.0048900347555693065,0.21893072631262492,-0.012313709027852976,-0.23469930923897198,0.04999999999999982,0.9720874334192952
2021-10-26,0.002690920513821926,0.20447970905373652,0.04855641615694526,-0.24480955482432304,-0.020000000000000018,0.8822816334589699
2021-10-27,-0.020828475829310692,0.21770545671878766,0.06257822457109123,-0.15526491188490646,-0.10999999999999988,0.7576876363208953
2021-10-28,0.015074677462799531,0.2230484160286766,-0.02650170010143321,-0.18137146174990204,-0.10999999999999988,0.813038054776337
2021-10-29,-0.0027586021804267688,0.21677754619040152,-0.016333965308410647,-0.07157370214772629,-0.10999999999999988,0.8427672729637011
2021-11-01,-0.0005300572510395253,0.20571515733268192,0.009225068660444206,-0.1817049936346331,-0.05999999999999983,0.8238993937029655
2021-11-02,0.003946106122943142,0.2057746355757807,-0.023156560895796,-0.19420087683764187,-0.06999999999999984,0.837837739491311
2021-11-03,0.00035179949626829363,0.1984424215187805,-0.05801623614093533,-0.35607240841804916,0.06000000000000005,0.9849749322158838
2021-11-04,-0.013135780717200866,0.20392904692112238,0.02251650267047749,-0.36498228806971916,-0.040000000000000036,0.9138277813176913
2021-11-05,-0.0014257336185413395,0.2026000494563702,0.0673575123133008,-0.4498374741941275,-0.10000000000000009,0.7054109457353556
2021-11-08,0.006010050333493918,0.20382263507893675,0.04490289998016265,-0.46705033808892754,-0.07000000000000006,0.5571143916150045
2021-11-09,-0.0075714126379727254,0.19148791708069057,0.03252040624976809,-0.3596867583380487,-0.10000000000000009,0.42768587387696966
2021-11-10,-0.0009534805574792953,0.18931900844065255,0.05343075471894446,-0.3144045643764436,-0.040000000000000036,0.0
2021-11-11,-5.9681454849287405e-05,0.16184308253386928,-0.057127587879079185,-0.08798962705553415,-1.53,0.28763437965781546
2021-11-12,-0.004474530341985917,0.15564924564842936,-0.07757638412921758,-0.1314906447932921,0.13000000000000012,0.6559137304003229
2021-11-15,-0.0017980833286720174,0.14105170063595604,0.012277399898743093,-0.1465911704971387,0.11999999999999988,0.6021505872532688
2021-11-16,-0.007204566638294078,0.1432615792074006,-0.007277072986680137,-0.14662147919275081,0.16999999999999993,0.6344083705958569
2021-11-17,-0.0053820617276546,0.13681379022805587,0.04520462633970262,-0.12396906136005124,0.040000000000000036,0.4354836642224912
2021-11-18,-0.008633942532769456,0.12824371733645565,0.02805374197040812,-0.09128821109149608,1.59,0.30645150539569543
2021-11-19,-0.013063494238817613,0.13235290074716663,0.018192137126112503,-0.23439563704400398,-0.040000000000000036,0.22589528495952793
2021-11-22,0.021315146869022698,0.14631467874331977,0.07035177217290142,0.20626615661525377,0.0,0.0
2021-11-23,0.023912169732615052,0.17120403700858614,0.010954568786483515,0.3950562609714253,0.040000000000000036,0.0
2021-11-24,-0.007844092594919189,0.17246657246006566,-0.04127963218285825,0.3578613231452983,0.039999999999999813,0.18691576290401934
2021-11-26,-0.030127221485837827,0.1881049080872424,0.540366036423789,-0.36497989243601026,-0.1100000000000001,0.0
2021-11-29,-0.0043224851386377584,0.17812975325439281,-0.19776385705068864,-0.34147641361805525,-0.020000000000000018,0.4186391688700398
2021-11-30,-0.014885793917004628,0.18318262584139597,0.1842335199588757,-0.40860937936181463,-0.19999999999999996,0.10576924976024116
2021-12-01,-0.00591825797791175,0.18316737792764287,0.1445384416323621,-0.351332967513674,-0.24,0.0
2021-12-02,0.021027573181404444,0.20052680528738887,-0.10186375291794607,-0.11138299509778792,-0.19999999999999996,0.19787765204199403
2021-12-03,-0.018113300409623608,0.2072153618728461,0.09731660962818645,-0.20322872732353395,-0.1299999999999999,0.02869902594462259
2021-12-06,0.011813913648559254,0.2105332453066163,-0.11379197138690987,-0.17002554599004788,-0.09000000000000008,0.26567771775638693
2021-12-07,0.015047705641030263,0.2189333176247888,-0.19462843473625677,-0.1570826227477586,0.050000000000000044,0.6223871542191053
2021-12-08,-0.011441558802691104,0.21974864904837113,-0.09090908298787871,-0.1252941576854449,0.09000000000000008,0.7565745973314353
2021-12-09,-0.0015552265870268584,0.2189231371046483,0.08442212750654608,-0.1421642297548257,0.050000000000000044,0.6432906921514854
2021-12-10,-0.003988550031268673,0.2189872818053351,-0.13392026876115584,-0.13567810357955615,0.1299999999999999,0.8381659048633018
2021-12-13,-0.011888593532278165,0.22136768581892852,0.08667730795045955,-0.11969983202264337,-0.010000000000000009,0.7289279453070671
2021-12-14,0.007662084182680544,0.22414395605617968,0.07779418834331037,-0.13059080793807684,-0.040000000000000036,0.6257628101413533
2021-12-15,-0.007478199835534044,0.22489036921752478,-0.11877563027025972,-0.12053348895191483,-0.050000000000000044,0.8020338931326139
2021-12-16,0.01563848986533438,0.2325724568121792,0.06635555824502576,-0.1673174720413798,-0.050000000000000044,0.7530336168489267
2021-12-17,-0.02275396640937766,0.2438832908104146,0.04861448783840371,-0.16581917152343081,-0.07000000000000006,0.7058389253324503
2021-12-20,-0.01798911398734205,0.24910410877619318,0.060268945887890696,-0.19459759433070767,0.010000000000000009,0.6245268266904616
2021-12-21,0.013966323875880704,0.2523973223406695,-0.08132927599900822,-0.2644159351333963,0.040000000000000036,0.8062200855051858
2021-12-22,0.003908168071268952,0.23959792139498456,-0.11327944037066293,-0.2256589170717351,-0.010000000000000009,0.9960128203022189
2021-12-23,0.003573641598816033,0.22137970466788415,-0.03596350544689856,-0.18556347132132353,0.06000000000000005,1.0
2021-12-27,0.005722998562692302,0.2227219317730567,-0.015590133272275517,-0.2378810678158445,0.07000000000000006,1.0
2021-12-28,0.003034643603534676,0.19924411765119673,-0.007918517377369783,-0.12754324477630596,0.06000000000000005,1.0
2021-12-29,-0.0005039367416908675,0.19885682856453626,-0.03363740717171748,-0.12199791711671056,0.07000000000000006,1.0
2021-12-30,-0.0005045160364335594,0.19207318577814994,0.02241882853465444,-0.05098423700943568,0.06000000000000005,0.9731828398926877
2021-12-31,-0.0008204964236551125,0.19091411403890118,-0.006347409742402275,0.011996112332308526,0.020000000000000018,0.9803208043784497
2022-01-03,0.021155688766402645,0.19109059025591538,-0.036004585168824176,-0.2710044170976252,0.1499999999999999,1.0
2022-01-04,0.037909789559428954,0.2197840463936636,0.018674666193889338,-0.17956044606307225,0.16999999999999993,0.9706994831589948
2022-01-05,-0.018282177675315113,0.22890982762515355,0.16676521113368248,-0.3662486555486356,0.15999999999999992,0.5007976184609432
2022-01-06,0.010624295092902466,0.22609417739675108,-0.0060820544687739085,-0.4487847209948934,0.20999999999999996,0.519936202691217
2022-01-07,0.009908104634077406,0.2230845945446225,-0.043345250128194054,-0.4452280607692103,0.24,0.655502441831955
2022-01-10,0.000957140761736448,0.22271348257143708,0.03411510564179688,-0.4479492423576291,0.15000000000000013,0.5534291813976636
2022-01-11,0.0010160662021763422,0.2215839370846942,-0.051030917040459485,-0.45214563619951265,0.09000000000000008,0.711323870207825
2022-01-12,0.005671851573543764,0.21536696410958883,-0.04291140764402347,-0.4319850275204614,0.030000000000000027,0.8373205130311144
2022-01-13,-0.0012469799308556576,0.21538194881161263,0.15266733817170575,-0.49946761750544383,-0.030000000000000027,0.40829365014178864
2022-01-14,-0.06146339729380429,0.3092732214802153,-0.05514519750543961,-0.37404021782106683,0.020000000000000018,0.5869218559017986
2022-01-18,-0.041927499261153925,0.3367308717570449,0.18759772179685952,-0.5468427745070642,0.09000000000000008,0.012759157554286471
2022-01-19,-0.015469339803524532,0.3320654129548305,0.046511602604639705,-0.5116040282889454,0.08000000000000007,0.0
2022-01-20,-0.008527294179086601,0.3278951773687282,0.07295596407914769,-0.4343327886169798,0.09000000000000008,0.0
2022-01-21,-0.017472732412508764,0.3273079052654212,0.12739352127562045,-0.45852253185073427,0.050000000000000044,0.0
2022-01-24,-0.0008961214042525077,0.32645459497044255,0.03639512038741457,-0.35693090662693916,-0.030000000000000027,0.0
2022-01-25,0.010900310581995863,0.3293484273090691,0.04214047641997164,-0.2149017155846926,-0.09000000000000008,0.0
2022-01-26,0.009486234680908126,0.33083980987289535,0.025673916591080734,-0.11404729883201345,0.020000000000000018,0.0
2022-01-27,-0.017644973526821962,0.3340725362601139,-0.04599497357522366,-0.15156099401454304,-0.020000000000000018,0.09570308837767694
2022-01-28,0.008946679497526954,0.33679507860336316,-0.09281731534766324,-0.11419072667252976,0.030000000000000027,0.279947890634905
2022-01-31,0.01357355321893629,0.3417215201537781,-0.10231380836290321,-0.09399983602090249,0.040000000000000036,0.46419269289213305
2022-02-01,0.017159722627851367,0.3484792736537835,-0.11558601885025822,-0.10066842606256814,0.030000000000000027,0.6510417216405733
2022-02-02,-0.008004597633064523,0.3388940498348562,0.005919903166442058,-0.029886531199641516,-0.07000000000000006,0.6558139157628622
2022-02-03,-0.008270658699011337,0.3045216060996565,0.10230874663969036,0.11987813283370521,0.010000000000000009,0.5306833775610382
2022-02-04,0.025958585533720307,0.31894982622333456,-0.046406613979980124,0.0754973197754134,0.1499999999999999,0.6094840195688142
2022-02-07,0.0033431084255740066,0.3159632910771484,-0.015503820570566686,0.10798408256487112,0.1299999999999999,0.6345885347051703
2022-02-08,0.018814743177164993,0.32217932969404295,-0.06211723702452286,0.11540199063975144,0.1499999999999999,0.7336122620452605
2022-02-09,0.004167862266072006,0.32287996579110306,-0.06902991663801344,0.10945342594003636,0.15999999999999992,0.8368201860822323
2022-02-10,-0.004150563289952868,0.3225768539317778,0.19789583888369264,0.1298663359721084,0.20999999999999974,0.5613668216265695
2022-02-11,-0.013016996082378196,0.32260216247856116,0.1442911244231088,0.16534333734142603,-0.010000000000000009,0.36021918530065833
2022-02-14,-0.00929053866541628,0.32291440373130736,0.03545319048668063,0.1679903845811297,0.06000000000000005,0.2842599508868874
2022-02-15,0.014623653697107998,0.2538856904720255,-0.09283442173841532,-0.09779131711782076,0.08999999999999986,0.5216665267944336
2022-02-16,0.0018100035217213123,0.20525722820645353,-0.054863805663593286,-0.2613553076408231,0.08999999999999986,0.6391665140787761
2022-02-17,-0.02303226733127409,0.21447953860723457,0.157266346267706,-0.3435657768463612,-0.05999999999999983,0.3208332061767578
2022-02-18,0.004688761786642214,0.21204817786215113,-0.012806851744392762,-0.34237343091766376,0.0,0.35083325703938806
2022-02-22,-0.0017749978774147495,0.20102864812213453,0.03819817895287866,-0.31038365058516393,-0.040000000000000036,0.2624999682108561
2022-02-23,-0.020938678603681572,0.21639174916841583,0.07670951172469935,-0.38921424012257194,-0.05999999999999983,0.0783332188924154
2022-02-24,-0.02784326798408562,0.23551495405225858,-0.022566110657946725,-0.5322731026880582,-0.06999999999999984,0.1366666158040365
2022-02-25,0.023659524128672067,0.2479109667872789,-0.09003956364492817,-0.5633353986592209,0.0,0.31012657136363
2022-02-28,-0.041697353102903886,0.28138447321148424,0.09278722188416733,-0.5867156560742857,-0.08999999999999986,0.07866191059744154
2022-03-01,-0.03772922067245715,0.30595090568411776,0.10514096571814398,-0.6865353487202931,-0.21999999999999997,0.0
2022-03-02,0.02074003932404319,0.3118620415154431,-0.07743097080840672,-0.5608184458205792,-0.1299999999999999,0.19311375792206364
2022-03-03,-0.007108189906181413,0.30341549693454695,-0.00845804264208615,-0.5252172241367566,-0.09999999999999987,0.21257485200916892
2022-03-04,-0.02812918538506778,0.31452576995312287,0.049212599164295934,-0.5981094167810267,-0.22999999999999998,0.10029940803667592
2022-03-07,-0.0386158227733443,0.33536708056827086,0.13977489945863028,-0.6731946012242966,-0.050000000000000044,0.0
2022-03-08,-0.007042837875087367,0.31398289774572397,-0.036213982639098564,-0.5971362819203558,0.14000000000000012,0.08004848759645178
2022-03-09,0.040062394775735984,0.3539548220934323,-0.07628807923971881,-0.41329168322442705,0.07999999999999985,0.24257123061566066
2022-03-10,-0.011840716823463476,0.3423124408090918,-0.06841297899871077,-0.35131294571430904,0.11999999999999988,0.37719833763421706
2022-03-11,-0.022523894481183256,0.34310378459218316,0.01720147091094543,-0.34655219674230386,0.26,0.4545454822002102
2022-03-14,0.00993087882448068,0.34903154924966573,0.03317074659394055,-0.32449587067975216,0.3600000000000001,0.38486845097878675
2022-03-15,0.017746103022876835,0.35993202382614936,-0.061063912688220846,-0.3410284765463188,0.2899999999999998,0.5444079705841662
2022-03-16,0.044685811833003554,0.40152496678580213,-0.10593361902427768,-0.42218143096410615,0.25,0.8042763823493704
2022-03-17,0.012644693051103953,0.40040667564814564,-0.03749531297860272,-0.4174028269030265,0.2200000000000002,0.88651322548657
2022-03-18,-0.00035690333960337217,0.40005372963481584,-0.07012073360774287,-0.4043915742538205,0.14000000000000012,1.0
2022-03-21,-0.0032118743737098035,0.3943351200414209,-0.014243826587096591,-0.3974545755159789,0.17999999999999972,1.0
2022-03-22,0.0212675209792937,0.4027934489750167,-0.0250743788937816,-0.4384270496263203,0.22999999999999998,1.0
2022-03-23,-0.019913294042862028,0.4071090540348475,0.027462909594586988,-0.3552606883825908,0.1299999999999999,0.9533679385571154
2022-03-24,0.006510574794570414,0.4034922828478455,-0.08061093097712249,-0.3481686436239342,0.13999999999999968,1.0
2022-03-25,0.008742357170143477,0.3941303332825126,-0.039686230148765274,-0.3468126394393981,0.33999999999999986,1.0
2022-03-28,-0.007398485352678492,0.3846330602954725,-0.05670352404895388,-0.29616400860695713,0.14000000000000012,1.0
2022-03-29,0.0022009452323537007,0.3566760668686374,-0.03718795585561399,-0.2707525015886954,0.03000000000000025,1.0
2022-03-30,-0.004533701135047013,0.32992921234226436,0.02275133935739304,-0.16403711400121426,0.03000000000000025,0.9754985597073442
2022-03-31,-0.030026839670580778,0.3395730855766003,0.0636316372007779,-0.11157935920822443,-0.020000000000000018,0.9054131202754407
2022-04-01,-0.007409118985092646,0.33964505717736904,-0.04523347905316465,-0.08017209685401075,-0.08999999999999986,0.958404587200333
2022-04-04,0.00443420551602766,0.3250739513001075,-0.05399895625369895,-0.020374517022948728,-0.040000000000000036,1.0
2022-04-05,-0.011637158901918661,0.2960689085630484,0.13247178418139308,0.24120984273304383,0.1299999999999999,0.8514492277887773
2022-04-06,-0.013874273526571142,0.2996268941108521,0.05087967950013863,0.344573099249909,0.2599999999999998,0.7456772035302986
2022-04-07,-0.003042293176529558,0.26531370811223687,-0.024886929181699984,0.18565160720354107,0.3400000000000003,0.774242471969924
2022-04-08,0.018308232691735805,0.26940304989842695,-0.018097420113952357,0.2322433944861684,0.33000000000000007,0.8037878785689453
2022-04-11,-0.003670737711426983,0.2561878028659836,0.15170137121782049,0.43490451484621623,0.3700000000000001,0.5606059993046848
2022-04-12,-0.010977546547740588,0.2582329954150093,-0.004513771299280052,0.4230471899186952,0.18000000000000016,0.4946713660393365
2022-04-13,-0.032233464347480305,0.2748410525613761,-0.10057710268084688,0.3373877510232273,0.0900000000000003,0.5987654509949177
2022-04-14,-0.009269338690357589,0.21864149329822705,0.0403300220175518,0.054882703378546796,0.16999999999999993,0.4183097399692943
2022-04-18,0.01855370976697825,0.22516147663085886,-0.02334804708512606,-0.049880622324995315,0.1299999999999999,0.3793104015264047
2022-04-19,0.0207067443670193,0.2404001634986748,-0.0360847647409787,-0.07071583541844662,0.14000000000000012,0.5172412772524715
2022-04-20,0.003508393861093318,0.24134140237068788,-0.049134352043705684,-0.0830015620597806,0.1299999999999999,0.698275921602725
2022-04-21,-0.007751986946138643,0.22597766765561897,0.1161417640647252,-0.18575671593558804,0.19999999999999973,0.29137934493110695
2022-04-22,-0.028722422082677144,0.23576463107100162,0.24382710339006827,-0.3404524049594085,0.06999999999999984,0.0
2022-04-25,-0.0003155774696545079,0.23303809852575236,-0.042183575516809686,-0.27241067458585294,-0.040000000000000036,0.12344384876069814
2022-04-26,-0.02958106392344011,0.24320027942920758,0.24056254218649917,-0.41929270830354287,-0.16000000000000014,0.0
2022-04-27,-0.013006063853063477,0.2442867940055574,-0.05727923777069186,-0.4190278607118248,-0.03000000000000025,0.1284280921947215
2022-04-28,0.01581288486670991,0.2547824700572322,-0.050949385788478296,-0.24753612399464694,-0.04999999999999982,0.23612043521738546
2022-04-29,-0.032268539705309664,0.27048529280147754,0.11370462756871177,-0.3638268471577663,-0.009999999999999787,0.008026683997384043
2022-05-02,0.009132202730410393,0.2628632158642996,-0.0317365666127203,-0.3369824834915775,0.18000000000000016,0.07892978227138037
2022-05-03,0.021419695888982224,0.2785809247516607,-0.09554731410044921,-0.2635511844114624,0.20000000000000018,0.2856187451407266
2022-05-04,0.03308117240940545,0.30587596712815174,-0.13094016833183092,-0.22192878018465842,0.11000000000000032,0.6136363570683591
2022-05-05,-0.02501959268826095,0.314224661382801,0.22738004206521586,-0.30336278409227885,0.19999999999999973,0.175757542479686
2022-05-06,-0.0016140702360753936,0.3118855008020298,-0.03237180141615742,-0.3279913682046074,0.22999999999999998,0.25227270691191317
2022-05-09,-0.01503383230879418,0.3147983062755386,0.15104337148978203,-0.3625010805649218,0.05999999999999961,0.0
2022-05-10,-0.02437217420108658,0.31262613771629844,-0.050647433713185704,-0.353738106573829,0.020000000000000018,0.12196800307079159
2022-05-11,-0.006308379850332456,0.31258482874531246,-0.013034261391276334,-0.3487460532831627,-0.020000000000000018,0.15176705338831287
2022-05-12,-0.0008465192968427264,0.3122937970121544,-0.024262926357717596,-0.35362645420498817,-0.20999999999999996,0.2065141704236455
2022-05-13,0.008895300736268848,0.29926127142010067,-0.09128106946002883,-0.4968271574908424,-0.18999999999999995,0.40748434070770956
2022-05-16,-0.006969499591581371,0.2987598245092386,-0.04849329702742334,-0.5410829848261771,-0.16999999999999993,0.5045045414194691
2022-05-17,0.03314726128452459,0.3157520343134937,-0.04987255064177388,-0.5154679891460681,-0.010000000000000231,0.599445560332225
2022-05-18,-0.01710601459066918,0.3082756117746213,0.18620684413680674,-0.46769352675700443,-0.020000000000000018,0.26264732053872086
2022-05-19,-0.01482207465687007,0.3091914866098497,-0.05200254362444058,-0.500254340420674,0.0,0.44739020340206526
2022-05-20,-0.008198858149303311,0.3092478574250726,0.002725721385563015,-0.6155030880408358,-0.15000000000000036,0.570203616112251
2022-05-23,0.061871627071726776,0.3737828016976112,-0.03228001199756627,-0.6553915268979397,-0.020000000000000018,0.6720257780316367
2022-05-24,0.014125225091190092,0.3772411696310833,0.034059032173248335,-0.6887447727701542,-0.2200000000000002,0.5680599443086904
2022-05-25,0.0069640732929654925,0.3619289899115169,-0.03667232243556173,-0.6585416728061334,-0.14000000000000012,0.6838155640876301
2022-05-26,0.017290109204443037,0.36147420081510984,-0.030666225361201196,-0.6600373371953009,-0.08999999999999986,0.7770632432245681
2022-05-27,0.014138017152888807,0.3607892621652275,-0.06472729769620028,-0.656678785713124,-0.03999999999999959,0.9678457406737704
2022-05-31,0.007312913765888307,0.337011139447369,0.018273764900883498,-0.5934552605254092,-0.009999999999999787,0.9174704754490702
2022-06-01,-0.017544915026077003,0.34555086421091885,-0.01909125581535584,-0.5137745159173049,0.18000000000000016,0.9710610439473163
2022-06-02,0.01608796185988545,0.34261209962287775,-0.037757929176263735,-0.5340290796896434,0.16999999999999993,1.0
2022-06-03,-0.013939310966713858,0.3300787392008827,0.0028317801018317413,-0.3976122267201978,0.20999999999999996,0.9930207779281556
2022-06-06,-0.003303629379511087,0.31652494971280765,0.011294827307630163,-0.33135225498856224,0.2999999999999998,0.9651046502982062
2022-06-07,0.002620888087150445,0.3161930773689631,-0.04188269843805872,-0.31098843968210105,0.1299999999999999,1.0
2022-06-08,-0.01591463063997681,0.3168251077901985,-0.002497975526541764,-0.16340884924097268,0.08999999999999986,1.0
2022-06-09,-0.02101562595237376,0.31342915575420277,0.08889821158196903,-0.00027314475414526464,0.1200000000000001,0.7523255231124018
2022-06-10,-0.045966012474946125,0.35510985928235367,0.06362590408982625,0.02211924519674482,0.18999999999999995,0.5147246800124063
2022-06-13,-0.029778400081773754,0.3706062862140591,0.22594596244193413,-0.1491245989676577,0.3900000000000001,0.0
2022-06-14,-0.016639427550115757,0.3729322282956566,-0.039094703502602954,-0.2092188131104161,0.5100000000000002,0.13220692340915585
2022-06-15,0.011836167697865123,0.3753249799038366,-0.09391244773461935,-0.18498352646802635,0.30000000000000027,0.4373756479012153
2022-06-16,-0.01715628121270228,0.35788008571723035,0.1124240320511834,-0.19443399867862993,0.23999999999999977,0.10636178417082864
2022-06-17,-0.0035265288496899505,0.3543499515196201,-0.05523525220126551,-0.1654161268134541,0.10000000000000009,0.2872764316583427
2022-06-21,0.02477223958214932,0.363630381945528,-0.03019590915677481,-0.10460242174732273,-0.1200000000000001,0.38071564621000775
2022-06-22,-0.005611779920414491,0.36307356324882734,-0.04107319473940747,-0.10067896647735947,-0.33000000000000007,0.5039760440077978
2022-06-23,-0.010939310054587951,0.2841593214846738,0.00345417863508686,-0.16619679267906076,-0.2400000000000002,0.49403583918967653
2022-06-24,0.029845448768191316,0.3015519961233154,-0.06265059354983918,-0.20173523140491004,-0.1499999999999999,0.6749502970799368
2022-06-27,-0.008012161507608279,0.2995503190914473,-0.010282731693130225,-0.20415968036561744,-0.04999999999999982,0.7027831739262823
2022-06-28,-0.004811848181511809,0.2893027977190876,0.052319102318953696,-0.20458657864584684,-0.10999999999999988,0.562624162501531
2022-06-29,-0.004489665049958671,0.2807478531695798,-0.007052212927895767,-0.17227691490887623,-0.06000000000000005,0.5825049513322809
2022-06-30,-0.023330661767480217,0.28249041352840876,0.019531223012811613,-0.1585304967144751,-0.10999999999999988,0.5278330664435992
2022-07-01,0.012787651175034139,0.2883376956607191,-0.07001039309054798,-0.20799841304529926,-0.25,0.7276340651660929
2022-07-05,-0.003803739927870515,0.27713382538629516,0.03146067897323211,-0.1459913056369445,-0.38000000000000034,0.6441350554325491
2022-07-06,-0.00648177789746653,0.27597255759419265,-0.029411813593453014,-0.17855860663177797,-0.27,0.724652079559558
2022-07-07,0.02529263296950042,0.2972544474221354,-0.024317232684692075,-0.23245654926855566,-0.0900000000000003,0.7892643588636148
2022-07-08,-0.003138074930579059,0.2959990230495223,-0.055214744565573924,-0.21035192393380484,0.10999999999999988,0.9324055454921547
2022-07-11,-0.0131163379276239,0.294918518064484,0.06209418524938275,-0.2558770555486832,0.11000000000000032,0.8368869389742044
2022-07-12,0.0009745820655449452,0.2900400646805817,0.042797127855110306,-0.3188798641789306,0.14000000000000012,0.7174838780256789
2022-07-13,-0.00938311539253415,0.24862643720590008,-0.01722246994999937,-0.40109400664232814,-0.020000000000000018,0.7675906122669751
2022-07-14,-0.034938801569864605,0.25625829805329614,-0.015659958280126222,-0.1331348511970914,-0.04999999999999982,0.7882069870001933
2022-07-15,0.04583323247536737,0.30132212818209764,-0.08219697377460615,-0.2538584410500555,-0.1599999999999997,1.0
2022-07-18,-0.010269874066112072,0.30022419921230653,0.04416012030702095,-0.2514538610018611,-0.03000000000000025,0.8772936301564026
2022-07-19,0.024778601358375365,0.3067383464542902,-0.03162052415751353,-0.2507983213772174,0.04999999999999982,0.960869496711482
2022-07-20,-0.00017456059927336125,0.30632520718933465,-0.02530615670340402,-0.23030481513922765,0.1299999999999999,1.0
2022-07-21,0.006809712459726264,0.29504137436216094,-0.03224449654420844,-0.4035666889740756,-0.04999999999999982,1.0
2022-07-22,-0.0048559959110472,0.29485978716468164,-0.0034617014968931097,-0.33924076178870727,-0.16000000000000014,1.0
2022-07-25,0.004008336472609701,0.2921455540648062,0.014329132169649173,-0.3062072293668898,-0.1499999999999999,0.9419014054947104
2022-07-26,-0.015622141063484259,0.2779275130529597,0.056934926753242,-0.35616342844707716,-0.19999999999999973,0.7077464233005536
2022-07-27,0.016046306472439886,0.28278151949785896,-0.05872825968307731,-0.38688830583583744,-0.26000000000000023,0.9630283197697749
2022-07-28,-0.003731163104317199,0.2825696691451646,-0.039156620325918615,-0.3413610594760488,-0.22999999999999998,1.0
2022-07-29,0.004790439416598588,0.28247749204038236,-0.04478280355650053,-0.33073033031965227,-0.10000000000000009,1.0
2022-08-01,-0.009968904101853185,0.27180899331081626,0.07079232228236575,-0.18408794398124614,-0.20999999999999996,0.7568438023004279
2022-08-02,-0.015585272982398809,0.27436644745209093,0.04772329883125627,-0.20680906222915174,-0.06000000000000005,0.5813204563261769
2022-08-03,0.010495390318285234,0.2764116681949984,-0.08274130869142017,-0.23333459601691073,-0.04999999999999982,0.8959730308628799
2022-08-04,-0.011002563207674277,0.27830002474954063,-0.02323463376561354,-0.1477461881658985,0.0,0.9815435248244904
2022-08-05,0.030259938405518993,0.2843762576298536,-0.013526161767891513,-0.3521327367875418,0.16000000000000014,1.0
2022-08-08,-0.012180366938101525,0.28757356806162043,0.006619446785919096,-0.283200869216031,0.16999999999999993,0.9771984906476255
2022-08-09,0.00900730038936243,0.28491291118392126,0.022545773677550767,-0.2623445640639111,0.04999999999999982,0.8990226859501437
2022-08-10,0.026087836473299097,0.29765428280708656,-0.09324761800459971,-0.3809922791320521,0.04999999999999982,1.0
2022-08-11,0.014781738459621411,0.2973715677607278,0.02330298871098885,-0.38077006524704043,0.18999999999999995,0.930930780426364
2022-08-12,0.01656413726446009,0.265152180365668,-0.033168319355867615,-0.24072818073032876,0.009999999999999787,1.0
2022-08-15,0.0027018259883655263,0.22212166582599727,0.02150537949448915,-0.42569571798510975,0.020000000000000018,0.9272096738631357
2022-08-16,0.009554225820715885,0.21668043301873965,-0.01303259242800787,-0.37641470523684334,0.020000000000000018,0.9689922767163736
2022-08-17,-0.008412302642453273,0.20865757314278668,0.010665265554941085,-0.46586613932655935,0.11000000000000032,0.9282947785220709
2022-08-18,-0.007749223915358587,0.21187781458563643,-0.017085435130927983,-0.3865739080086712,0.009999999999999787,0.9941862829100818
2022-08-19,-0.024745193241271887,0.23189100480257044,0.05316978240915496,-0.31760753155394816,0.14000000000000012,0.7926357119252911
2022-08-22,-0.016521941107179583,0.23929132551446364,0.1553397473948257,-0.3631819077070553,0.23999999999999977,0.17248087661154332
2022-08-23,-0.009856969827268509,0.2418247410418537,0.013025268202878429,-0.41331502792716357,0.22999999999999998,0.11240308931345055
2022-08-24,0.0024237579359353387,0.23489655790940114,-0.05350480642350069,-0.3432792329298972,0.21999999999999975,0.28165959323499246
2022-08-25,0.02374793645014111,0.242467054581325,-0.04557401499065717,-0.385954425862249,0.1499999999999999,0.5087336162706003
2022-08-26,-0.03272874112699485,0.26958114524111276,0.1735536574897629,-0.5230673991103133,0.06000000000000005,0.0
2022-08-29,-0.002441797294758361,0.2691524122067794,0.025430345544270077,-0.46577350160160974,0.0900000000000003,0.0
2022-08-30,0.00017489350785745826,0.26682819130816754,0.0,-0.41108008762127635,0.06000000000000005,0.0
2022-08-31,-0.005943796557713104,0.26167379358790305,-0.012972081538174482,-0.38912786585178066,0.040000000000000036,0.05089795311176293
2022-09-01,0.006858657232847111,0.2602538514465332,-0.011983044578061245,-0.34301095478496935,0.22999999999999998,0.09730535545363361
2022-09-02,-0.0069865732999631934,0.2583817516777586,-0.003521132803927168,-0.37422920174295793,0.16000000000000014,0.11077843541981525
2022-09-06,0.00026390913896649483,0.2349683980396103,0.05653712496578642,-0.33251920034687404,0.20999999999999996,0.0
2022-09-07,0.0189906801095237,0.24057851128732216,-0.08435527575753494,-0.3022683971688193,0.16000000000000014,0.3075881728864417
2022-09-08,0.023295980574292777,0.2515967266673339,-0.04180189954589,-0.2610028420614533,0.14000000000000012,0.4471544190145623
2022-09-09,0.004806111905790284,0.23561114518921175,-0.03473103234333244,-0.18449872434177447,0.07000000000000028,0.5582655014091896
2022-09-12,0.011832041469068617,0.23355797401111325,0.047389200540585596,-0.12384956455786887,0.16999999999999993,0.41192403169093716
2022-09-13,-0.034749004334013955,0.2551189716869478,0.14243818596528657,-0.1884992993922179,0.08999999999999986,0.0
2022-09-14,-0.0023197688724428287,0.2545040166046067,-0.04070409210556318,-0.17164438665380194,0.14000000000000012,0.14396893223866547
2022-09-15,0.015070630436886636,0.258456901100204,0.004204916322369336,-0.05959848982205195,0.16000000000000014,0.12970166943698092
2022-09-16,-0.006702122637169977,0.25800165866061453,0.0011419405700089872,-0.11946640804284818,0.1200000000000001,0.1258107776811047
2022-09-19,0.009224316400535743,0.25997887781649315,-0.02053228227542202,-0.173992521654867,0.1200000000000001,0.22638683832232243
2022-09-20,-0.019719033684400134,0.2547874116750517,0.05434781079545989,-0.4911540316811394,0.1499999999999999,0.02003654188298054
2022-09-21,-0.028835332377136386,0.2674851952655433,0.030559643901660025,-0.6201394129440487,0.09999999999999964,0.0
2022-09-22,-0.01137880486306898,0.268128306625508,-0.02286528741986018,-0.6600401152248593,0.25,0.10305949822902194
2022-09-23,-0.018613413857546973,0.2739199258409865,0.09396708076704285,-0.6860412348716259,0.23999999999999977,0.0
2022-09-26,-0.021531964644955374,0.2636030302829827,0.0782084973018858,-0.6131001460847285,0.3899999999999997,0.0
2022-09-27,-0.008802317037221287,0.24399774905032368,0.010539372916239248,-0.6269387706217913,0.40000000000000036,0.0
2022-09-28,0.020217149663100446,0.2576998660340708,-0.07423307614159502,-0.47193748272511127,0.2100000000000004,0.24668692876741305
2022-09-29,-0.016945786963557773,0.26215327557008977,0.0550033078405047,-0.49900912426229516,0.05999999999999961,0.0774718155630355
2022-09-30,-0.01563684629813316,0.2654553646445424,-0.006909526140081099,-0.5242521955344468,0.14000000000000012,0.09989784697032855
2022-10-03,0.030909218734515426,0.28969184533499354,-0.04807085444089201,-0.37614862762665235,-0.20999999999999996,0.2548418669545254
2022-10-04,0.04678337978444572,0.33595582661173273,-0.03421929148145794,-0.28435040822318763,-0.3500000000000001,0.35983686623902644
2022-10-05,-0.012346784233648723,0.338574482309385,-0.017887872831875384,-0.28868142417873016,0.03999999999999959,0.41284406166978793
2022-10-06,-0.020382313280556657,0.337069173168701,0.06900179591409168,-0.27556990772980977,0.07000000000000028,0.21202839286492003
2022-10-07,-0.019973951943222785,0.3283023699223492,0.0275229403666084,-0.2265149547394541,0.06000000000000005,0.12640144468570935
2022-10-10,-0.009341464818157891,0.32678507499783443,0.03475765725043049,-0.20508398299987862,-3.67,0.017181873060561292
2022-10-11,-0.028859841639668468,0.3301451164192867,0.036363644913174786,-0.21244053699581827,0.31000000000000005,0.0
2022-10-12,0.016182764586803716,0.3239333686823111,-0.0017841620988797177,-0.18695261727108659,0.15000000000000036,0.007624061866918441
2022-10-13,0.055593027025775225,0.38594330496373336,-0.04855523311243619,-0.05853753720916229,0.14000000000000012,0.21473956211448597
2022-10-14,0.016640881082369895,0.3868631989064842,0.002504693875028298,0.026914448461443446,0.10999999999999988,0.20457438864878053
2022-10-17,0.04200010445121787,0.4152636624749882,-0.020299800413421682,0.04206197030160368,4.02,0.28716645335224367
2022-10-18,0.025720610414976506,0.4236053011761618,-0.02773352935793734,0.08539262257804608,0.07999999999999963,0.4837713257456051
2022-10-19,-0.019605995643485977,0.42353570450684824,0.008524597668256915,0.012795450966752497,0.22999999999999954,0.4570064530942628
2022-10-20,-0.0032616839765528876,0.40985211818456324,-0.025357629416177082,-0.09108498192249992,0.27,0.5812103705085058
2022-10-21,0.05252760246679773,0.4416218063931475,-0.009673082475206695,-0.2585859553627221,0.20999999999999996,0.775590376753784
2022-10-24,0.0012269054642756825,0.43335666919552807,0.0053890146357044475,-0.294398321696269,0.23000000000000043,0.7440943551511912
2022-10-25,0.0026149398154013564,0.421774200821178,-0.046566207009496555,-0.22621101250952994,0.08999999999999986,1.0
2022-10-26,0.011491452570122712,0.4177954370310654,-0.04146164567064015,-0.18758164187241586,-0.09999999999999964,1.0
2022-10-27,0.003948120618327217,0.4157738384241857,0.004032210419143347,-0.15251299699428347,-0.28000000000000025,0.982677370646477
2022-10-28,0.011878020707000397,0.4062258842053386,-0.05987584615530317,-0.11820744453967852,-0.1900000000000004,1.0
2022-10-31,-0.001586251229419043,0.3983468911754589,0.0050485110977321,-0.03601882401593624,-0.15000000000000036,0.9835026468089433
2022-11-01,0.018032836903761486,0.39212749921569817,-0.0027047796404234994,-0.06738897090166769,-0.02999999999999936,0.9923858556079189
2022-11-02,-0.00920787277282887,0.3716068013563455,0.001937278010220758,0.008943698040777414,0.05999999999999961,0.9860405335734462
2022-11-03,0.0018114187491486214,0.3658241486206111,-0.021655118332319423,0.009640402572193557,0.17999999999999972,1.0
2022-11-04,0.027358469186435006,0.3580628126692477,-0.029644269668647544,-0.03562307806294576,0.15000000000000036,1.0
2022-11-07,0.005280233227408199,0.3423966880201059,-0.008146593148927806,0.03352126941411312,0.1200000000000001,1.0
2022-11-08,0.00060895044264647,0.3368219558916282,0.048870657717246024,0.1181229981493719,0.0699999999999994,0.8717671933181965
2022-11-09,-0.01300879037244681,0.3171020966300357,0.02153481665406552,0.37064151819797336,0.020000000000000462,0.8112798372340546
2022-11-10,0.04115924599487031,0.33293357168714427,-0.09812186473630412,0.23628520155401198,-0.31999999999999984,1.0
2022-11-11,0.0016287127119031903,0.2962315276210358,-0.0429239353764687,0.11943362541413616,-4.17,1.0
2022-11-14,-0.010273448143683814,0.30360497865358915,0.05372997601585369,0.1540068499608189,-0.33999999999999986,0.8632769455009096
2022-11-15,-0.007243582493010322,0.28355508692698345,0.03413406611531189,0.032705138923383704,-0.33999999999999986,0.7548543065688024
2022-11-16,0.001353800568543596,0.2754280180505542,-0.017522424170070203,-0.05006357419778952,-0.4500000000000002,0.8070388110736406
2022-11-17,-0.004357134443874083,0.26264205477322305,-0.007465794301908836,0.1415879779651353,-0.04999999999999982,0.8109919543627153
2022-11-18,0.009808503519146914,0.2605503316462624,-0.033848702700065965,0.20216104496103124,3.82,0.9181445582926602
2022-11-21,-0.005902487845622127,0.20416223810457115,-0.03287198102485171,-0.06563633728577636,-0.04999999999999982,1.0
2022-11-22,0.014956767355503943,0.20722369180182182,-0.04785329452669435,-0.1202830185496068,-0.040000000000000036,1.0
2022-11-23,0.010663402065703693,0.20803880050156542,-0.04415220731024256,-0.14845125793817157,0.040000000000000036,1.0
2022-11-25,0.0019049588754503873,0.20701175615921907,0.007370988487393832,-0.16018883332947598,-0.08999999999999986,0.9786932330024463
2022-11-28,-0.017477969143579512,0.22084313605550424,0.08341458948647104,-0.08029397445552443,-0.1299999999999999,0.6759584011898666
2022-11-29,0.016449352410503364,0.22353133189755048,-0.014407911211844008,-0.15866289711224232,-0.08000000000000007,0.7317074791662028
2022-11-30,0.011862929434525318,0.22422415365778872,-0.05984465520642584,-0.17195450197220635,-0.07999999999999963,0.9599303917408478
2022-12-01,-0.014039486402194398,0.22741480083802265,-0.035957229050606554,-0.11599807002193822,-0.18000000000000016,1.0
2022-12-02,-0.007927520026564494,0.22658941153322537,-0.0393145504358157,0.025853323973243154,-0.17000000000000037,1.0
2022-12-05,-0.028040711781204226,0.25097529182364064,0.08866739671621804,0.12229921821304429,-0.08999999999999986,0.7596016544823367
2022-12-06,0.0016744551694641476,0.23295635470123074,0.06843373861657567,0.04148534041784391,-0.2400000000000002,0.5576101982095886
2022-12-07,-0.0006839082195422626,0.23230777369253217,0.023004069784698454,0.025016049048366667,-0.26000000000000023,0.4850639422966049
2022-12-08,0.010494550870945148,0.23506241330163907,-0.017195740052941538,0.024335694663322107,-0.04999999999999982,0.5405403792177701
2022-12-09,-0.005418399913024712,0.23095235033907038,0.024226064872098975,0.14282134449802456,0.06000000000000005,0.31204389406699873
2022-12-12,0.015511187145785983,0.1877874806656013,0.09505037597659717,0.12951744989266314,0.009999999999999787,0.0
2022-12-13,-0.000968527451533122,0.187677190210458,-0.09800003051757812,0.12717737416552827,0.0,0.41245800381533915
2022-12-14,-0.004997082963693974,0.18503854439554238,-0.0625277115351205,0.18779333527809475,0.07000000000000028,0.649831694158922
2022-12-15,-0.024810764324841944,0.2027291542606751,0.07994326314338282,0.17473982281701025,-0.040000000000000036,0.36531984531853523
2022-12-16,-0.006225987669441123,0.20334343261849924,-0.009198383056260936,0.15875651561049506,-0.08999999999999986,0.4006732233643122
2022-12-19,0.005955684239639366,0.20453135576904308,-0.008841766380156829,0.197245816911705,-0.040000000000000036,0.43434338244809134
2022-12-20,0.004843994971454195,0.20198811710517317,-0.04192687470378459,0.15618716376339187,0.18000000000000016,0.5925926163779581
2022-12-21,0.011248147610294563,0.2055098277315769,-0.06564245239575603,0.10313092410201652,0.18999999999999995,0.8299663067215409
2022-12-22,-0.01134991512921503,0.20115887991477258,0.09466864212360988,0.11316220811077644,0.22999999999999998,0.5101010798353772
2022-12-23,0.004745042289704802,0.19766722654824934,-0.05006820703232604,0.15104612115494814,0.27,0.695285991488859
2022-12-27,0.0035040877215661986,0.19811932296494605,0.03737416137667612,0.1665721297464594,0.27,0.5639730774874763
2022-12-28,0.005465287456286238,0.1909038488618314,0.02263278428415178,0.20498509135725113,0.18999999999999995,0.48148154094489526
2022-12-29,0.005737487252299618,0.1822567970762306,-0.03161693201844012,0.19923916346263948,0.1499999999999999,0.5993264555332531
2022-12-30,0.006605497403841836,0.17840904809552546,0.010727590322163097,0.25947796886007884,0.20999999999999996,0.5606059973586114
2023-01-03,0.007606399412914769,0.17475410527779467,0.05676047706072208,0.21131927443189538,0.040000000000000036,0.35353538596994294
2023-01-04,0.009325006073416195,0.17552708770746744,-0.03886460281546318,0.14627444428241468,-0.1499999999999999,0.6064907882417574
2023-01-05,-0.00022169339174700684,0.14176624588890555,0.020445199950535457,-0.04219579715185642,-0.16999999999999993,0.5152131355571548
2023-01-06,0.01913566721288617,0.1539354173246075,-0.059216383700813585,-0.1248592457046329,-0.28000000000000025,0.7849899796497907
2023-01-09,-0.004132322824927662,0.1553316285299858,0.03975391320164232,-0.11085391665600221,-0.3500000000000001,0.6146045637085356
2023-01-10,0.008954204538763645,0.15441903677400032,-0.0632680670501216,-0.1632101137416653,-0.18000000000000016,0.8965516841152301
2023-01-11,0.007431437231439666,0.15262108008974834,0.024781352321307244,-0.14954559970125902,-0.1499999999999999,0.7931033682304603
2023-01-12,-0.001002881774738254,0.1461724008096911,-0.10715980144763147,-0.33460704725354995,-0.2799999999999998,1.0
2023-01-13,0.025234765374548496,0.1658103437825071,-0.025491213180093116,-0.512205063443295,-0.05999999999999961,1.0
2023-01-17,-0.015453474125715922,0.17617739142555158,0.055040883263509824,-0.32563020943726256,0.0,0.7780218904972103
2023-01-18,-0.03004227007029505,0.18716506495025578,0.05061980947006448,-0.06277717217294652,-0.23999999999999977,0.562637339604529
2023-01-19,-0.013326976455652725,0.19297349462744956,0.00884957245946134,0.015577143519694229,-0.1499999999999999,0.5230768263390219
2023-01-20,0.002449108604623687,0.19253972631173816,-0.03265107511439909,-0.0020670010385263776,0.04999999999999982,0.6703296150508696
2023-01-23,0.016212765438987718,0.19842486281680619,-0.0020151594336836995,-0.05716668749876344,0.029999999999999805,0.6791210265310144
2023-01-24,0.008596103683670036,0.19720567135212072,-0.030792464384042394,-0.06497542043162977,-0.06999999999999984,0.8131866980226451
2023-01-25,0.004839294596635749,0.19059663334312218,-0.006250043461718422,-0.021261735138602838,0.08999999999999986,0.8395605132655072
2023-01-26,0.006181785929059626,0.19078808483104587,-0.01834383558014938,-0.03714161991003146,0.10000000000000009,0.9164836869264853
2023-01-27,0.0024288559668914616,0.19082279473899794,-0.011745825879941515,-0.029757811233133043,0.040000000000000036,0.9648351924745652
2023-01-30,-0.008480575034476205,0.19501746486387825,0.07725555307905935,-0.025639003476785147,0.029999999999999805,0.6505493584181161
2023-01-31,0.005965563815863699,0.19506285314790273,-0.027081288919978692,-0.04449490863207257,0.06000000000000005,0.7692308982146375
2023-02-01,-0.0026434648108837762,0.19540622942666036,-0.07886591800937295,-0.025452373240100568,-0.06999999999999984,1.0
2023-02-02,-0.00465669121938977,0.1958558230015696,0.04812527490848303,-0.052099584518393256,-0.0900000000000003,0.8126363765182438
2023-02-03,0.015474487660945802,0.19996711263967804,-0.021356093342568987,-0.16997367025176535,0.009999999999999787,0.8997822962242378
2023-02-06,0.0058825736171649505,0.20021318836882432,0.06001093213574454,-0.1746869768292719,0.08000000000000007,0.6195121837754352
2023-02-07,0.012189925593097903,0.19422585502066614,-0.03962946194903345,-0.33182971162032054,0.1499999999999999,0.807317243368472
2023-02-08,-0.007030863095125007,0.19563430499780599,0.051982814645575574,-0.33278703676739574,0.23999999999999977,0.45341655377569223
2023-02-09,-0.015563483110627892,0.20274932433676512,0.0550178283178224,-0.4654915147350652,0.27,0.1180127792385649
2023-02-10,0.004415370918720848,0.2017542457002429,-0.008691376426090835,-0.5326374270874247,0.2100000000000004,0.06337975670544271
2023-02-13,0.010847647414927645,0.2047548498543909,-0.009254774851576601,-0.4703025174478138,0.0900000000000003,0.1302813945413529
2023-02-14,0.004419209424305478,0.18567326028326653,-0.07030483256873722,-0.40692587449477113,0.10000000000000009,0.6338029398707972
2023-02-15,0.004189659239046442,0.17717633999605092,-0.03595982605303095,-0.43086754200826277,0.18000000000000016,0.8732398149870683
2023-02-16,-0.013769157666551872,0.14769228870695578,0.1064180242880923,-0.40344911895348806,0.18999999999999995,0.19014061332042065
2023-02-17,0.002961836569601935,0.13700939544184434,-0.00743676836702494,-0.31547972722916945,0.07999999999999963,0.24295741304264606
2023-02-21,-0.01834927676331568,0.15507826856216386,0.1423576581570211,-0.52835962351579,0.22999999999999998,0.0
2023-02-22,-0.007663232157890977,0.1487028845466739,-0.02536073032017852,-0.6007913868783147,0.16000000000000014,0.11599998474121098
2023-02-23,0.00801082012526587,0.14831406616564005,-0.05159270877722614,-0.5233530833884226,0.06999999999999984,0.34600028991699217
2023-02-24,0.009021340253519356,0.15056064614625306,0.02507098873924432,-0.4193474236819663,0.0900000000000003,0.24000015258789065
2023-02-27,0.008727779156190664,0.15198898019419507,-0.0332256257877055,-0.35923018897667214,0.10000000000000009,0.384000015258789
2023-02-28,0.008370809257735267,0.15417924262954177,-0.011933173789771405,-0.3326617022743028,-0.03000000000000025,0.43400001525878906
2023-03-01,-0.0055807526227495,0.1522325662006012,-0.005797141778286486,-0.3534091035227195,0.07999999999999963,0.45800018310546875
2023-03-02,-0.010382205950727337,0.15626549106553322,-0.048104945324989316,-0.31245727744057944,0.20000000000000018,0.6560001373291016
2023-03-03,0.018359354984932692,0.16759953092703533,-0.056151116534035025,-0.43167065105837216,0.020000000000000018,0.9439654835764586
2023-03-06,-0.005847112245695694,0.168193278900018,0.006490040060511126,-0.4189383088087334,0.06000000000000005,0.9181032409708237
2023-03-07,-0.029407336520613923,0.19106134853205264,0.052659833965358206,-0.24267857494392758,0.050000000000000266,0.7068965021126757
2023-03-08,-0.005915559492951021,0.19025380506260556,-0.02450227353229086,-0.2084766942399321,-0.029999999999999805,0.8103446504024134
2023-03-09,-0.0541364340767044,0.25765096352884614,0.18315017730057578,-0.3768476425400523,-0.1499999999999999,0.0560345164235414
2023-03-10,0.02539497986173135,0.2773558237068215,0.09685973319727974,-0.06496128484117342,-0.27,0.0
2023-03-13,-0.017957311356802827,0.2788477639709177,0.0693548900651898,-0.16920491204986138,-0.43000000000000016,0.0
2023-03-14,0.025676249167064426,0.2952731610316409,-0.10520365261572147,-0.05166412738011773,-0.33000000000000007,0.336550133583413
2023-03-15,-0.04724418446279322,0.3298524023857649,0.10155920328285813,-0.2464153679921217,-0.4700000000000002,0.045838483250765893
2023-03-16,0.019413756511815844,0.3391017639959084,-0.12050496144149445,-0.1842844091544278,-0.3700000000000001,0.4258142698191677
2023-03-17,-0.03778200080482653,0.35687572872287077,0.10961289616581439,-0.25909732501475885,-0.31000000000000005,0.12577834900581542
2023-03-20,0.01057157764253779,0.3602300868945881,-0.05331244994705257,-0.23506466575490115,-0.07999999999999963,0.29514329222597546
2023-03-21,0.02682058557155325,0.3759627405233031,-0.11469981372746081,-0.23362252258006708,-0.050000000000000266,0.6400997331849894
2023-03-22,-0.025813735993178013,0.3804635376209094,0.04116001415613157,-0.2252394497736107,-0.029999999999999805,0.5305105684444753
2023-03-23,-0.0026733728912666653,0.38027725601053,0.015723287415586328,-0.22367231213861793,-0.18000000000000016,0.4869239742301308
2023-03-24,-0.01521591049943075,0.37960482326508793,-0.03847858539353975,-0.21168185932035072,-0.010000000000000231,0.59526778056134
2023-03-27,0.028660619008457455,0.3945651584520032,-0.05243787496092524,-0.23766230387372778,0.05999999999999961,0.7372353138324569
2023-03-28,0.003035204145735112,0.39272293304402167,-0.030582575555772217,-0.2366677140337873,-0.040000000000000036,0.8156912309238431
2023-03-29,0.0020171966414750772,0.3907386241241471,-0.04256377082360119,-0.2337199174675497,0.08999999999999986,0.9215440829086138
2023-03-30,-0.003019863729249604,0.3907638671422804,-0.005230145244791527,-0.23253702002493568,0.16999999999999993,0.9339974294738307
2023-03-31,0.012116621834778326,0.39428575571659724,-0.016824378923376935,-0.2756846346401927,0.10000000000000009,0.9738479484602615
2023-04-03,-0.001151150036204297,0.3863866661579642,-0.008021471644866794,-0.23124822428114084,-0.09999999999999964,1.0
2023-04-04,-0.013368043608834231,0.38761731145415124,0.024258802234363906,-0.216313504437898,-0.19999999999999973,0.9435381814283144
2023-04-05,0.0014909302867891444,0.37750890710201324,0.004210522300318668,-0.27692020517636967,-0.27,0.9335005513840122
2023-04-06,-0.0010970327386464185,0.37745558831324566,-0.03563942913495041,-0.2840302981316288,-0.25,1.0
2023-04-10,0.0032948413735565513,0.3288338989105196,0.030978244926167464,-0.28727753518302895,-0.06999999999999984,0.9298030005033803
2023-04-11,0.0049260957313116156,0.3160578075908238,0.006852982225661773,-0.3997954491995243,0.0,0.91379301840004
2023-04-12,-0.00015560017612126624,0.3101980077631856,-0.0005235721823093717,-0.352850368976221,0.06000000000000005,0.9108526415423994
2023-04-13,0.0038132765294726224,0.2959109052818733,-0.06757469383008191,-0.47005455769329574,0.15000000000000036,1.0
2023-04-14,0.07550969631876608,0.35617396413990665,-0.041011211995808976,-0.4042133970229283,0.2200000000000002,1.0
2023-04-17,0.00792905972885869,0.35225503055973245,-0.0070298145301754406,-0.4623586563498192,0.18999999999999995,1.0
2023-04-18,0.01122790931758142,0.3186612822351001,-0.007079695211328592,-0.2963043744523016,0.1499999999999999,1.0
2023-04-19,-0.001273014336151692,0.3192263953575405,-0.021984601361300676,-0.3319388402833913,0.18999999999999995,1.0
2023-04-20,-0.0029031460685386987,0.3107952990684495,0.043134935073663526,-0.39882161680462963,0.08999999999999986,0.8845527129003725
2023-04-21,-0.0019175222982481454,0.29222699155949433,-0.023296424971048182,-0.2540712840383618,0.04999999999999982,0.949593285142037
2023-04-24,0.0013519210310893959,0.2911743622318593,0.007155571175265658,-0.21877118881883367,-0.08000000000000007,0.9185605588530767
2023-04-25,-0.02174369124380594,0.29782517656576457,0.11071645392595376,-0.1200586636313837,-0.18000000000000016,0.444444342063981
2023-04-26,-0.017723796971471407,0.2950759575399652,0.00426438820522461,-0.31426735998357047,-0.16999999999999993,0.32193706184645465
2023-04-27,0.013458485743620614,0.29730592274706386,-0.09607215771140844,-0.3573041465147496,-0.010000000000000231,0.7857138247549309
2023-04-28,0.008683267918778936,0.2977930408193808,-0.07339993560038639,-0.3511145621961864,-0.1299999999999999,1.0
2023-05-01,0.021411983791960017,0.3027459159425822,0.019011419252944226,-0.3831947383881766,0.06999999999999984,0.9096385144169963
2023-05-02,-0.016147338580370856,0.3100556896260709,0.10572144098292033,-0.399190126153319,0.040000000000000036,0.39759019186372346
2023-05-03,-0.021163047304912423,0.32146019742548143,0.03149603173879494,-0.41284909466259545,-0.050000000000000266,0.2289156868766109
2023-05-04,-0.013678800201121909,0.32165702080013725,0.09541984653435588,-0.42064405112069697,-0.1599999999999997,0.0
2023-05-05,0.01953492003241238,0.32688059741745107,-0.14435040301165505,-0.43991050744445803,0.0,0.6728536742899387
2023-05-08,0.002413275644519349,0.32648555881855884,-0.012216462204595368,-0.43231804287320863,-0.06999999999999984,0.7215777975789951
2023-05-09,-0.00481499139840152,0.32780568969773677,0.042991729205911655,-0.44854207611373337,0.08999999999999986,0.5522043703946773
2023-05-10,0.0005130706075750975,0.3278817794643449,-0.04347818126597983,-0.4730994186125884,0.050000000000000266,0.7308583090139031
2023-05-11,-0.0031505584545236127,0.32841593496500415,-0.0005903322648503243,-0.4826799205476986,0.020000000000000018,0.7331785475076908
2023-05-12,-0.014333120300089774,0.3337668046724607,0.005906696967935363,-0.46568698636697275,0.020000000000000018,0.7099766051100564
2023-05-15,0.008426480707456002,0.2030507505558181,0.005284800291198253,-0.6991171837525239,-0.020000000000000018,0.6890949012062098
2023-05-16,-0.006728848445718474,0.2011433892467723,0.05081769212832133,-0.6998368745205124,0.010000000000000231,0.4872390201893497
2023-05-17,0.030747184070427855,0.22684058654935987,-0.06225675075787688,-0.6535756241729984,0.13999999999999968,0.7470995359301742
2023-05-18,0.007584024792728137,0.22872739390898278,-0.04860708721874099,-0.6725813382506098,0.2599999999999998,0.9373551095585816
2023-05-19,-0.0022939997301176787,0.2286559648021532,0.04735204143355617,-0.6668639147924221,0.2400000000000002,0.7610209668929007
2023-05-22,-0.008262600492282179,0.2302181558390131,0.023795337967778402,-0.666384403306946,0.2200000000000002,0.6682136398426062
2023-05-23,-0.010432461784657647,0.23246571665612015,0.07669969043541636,-0.6750004622794813,0.16000000000000014,0.3619487967662699
2023-05-24,-0.00915166906082463,0.22240031368037128,0.08094980811744079,-0.6186490642187027,0.16000000000000014,0.01392098842248346
2023-05-25,0.0024384216232708014,0.21377647041432896,-0.04443341320454652,-0.5450042857878626,0.18000000000000016,0.22041778896716202
2023-05-26,0.00936088659570709,0.21103790223821964,-0.06217338895802557,-0.5190227677921498,0.09999999999999964,0.49651953162425766
2023-05-30,0.003797452653036497,0.20918879010332792,-0.02729814248690624,-0.5048301239541455,-0.03000000000000025,0.6509902158702701
2023-05-31,-0.01273111425127964,0.1979013764232472,0.027491493399437277,-0.43769219055415737,-0.06000000000000005,0.532178002798703
2023-06-01,0.013779423885531968,0.19774219941367685,-0.12764776183701695,-0.5022548657092996,-0.1200000000000001,1.0
2023-06-02,0.021005995279858556,0.19586681317483406,-0.06709260464245012,-0.5747263411009931,-0.14000000000000012,1.0
2023-06-05,-0.009824274851167266,0.19249947764344028,0.008904051874655844,-0.360122544878483,-0.10999999999999988,0.9760590877605129
2023-06-06,0.0017974003123061213,0.1813997840322877,-0.05227423815469129,-0.3432502719340882,0.010000000000000231,1.0
2023-06-07,0.009688523931742419,0.1838685547305572,-0.0014326975436259885,-0.3767787044490903,0.1499999999999999,1.0
2023-06-08,0.00028439748503034524,0.18257376866071603,-0.02080344121825672,-0.3268665483621373,0.1200000000000001,1.0
2023-06-09,0.001989400051102357,0.18253991582785697,0.01318683591253919,-0.3098905835128542,0.06000000000000005,0.9717867907459525
2023-06-12,-7.07634515152806e-05,0.18183647291087754,0.0853217868174488,-0.2956028566627754,0.040000000000000036,0.7868337958204558
2023-06-13,0.007234212639200279,0.1729071306867853,-0.02664893844804343,-0.3007998649028167,0.13999999999999968,0.8495297997762603
2023-06-14,-0.003731763264787284,0.173044801521946,-0.04996574670709828,-0.2683062829786132,0.040000000000000036,0.9639497715666385
2023-06-15,0.011308095791599764,0.17258037132410312,0.044668579282937236,-0.2617664486964238,-0.009999999999999787,0.8667711223877849
2023-06-16,0.00118801474569683,0.14019304670635307,-0.06620689918254984,-0.3786162355071885,0.020000000000000018,1.0
2023-06-20,-0.005095825975286126,0.14032819364276305,0.0251107942057453,-0.3402190526622891,0.010000000000000231,0.9476116926629832
2023-06-21,-0.0014730633672872155,0.14010954817065585,-0.04899137604965153,-0.3045315264660171,-0.11999999999999966,1.0
2023-06-22,-0.019252568373688137,0.15386021845842626,-0.021969694397228335,-0.11158685112702635,-0.03000000000000025,1.0
2023-06-23,-0.005229824071488411,0.15018127748979138,0.04105342674170776,0.0008127190901884981,0.020000000000000018,0.9255618440308702
2023-06-26,0.002448821544523448,0.1457839475115283,0.0602678902459905,0.15761563401829912,-0.04999999999999982,0.7849116771994364
2023-06-27,7.168869561239243e-05,0.14579731431567156,-0.03578948974609375,0.17451145628682824,0.029999999999999805,0.8353175053700936
2023-06-28,-0.004382246906937059,0.14394161918464046,-0.022561824680231053,0.10273061721685542,-0.010000000000000231,0.8966202014357062
2023-06-29,0.03492310368589077,0.1866689417171264,0.008190592269372726,-0.03678489489758727,0.050000000000000266,0.8747514853996843
2023-06-30,0.01401390451564358,0.1828622040518785,0.003692776283288886,0.29313370788052967,0.06999999999999984,0.7518246854092691
2023-07-03,0.008044403836317049,0.17980045929597233,-0.001471704013179372,0.20030132089579072,0.13999999999999968,0.6857144154658699
2023-07-05,-0.006661647203373115,0.17036518254259,0.04495214621001244,0.07692977761857332,0.18000000000000016,0.39523798711177516
2023-07-06,-0.009886613454836733,0.17041878817388567,0.08885749281314279,0.0021845504844457703,0.33999999999999986,0.0
2023-07-07,0.007890407279320418,0.17173232667812943,-0.03950775085850765,0.041522039796010206,0.20999999999999952,0.24110660911448878
2023-07-10,0.005611887105025121,0.17002332414717616,0.016183396652249445,0.06862627655928757,0.19999999999999973,0.1462450294904024
2023-07-11,0.015638958091545148,0.1764210965741646,-0.015262080085862332,0.12968625984119977,0.13000000000000034,0.23715394906021603
2023-07-12,0.004951753983461352,0.1765904976271382,-0.08760109011913732,0.1196589934144724,-0.0900000000000003,0.7509880707769657
2023-07-13,0.00486002120132401,0.1764275952799877,0.00516984453629488,0.13927207374097147,-0.29000000000000004,0.7233202042898763
2023-07-14,0.006045617168431577,0.17611379926491919,-0.01983831821457028,0.10823051368280646,-0.22999999999999954,0.8300393871303711
2023-07-17,0.02410364584036209,0.18880976485367304,0.010494706750155347,0.043626163082592366,-0.19999999999999973,0.7747036541561922
2023-07-18,0.0018256267668191404,0.1871898714718704,-0.013353068072256254,0.023267660543546644,-0.1900000000000004,0.8458496504010522
2023-07-19,0.0038395697170009267,0.18695028162336155,0.034586468537603554,0.018200174723191808,-0.10999999999999988,0.6640314343150149
2023-07-20,0.01231759258456939,0.18610078481822853,0.016715082733324803,0.026402544689472056,0.0900000000000003,0.5731225147452013
2023-07-21,-0.007684873023705255,0.18992187741020924,-0.02787701186768972,0.02160710202762132,0.009999999999999787,0.7272724873977392
2023-07-24,0.01968380975904351,0.17607981868158928,0.022794077738759723,-0.15261041992041263,0.04999999999999982,0.7149533501607878
2023-07-25,-0.007468412907064817,0.17808705966187743,-0.0035945500563154633,-0.18738402314965732,0.11000000000000032,0.7383179319343729
2023-07-26,0.0059940978887354735,0.17756900056306288,-0.04834055504259436,-0.1722262295340322,0.10999999999999988,1.0
2023-07-27,-0.01102945012999253,0.1864698781628704,0.09249433706148423,-0.22597752956316586,0.1599999999999997,0.45777765909830725
2023-07-28,0.0057045202077793886,0.1827393758334891,-0.07494794830966024,-0.2627518461581787,0.1200000000000001,0.9377776251898872
2023-07-31,0.00669184996477427,0.15036161785439028,0.022505640844104082,-0.2296101715091704,0.11000000000000032,0.8044442070855035
2023-08-01,-0.004938238482370841,0.15034014635645326,0.022010285268964494,-0.2035587163019481,0.13999999999999968,0.6711107889811199
2023-08-02,-0.011324633940986923,0.15863691041187178,0.15506100503167594,-0.34412620161788876,0.2200000000000002,0.0
2023-08-03,0.00611348307005201,0.15480692346429514,-0.01056557331769837,-0.28022051259068065,0.1900000000000004,0.058620704396865286
2023-08-04,-0.0021107929104380364,0.14838080019266264,0.07412062182919765,-0.2444472479554113,0.08999999999999986,0.0
2023-08-07,0.004743058393003759,0.14777493158552557,-0.0777777715810637,-0.2410340963120134,0.11999999999999966,0.3401533634817935
2023-08-08,-0.005613643687099569,0.15128714489492678,0.013950495051899959,-0.3038821859882131,-0.03000000000000025,0.2838875659675414
2023-08-09,-0.013407826486582291,0.1551986386321943,-0.0018761559349974623,-0.4223660641448429,-0.08000000000000007,0.2915601303728622
2023-08-10,-0.0014955900707487976,0.15529291275130624,-0.006892209048516867,-0.4222614578236827,-0.11000000000000032,0.3196930291299882
2023-08-11,0.005795905534477852,0.15556231955255023,-0.06372241038319656,-0.40921219559157646,0.11000000000000032,0.5780050552045606
2023-08-14,0.0020718555644814386,0.1548027895073655,-0.0013477397276295898,-0.39820976300113253,0.10000000000000053,0.5831202607457244
2023-08-15,-0.02545718908803989,0.15920507171799175,0.11066122965044296,-0.448399902649839,0.1900000000000004,0.16368316262729177
2023-08-16,-0.004243054636231254,0.15935593567313655,0.01944116767750742,-0.4468454995528096,0.28000000000000025,0.081841337407221
2023-08-17,-0.010386997824664767,0.16147464516613297,0.06615009878315027,-0.46929891111049016,0.20999999999999996,0.0
2023-08-18,0.002287546290488001,0.154058719994049,-0.032979327709160136,-0.37968431538225406,0.09999999999999964,0.12553195245344906
2023-08-21,0.0034235427567544914,0.15387588573682384,-0.00982659443878855,-0.3817558222755237,0.14999999999999947,0.16170218292001692
2023-08-22,-0.02073843822663863,0.14675988573532006,-0.009340330137234464,-0.3673937595148808,0.1299999999999999,0.1957447050275074
2023-08-23,0.006763011322239701,0.15025949407428882,-0.05833823283299055,-0.3883101578639753,-0.08999999999999986,0.40638296274968255
2023-08-24,-0.0009502055147092167,0.1469626440419774,0.07634551036616559,-0.31279318458005984,-0.0699999999999994,0.1513155060351279
2023-08-25,-0.0012222379553376095,0.14431846256036301,-0.08837211571750571,-0.3844647975946241,-0.009999999999999787,0.48464897879454716
2023-08-28,0.0034682429479300225,0.14286329903177927,-0.03826532970612721,-0.3497137886044697,-0.13999999999999968,0.6596244000077907
2023-08-29,0.008132236663330704,0.14416082122745624,-0.041777196129195296,-0.34269772713407026,-0.21999999999999975,0.868686963558073
2023-08-30,-0.004033428002910213,0.14402682716659812,-0.03944634618325344,-0.3511794006933829,-0.07000000000000028,1.0
2023-08-31,-0.01235127483740057,0.1448367222233838,-0.022334323995730453,-0.19739592741155568,-0.14000000000000057,1.0
2023-09-01,0.003348408225098581,0.14299289110914296,-0.035372111498234333,-0.2511479380690647,-0.07000000000000028,1.0
2023-09-05,-0.011033854160884423,0.14564829684960726,0.07028266352709411,-0.19409912232105045,0.0699999999999994,0.8083332869741577
2023-09-06,-0.0016528827278357507,0.14281345053776445,0.03140610800820936,-0.20827312238703036,0.17999999999999972,0.7166666931576241
2023-09-07,-0.008554032907063469,0.14367552007362933,-0.0034602208577749504,-0.17874705545744685,0.14999999999999947,0.7270834012164118
2023-09-08,0.0007652024009685532,0.14010366657447015,-0.038888852831757144,-0.18567267137269064,0.16999999999999993,0.8437499751647274
2023-09-11,0.004380088807575502,0.14243480101074296,-0.002890170622255947,-0.2244519049804935,0.11000000000000032,0.8520833018753213
2023-09-12,0.013014246719273826,0.1499618586823226,0.03115937286654247,-0.2568714270237813,0.0,0.7625000894069813
2023-09-13,0.0004782795480469899,0.14944744392329262,-0.052705553346921126,-0.26122657497209556,-0.04999999999999982,0.918750114242254
2023-09-14,0.019397577927363203,0.14366467583048176,-0.04896141467543519,-0.32007713430964574,0.020000000000000462,1.0
2023-09-15,-0.002948056154823513,0.1433048565192196,0.07566304915127448,-0.2919416710666568,0.07000000000000028,0.8086784368016733
2023-09-18,0.002083016596221412,0.13879529583531022,0.015228429204343084,-0.21233491712795224,0.03000000000000025,0.7366070478242174
2023-09-19,-0.0012739702893295288,0.13866642713987595,0.007857118334089006,-0.2554057466074521,0.10000000000000053,0.7054795325864773
2023-09-20,-0.0042299858486074616,0.13883642015515849,0.07299792428826055,-0.3422145167218257,0.09999999999999964,0.4703196158130485
2023-09-21,-0.00782204423460703,0.1209887546158755,0.1585205097609572,-0.2239462813886426,0.20000000000000018,0.0
2023-09-22,-0.009583039680322371,0.12317356758894626,-0.019384272225830067,-0.37493839439833604,0.11000000000000032,0.07203391200336207
2023-09-25,0.004940838895701144,0.12458718117084763,-0.017441926226863143,-0.3100671895494837,0.22999999999999954,0.13559346005883688
2023-09-26,-0.01037890712952743,0.12945471345059603,0.12071011606950288,-0.4032678865119022,0.1899999999999995,0.0
2023-09-27,0.005864696307454674,0.1306779503551198,-0.038014846906072146,-0.288171676524887,0.2600000000000007,0.11764724215190037
2023-09-28,0.01241606479677492,0.13503233361876674,-0.04829852875579415,-0.15557018097758013,0.09999999999999964,0.2614379349774967
2023-09-29,-0.017412945762973926,0.1470599494783722,0.010380640345549091,-0.26533437213008354,0.14999999999999947,0.23202612443952164
2023-10-02,-0.008619617038537912,0.14395929897767604,0.005136994876504623,-0.3724750989088459,0.14000000000000057,0.21732021917053412
2023-10-03,-0.007373070114514834,0.1448536837701045,0.1232254401523626,-0.3857913199337983,0.25,0.0
2023-10-04,0.00448505015642509,0.14167025054702156,-0.06066737721347174,-0.3913366693989008,0.1200000000000001,0.17241387815168074
2023-10-05,0.004216234618219842,0.1425623892123506,-0.004843926423974859,-0.35622906597286813,0.1299999999999999,0.18534493271527208
2023-10-06,0.015395298979568614,0.14906775479225207,-0.056246566849785205,-0.333232651761623,0.1900000000000004,0.334770056274998
2023-10-09,-0.0022741812406699077,0.14946017484331175,0.014326646938088012,-0.35054199697554,-4.69,0.29885052116375654
2023-10-10,0.006078641778365123,0.15010120712991507,-0.037853110023407584,-0.3304848640725642,-0.14999999999999947,0.39511488622365576
2023-10-11,0.0034329391522588833,0.1438015858976676,-0.055196740819555085,-0.2782823303118971,-0.15000000000000036,0.5301724149743289
2023-10-12,-0.0023265937582410577,0.14409243772035674,0.03729026574143465,-0.29602582372452435,-0.019999999999999574,0.44396547589848856
2023-10-13,0.01501969205358973,0.13738267140666693,0.15757933352966796,0.05468314134982105,-0.15000000000000036,0.07679481405024802
2023-10-16,-0.0010134633190234936,0.1370252051811864,-0.10921328383441055,0.02224302011155857,4.71,0.44463690257178545
2023-10-17,-0.00216435790514844,0.1370318083457974,0.03893086065869917,0.05238096370286979,0.16999999999999993,0.3350972100069516
2023-10-18,-0.010980931158219423,0.1420897602792701,0.07494408364001502,-0.04432059522694904,0.33000000000000007,0.12068994221021812
2023-10-19,-0.004249206337236923,0.14209598463967502,0.11342353709976813,-0.1451250603914195,0.28000000000000025,0.0
2023-10-20,-0.016105925518572248,0.1500828652714477,0.01448595661066994,-0.3301714426561841,0.2999999999999998,0.0
2023-10-23,-0.013640914367081336,0.15362922582137023,-0.06172263020488317,-0.43230155387098695,0.15000000000000036,0.23843389678187465
2023-10-24,0.0012056141270526339,0.15229452408786595,-0.06872859441333208,-0.40782122244681274,0.0,0.4875445359202687
2023-10-25,-0.005454605680377529,0.14954810823868156,0.0643121383691495,-0.413547124501047,0.040000000000000036,0.27046242692172195
2023-10-26,0.0025642068758314224,0.14803545151353437,0.024269428338627587,-0.3644646476911389,-0.1200000000000001,0.18327383897766092
2023-10-27,-0.03601881831579821,0.18262919615616438,0.02852998761514649,-0.4529253044359394,-0.08999999999999986,0.07829158546857995
2023-10-30,0.012749737510665026,0.18373491082793317,-0.07146217325109944,-0.47004217630257733,0.019999999999999574,0.34875435177624425
2023-10-31,0.011934333964246922,0.18834868828041626,-0.08151901824564874,-0.5152414937571849,0.04999999999999982,0.6352313831538321
2023-11-01,-0.0008630105442737673,0.18699137787213865,-0.07001094780299506,-0.490151466842663,-0.1800000000000006,0.8612098158559754
2023-11-02,0.017849598156078388,0.1972522565581763,-0.07172501076628716,-0.5538466755229511,-0.1900000000000004,1.0
2023-11-03,0.011172412862010192,0.20066634282386908,-0.04789272077317045,-0.577077939286758,-0.2699999999999996,1.0
2023-11-06,0.0075524127054603174,0.1948951467080517,-0.0013413483765277658,-0.5773633180992359,-0.20999999999999996,1.0
2023-11-07,-0.0004858171380249613,0.19476108421477684,-0.005372728130387835,-0.5439253208316797,-0.2999999999999998,1.0
2023-11-08,0.004929968891916516,0.19433629803777494,-0.024307940590921315,-0.5347955053228508,-0.27999999999999936,1.0
2023-11-09,-0.00297122014119417,0.1940802179343735,0.058131499216304096,-0.5017498651501309,-0.04999999999999982,0.8842974880925343
2023-11-10,0.014831183680023756,0.20106326118467396,-0.07325048321473945,-0.5527119638866742,0.040000000000000036,1.0
2023-11-13,-0.004438762317924555,0.19427278035725112,0.041637272364941344,-0.5708541172164445,-0.040000000000000036,0.9217506325998304
2023-11-14,0.01824643576609524,0.20497711853100042,-0.04065043171853531,-0.6105113242778606,-0.13999999999999968,1.0
2023-11-15,0.008757969767749098,0.2068266117937586,0.001412461721694663,-0.6198585014302107,0.040000000000000036,0.9973509324788411
2023-11-16,0.011419661371522056,0.20531487618178892,0.009873017393189824,-0.6233683863567989,-0.16999999999999993,0.9788079650886955
2023-11-17,0.009045977424105284,0.2054986950888931,-0.036312815305247714,-0.6317719937992567,-0.16999999999999993,1.0
2023-11-20,0.0030753616059219398,0.19405234251587647,-0.028260894053073634,-0.5569505292614249,-0.20999999999999996,1.0
2023-11-21,-0.002087338022833314,0.18519128768113016,-0.004474233156233901,-0.4564278439627028,-0.03000000000000025,1.0
2023-11-22,0.002353391903164095,0.1850193319591899,-0.03745318245039286,-0.4338916112795529,-0.11000000000000032,1.0
2023-11-24,0.0013696327339163129,0.18210915490571417,-0.030350220369265653,-0.36744787470011786,0.019999999999999574,1.0
2023-11-27,-0.0022796341372682874,0.18346981275987262,0.018459032225695983,-0.3547271038182846,-0.05000000000000071,0.9738933562677021
2023-11-28,0.0022848427427830257,0.11198410234496924,0.0,0.3309073765637892,-0.08000000000000007,0.9684499940411707
2023-11-29,0.005080173948561961,0.10921296575790063,0.022852637623512664,0.2495504663966348,-0.14000000000000057,0.9084507810811814
2023-11-30,0.011404831627408964,0.10883837497172591,-0.004622455166284658,0.10105920662439329,-0.04999999999999982,0.895691620275069
2023-12-01,0.004869160174833215,0.10637574066397418,-0.02244581734833958,0.2712681865059331,-0.25,0.9468749729916437
2023-12-04,0.007332260346463822,0.09722066375355558,0.03562943825713944,0.10586651762570023,-0.10999999999999943,0.780918762447472
2023-12-05,-0.00012648162728906142,0.09650897243006627,-0.017584062964670157,0.0813472948491308,-0.16000000000000014,0.8621906876901873
2023-12-06,-0.010508419057241354,0.10937005057291088,0.00933851221764376,0.12045071394834334,-0.14999999999999947,0.8197879001304141
2023-12-07,0.003070876207955439,0.10825731674627051,0.006939101829988476,0.18446286622923885,-0.23000000000000043,0.7879857252137342
2023-12-08,0.011034043917602097,0.11089479402988643,-0.05436447284339449,0.10812587726384425,0.010000000000000675,1.0
2023-12-11,0.00365866280590163,0.10769701771874209,0.022672042455262637,0.29167311726135303,-0.04999999999999982,0.8838175308301953
2023-12-12,0.008925169935194887,0.10250468274736743,-0.0443389085148467,0.1388688411082387,0.020000000000000462,1.0
2023-12-13,0.0033641022250007206,0.09746291035874596,0.009941995740939383,0.3689423802462744,-0.08000000000000007,0.9466667175292969
2023-12-14,0.018191983122362868,0.09736821816180273,0.023789989486111912,0.0868380399530855,-0.21999999999999975,0.8177778455946181
2023-12-15,0.007561260228455949,0.09683793087450804,-0.016025626330215245,-0.008410751280799563,-0.3200000000000003,0.9066666497124566
2023-12-18,0.0060522632971516934,0.09389668975737671,0.022801359343170003,-0.22220673492862666,-0.28000000000000025,0.716762668016143
2023-12-19,0.013355012366256904,0.09765920185334985,-0.002388589621275137,-0.40465776618957017,-0.27,0.6567164285327936
2023-12-20,-0.011279234758312679,0.11218413618092524,0.09098167339325473,-0.581357337526009,-0.18000000000000016,0.0
2023-12-21,0.005704002186276722,0.11010010433104368,-0.001463091269352368,-0.46029173377280375,-0.029999999999999805,0.012500283121995137
2023-12-22,-0.0005969853976212547,0.11124377247896187,-0.045421238306660026,-0.4711663831603061,-0.010000000000000231,0.40000011920926115
2023-12-26,0.005913975792377065,0.11089366201221343,-0.003069835968746123,-0.48461996177051336,-0.06000000000000005,0.4250000894069459
2023-12-27,0.005997780151603481,0.10825988742170324,-0.0431100443271354,-0.5064344267673346,-0.14000000000000012,0.7749996721745319
2023-12-28,0.00531298916197587,0.10787275594337065,0.003218017769184735,-0.507919584817539,-0.020000000000000018,0.7499997019768472
2023-12-29,-0.0011742450874389315,0.10994628379276496,-0.001603885913022304,-0.4682608840865795,-0.010000000000000231,0.7624999850988423
2024-01-02,0.01164001525392951,0.11013067632076165,0.060240964778317446,-0.42368382439983454,0.050000000000000266,0.2937500968575246
2024-01-03,-0.004358316810168321,0.11448466012049713,0.06363637611557318,-0.49087162854526045,0.020000000000000018,0.0
2024-01-04,0.006635930808621025,0.11427300693345294,0.006410267295756618,-0.40420551651720565,0.20000000000000018,0.0
2024-01-05,0.005017457573817542,0.11319865289635879,-0.05520167916870917,-0.3988127409810914,0.20999999999999996,0.37864056994528406
2024-01-08,-0.0014512066083763168,0.10189923355036237,-0.02022475281262479,-0.4408609882097784,0.1299999999999999,0.5097087266274611
2024-01-09,-0.007906201776418051,0.11104553681086017,-0.02446480861549966,-0.38390120129208116,0.0699999999999994,0.6650483526668386
2024-01-10,0.0021097123944401742,0.10856473015025761,-0.005485944141293275,-0.34964087462026894,0.1299999999999999,0.6990292430744046
2024-01-11,-0.004210259662299092,0.1121806854138573,-0.019700552266877912,-0.29373342425060817,-0.010000000000000231,0.8203884416548191
2024-01-12,-0.00733987594477449,0.11645143951787212,0.0209003406472643,-0.21554130970666904,-0.08999999999999986,0.7371133564509167
2024-01-16,-0.006270409557171112,0.1205606122658755,0.0897638079089639,-0.2868572392593935,0.0600000000000005,0.15675670381356233
2024-01-17,-0.005357582520000352,0.10851672056029528,0.068641603958906,-0.30275790590282586,0.08000000000000007,0.0
2024-01-18,0.0019751020875237203,0.10609384866922261,-0.04462473624843867,-0.2364229799830902,0.09999999999999964,0.2796609929771575
2024-01-19,0.017262052329723422,0.11919547372256643,-0.05874026305617587,-0.1696060536659478,0.17000000000000037,0.6313559270665338
2024-01-22,-0.0011743450597247517,0.11131542750432044,-0.008270722464214088,-0.09256304841853771,0.15000000000000036,0.6779663619622902
2024-01-23,-0.006583950856421262,0.1059642095853212,-0.04852156254805879,0.020364694247670553,0.0699999999999994,0.94915258346773
2024-01-24,0.008935242048318784,0.10833362299165909,0.04701196363514503,-0.007475981806569983,0.08000000000000007,0.6991524824428936
2024-01-25,0.014310820468239399,0.11722937151988749,0.023592043975852153,0.023981181682868828,0.0,0.5677967574260326
2024-01-26,-0.003816209704070791,0.11784493849267098,-0.014126363054103398,0.02993556490127548,0.0,0.6483050659106238
2024-01-29,0.0026120391453965737,0.11676185356040195,0.02564103670581622,0.07567103327563496,-0.03000000000000025,0.5063827179632442
2024-01-30,0.02049442192392582,0.1339959239072168,-0.02132352600873145,0.10209713736233568,-0.08000000000000007,0.6297869370177351
2024-01-31,-0.010835673937554835,0.14085566914961511,0.07813673396435379,-0.04041060178309768,-0.1899999999999995,0.1872338335996857
2024-02-01,-0.003613396961142194,0.13688715744097218,-0.03275263097802588,-0.04123153656537645,-0.2699999999999996,0.38723391476344415
2024-02-02,0.005756230231066556,0.1365847091994612,-0.0021613640290953115,0.007651368232408045,-0.1200000000000001,0.39999975650872466
2024-02-05,-0.0013162839193674402,0.13541705672402968,-0.012996411568089797,-0.036771212919426026,0.08999999999999986,0.47659561861799227
2024-02-06,0.003438349997488742,0.1349195362279273,-0.0446232372547742,-0.043248183095666165,0.03000000000000025,0.7361698984722546
2024-02-07,0.0018846584613321736,0.13470967768894532,-0.017611063439567243,-0.0544648850128714,0.09999999999999964,0.8340424340361844
2024-02-08,-0.003590991116848288,0.13192802131524575,-0.0031176899525244125,-0.08270302858174536,0.28000000000000025,0.8510636916361558
2024-02-09,0.0012011269396875303,0.13188442591848518,0.01094607847852335,-0.07794578661868003,0.13999999999999968,0.7914890871268597
2024-02-12,0.004456829682818321,0.13087486532940845,0.07733951866959413,-0.1226964117309914,0.0,0.3839284573890609
2024-02-13,-0.008703498771560807,0.13212051328403246,0.13783201968635686,-0.34011380341537234,0.21999999999999975,0.0
2024-02-14,0.010157333606491568,0.1322349278160649,-0.09274449411038434,-0.2690537411162082,0.17999999999999972,0.4454546006257837
2024-02-15,0.02181444887608819,0.14535758821266223,-0.02573017264356728,-0.12965130252353663,0.08999999999999986,0.5575757715875006
2024-02-16,-0.004670156558782319,0.14806548121715096,0.01641681216836674,-0.15880595241647663,0.1299999999999999,0.48787894463516324
2024-02-20,0.003909878065124154,0.13908396946106474,0.08286519130211506,-0.10324382583186509,0.09999999999999964,0.13030311524922256
2024-02-21,0.006509903585748342,0.1390015478350219,-0.005188062471480994,-0.07238721286561758,0.010000000000000675,0.15454551497109648
2024-02-22,0.01199561245406638,0.13780800328325205,-0.052151250506989176,-0.12308234106870027,0.0600000000000005,0.42810465358720184
2024-02-23,0.00502545095318864,0.136652221418422,-0.05433287234701939,-0.10055349985533102,0.019999999999999574,0.6862745403586501
2024-02-26,-0.003424184899866387,0.13300951587082,-0.0007272893732244318,-0.05693689912187089,-0.019999999999999574,0.6895425885646985
2024-02-27,0.0004909627940010275,0.13112403450042504,-0.022561824680231053,-0.08256374909354233,0.040000000000000036,0.7908495896863565
2024-02-28,0.00506939007076283,0.1313019493637483,0.030528655107632405,-0.08564364040330986,-0.05000000000000071,0.656862729820675
2024-02-29,0.009111758966933363,0.11755209030097627,-0.03179194575191844,-0.030932630782365793,-0.08000000000000007,0.8006537343045019
2024-03-01,-0.004138812625945496,0.10994866263229787,-0.021641788814083178,0.06478686133113712,-0.0699999999999994,0.8954249506722936
2024-03-04,0.007502018512425557,0.10835443273813998,0.028985516734729627,0.04936470905228593,-0.0600000000000005,0.7712419237665269
2024-03-05,0.010017195963867284,0.11048092175042537,0.07190513591449875,0.07919610619673118,-0.17999999999999972,0.45424841591912846
2024-03-06,0.005197605115232869,0.10908380404467816,0.002766249083506453,0.07472365806614542,-0.15999999999999925,0.4411765347531651
2024-03-07,-0.008758617600013032,0.11766984932783073,-0.004137959973565464,0.02410592195490442,-0.16000000000000014,0.4607845123312254
2024-03-08,0.0018630371125723806,0.11767334371427392,0.020775637081209664,0.001161872507021164,-0.10000000000000053,0.36274524775738526
2024-03-11,0.0003717436545981127,0.11549483877268439,0.03256448462442765,-0.11240431660953143,-0.1200000000000001,0.21575345821240943
2024-03-12,0.008232031472791959,0.11624242873957483,-0.0906701767562003,-0.167629752354387,0.03000000000000025,0.7335765318215627
2024-03-13,0.008112213775829118,0.11714677564205442,-0.006502901126851637,-0.18318288600969787,0.08000000000000007,0.7664232941503234
2024-03-14,-0.017817955828866687,0.13287766665066975,0.04727269952947443,-0.031176878347139458,0.20000000000000018,0.44155855951442713
2024-03-15,0.01239550213897869,0.13447611412757088,0.0006944603574133014,-0.024588073597236807,0.21999999999999975,0.43722945688876813
2024-03-18,0.012401505402731399,0.12191281814469557,-0.005551694972461909,0.019603445969201275,0.2400000000000002,0.47186145220214093
2024-03-19,0.00586516358929281,0.11864838287406429,-0.035589688178444774,0.014444586289137896,0.13999999999999968,0.6926407319593545
2024-03-20,0.013107076405569618,0.1229492430870525,-0.05643992403728577,-0.08522654907444337,0.07999999999999918,1.0
2024-03-21,0.013905180890707095,0.12725970726393684,-0.009202445238506708,-0.2195847822886688,-0.020000000000000462,1.0
2024-03-22,-0.012257744916175609,0.13686284115190708,0.010835939821674714,-0.11437969434586176,-0.08999999999999986,0.9391302905596617
2024-03-25,-0.009154431300748276,0.14345121595751711,0.009953993613303187,-0.03177307180601779,-0.08999999999999986,0.8826089210005287
2024-03-26,0.004670764546829357,0.14178078884569395,0.003790765149774954,-0.04641265798005605,-0.05999999999999961,0.8608697094403384
2024-03-27,0.01936349630245042,0.1520212175946314,-0.03474320589872065,-0.17430841271098269,-0.0699999999999994,1.0
2024-03-28,0.003909250137603961,0.15197634880595426,0.017996909289228306,-0.1688724273943931,-0.0699999999999994,0.9057375223077663
2024-04-01,-0.006789699477780271,0.15517980868226502,0.04919288073705462,-0.14220037807025063,0.11000000000000032,0.6434427478946863
2024-04-02,-0.0004021529206083042,0.15347215468388403,0.07032967508978862,-0.20243934329929092,0.11000000000000032,0.25000019542502205
2024-04-03,-0.002815879519399292,0.15417122214698362,-0.019164937683158835,-0.2086767119433222,0.1200000000000001,0.3647541592307446
2024-04-04,-0.007608554616287896,0.156033433195467,0.1409630473494975,-0.32813579887119676,0.10999999999999943,0.0
2024-04-05,0.009199988428818192,0.1576470009237052,-0.019571846321599504,-0.2272088348526318,0.1899999999999995,0.08963575257578837
2024-04-08,0.005216568483534376,0.15267679014710828,-0.05240181349224811,-0.19208137488143026,0.08999999999999986,0.32493013735846155
2024-04-09,-0.006700818128763552,0.15627851621881894,-0.013824887685854272,-0.22444232744089362,0.0,0.38375366677022626
2024-04-10,-0.008521529960095267,0.16079965180202685,0.054739697834204286,-0.2847902347963773,0.1899999999999995,0.15406165009134698
2024-04-11,-0.00020472697657843232,0.15940229591873295,-0.05632913497334329,-0.28251657102867334,0.25,0.40336142086227633
2024-04-12,-0.06467776590996255,0.27792593261288234,0.1609657708311,-0.5710200600432123,0.11000000000000032,0.0
2024-04-15,0.0005470156639431048,0.2717674722947559,0.11091855202373442,-0.43348928189319025,0.20999999999999996,0.0
2024-04-16,-0.01142763579862541,0.2696222425108336,-0.043161723529065193,-0.4437780024193178,0.3099999999999996,0.12868216251941544
2024-04-17,-0.003982322640115255,0.2645070039018531,-0.0103261161954738,-0.4162584528242549,0.040000000000000036,0.15813961053122616
2024-04-18,0.006497125834181061,0.2647767228615562,-0.011532075509642324,-0.3436336206877168,0.08000000000000007,0.19069760908666833
2024-04-19,0.025103421460113955,0.27682630673848113,0.03944439358181424,-0.1450708886720564,0.1200000000000001,0.08062022839391625
2024-04-22,0.019429560260936684,0.2814971415523049,-0.09460174436266824,-0.049955384152409923,-0.009999999999999787,0.3550386164181323
2024-04-23,0.01441317868946624,0.28431985661374903,-0.07378990048797272,-0.09084143065022718,-0.05999999999999961,0.5488372196178946
2024-04-24,0.00489226027017685,0.2831959249995115,0.017845805872141872,-0.12745886151657598,0.0600000000000005,0.5054262591643299
2024-04-25,0.0015018359545009206,0.28275054051405635,-0.0375704678420369,-0.1159354557324534,0.0600000000000005,0.5984495768716969
2024-04-26,0.0006206856579776463,0.27376792162956487,-0.022121025056567406,-0.021349468524772194,0.04999999999999982,0.6752412014335167
2024-04-29,-0.0010852575846565368,0.2731767454499762,-0.02395207339142646,0.005569686664743423,0.009999999999999787,0.8172042165394474
2024-04-30,-0.007967781123134284,0.27350663506806566,0.06680296776684841,-0.014073656726256462,0.08000000000000007,0.7306122862066375
2024-05-01,0.0006258787087753681,0.27357385030377096,-0.01661337262268487,-0.01479727580850014,-0.020000000000000462,0.783673366910457
2024-05-02,-0.0010423120527955887,0.2735176254559939,-0.046133854600920766,-0.02192829097515808,-0.1200000000000001,0.9978069670936311
2024-05-03,-0.00600021505309968,0.2730991343299438,-0.08106270499449883,0.005812463184815993,-0.16999999999999993,1.0
2024-05-06,0.007820871232567694,0.27248345179660355,0.0,-0.03405735152507539,-0.13999999999999968,1.0
2024-05-07,-0.0013020234823882088,0.2714868583385301,-0.019273553246345602,-0.023580320723295224,-0.22000000000000064,1.0
2024-05-08,0.02033908084504064,0.2809516722542383,-0.017384697671535235,-0.12254330914670597,-0.14999999999999947,1.0
2024-05-09,0.00945560041113651,0.2811527675176713,-0.023846186124361478,-0.15515997639861595,-0.1299999999999999,1.0
2024-05-10,0.006430417074900536,0.2818386237307188,-0.011032261172400198,-0.1710101003891432,0.0,1.0
2024-05-13,-0.00020132807354692289,0.15056043532621788,0.08366535257186962,-0.006636909131117373,-0.009999999999999787,0.8428143274446793
2024-05-14,0.013988883776680838,0.15380581160680384,-0.013235316185802117,-0.014904658948616522,-0.019999999999999574,0.8587662269804112
2024-05-15,0.0029774301795122146,0.1424852396314047,-0.07228019832446103,0.16136479388295735,-0.1200000000000001,1.0
2024-05-16,0.00178129723338862,0.13908298800895014,-0.0024096171430352934,0.304114223259717,-0.07000000000000028,1.0
2024-05-17,0.011458348386002475,0.1405260239656841,-0.0346216024584833,0.2624921930851998,-0.08000000000000007,1.0
2024-05-20,-0.04497284481957727,0.2114438539813743,0.013344441239900716,0.213716792230136,-0.040000000000000036,0.967676803484552
2024-05-21,0.02014539785192707,0.2121779362114253,-0.023868310366918943,-0.011047102326770336,-0.040000000000000036,1.0
2024-05-22,-0.0060644961217947565,0.20961333251924014,0.03625635055846639,-0.05054189033709473,0.0699999999999994,0.8953770702386831
2024-05-23,-0.0070093748029817615,0.2112990435855617,0.03905618367782911,-0.06265248212697463,0.08999999999999986,0.7598942453177484
2024-05-24,0.01924642023549753,0.22054360805355386,-0.06577917952048332,-0.14021530156581943,0.040000000000000036,0.9815301717142207
2024-05-28,-0.006028699710884008,0.2222142967110809,0.0829840524554435,-0.13395940327540015,0.09999999999999964,0.7203165091594255
2024-05-29,-0.006967325639748737,0.22402079663042457,0.10526313070017852,-0.1540368296923123,0.20000000000000018,0.3614775460022047
2024-05-30,0.006158259721060888,0.22201507712847834,0.013305359776647869,-0.06180559175214628,0.1200000000000001,0.26062320037909226
2024-05-31,0.016555482663645257,0.2276099775036681,-0.10711818674023646,-0.061882482337858286,0.040000000000000036,0.6241134128174475
2024-06-03,-0.003997277549504193,0.22845130701609226,0.014705849788028908,-0.044515723743469245,-0.04999999999999982,0.5210729089325281
2024-06-04,-0.013180318959948001,0.23314798801351833,0.0038138971811030485,-0.039958111648512096,-0.20999999999999996,0.5019157522113546
2024-06-05,-0.009540222770836609,0.2356369752270879,-0.040273536407024725,-0.04503159917196057,-0.3200000000000003,0.7049807365140983
2024-06-06,-0.0017740320227044976,0.23571068076812232,-0.003958843252716518,-0.03620887448095754,-0.2699999999999996,0.7241378932352718
2024-06-07,0.015438318663655758,0.23131201602622325,-0.028616825028659504,-0.09482899376541236,-0.08000000000000007,0.8620687639214494
2024-06-10,-0.0017003500970075118,0.22947856292428856,0.04255314997761363,-0.09118953684362092,0.05999999999999961,0.662835284041415
2024-06-11,-0.026301437494948933,0.24640085389754812,0.008634270983343037,-0.08493996009325638,0.05999999999999961,0.6206894661763589
2024-06-12,-0.014560473684686766,0.2508307033434309,-0.06303505023896777,-0.04501184821615887,0.019999999999999574,0.9310343819607247
2024-06-13,0.011120901826137158,0.24876799837376612,-0.008305679550378994,-0.14156882482922373,-0.040000000000000036,0.9693486954030717
2024-06-14,0.0006197561791515574,0.24833451699959,0.06030153202113387,-0.13752383622434558,-0.22999999999999954,0.6934865886383434
2024-06-17,0.006192650615680177,0.24962182499913896,0.0071090168777757125,-0.13025207765307234,-0.1899999999999995,0.6590037796187058
2024-06-18,0.010359896590449901,0.24892169187231517,-0.035294102687461706,-0.11192169166845592,-0.16999999999999993,0.831417459324521
2024-06-20,0.008477296419700634,0.19492266145016285,0.07967475829590033,-0.2648056655036916,-0.05999999999999961,0.45593879531596204
2024-06-21,-0.011929481200593263,0.1863298447176397,-0.00602409076164612,-0.2005004630430424,0.009999999999999787,0.5000001877311675
2024-06-24,0.01314331575819811,0.19119029891267164,0.009848493660558262,-0.17423906126270247,0.04999999999999982,0.4488190395448195
2024-06-25,-0.004072889807123779,0.1900612576545195,-0.03675917283740933,-0.1790301546910206,-0.04999999999999982,0.6417323381578992
2024-06-26,-0.0032312612315406808,0.1774264916907843,-0.022585666542580072,-0.06193177380589174,0.10000000000000053,0.7588931048234798
2024-06-27,0.008813204379757106,0.1792756266102533,-0.024701228279307874,-0.09859942031134002,0.040000000000000036,0.881422881693906
2024-06-28,0.015514557902288437,0.18511569903326291,0.016339854003679127,-0.06911237547383704,0.11000000000000032,0.8023715951385993
2024-07-01,0.015771655286693664,0.19134706759952474,-0.01768483285975429,-0.24941287462944423,0.23000000000000043,0.798560706844018
2024-07-02,0.01645181232187125,0.191244671018568,-0.015548324869538995,-0.36778730937493437,0.1999999999999993,0.9352517047781815
2024-07-03,-0.0006704351496968304,0.19038383612386642,0.004987566163634503,-0.33067846715443255,0.040000000000000036,0.8920859459314823
2024-07-05,-0.013250532888875576,0.19045295873845783,0.032258013625000435,-0.24466021939772106,-0.009999999999999787,0.6115109147655505
2024-07-08,0.0018555971214486763,0.18604869881534136,-0.008814075377564873,-0.23850925892374916,-0.08000000000000007,0.6906473388719614
2024-07-09,0.011990141547666661,0.18843567124834817,0.011317731982050569,-0.2351960470348811,-0.1800000000000006,0.5899276922939704
2024-07-10,0.0008186960746850535,0.18286137036928457,0.027178269094106994,-0.20398093164548697,-0.14999999999999947,0.3453233263877502
2024-07-11,-0.0016842574342956346,0.18285709545267886,0.005447446906317717,-0.2083207394364963,-0.16000000000000014,0.29496384614698523
2024-07-12,-0.012099255559543625,0.16021786488271028,-0.03560371791258704,-0.1214409307675463,-0.10000000000000053,0.6258990436501429
2024-07-15,0.024934079487255678,0.16452960034393052,0.052969489999316506,-0.0970920858380787,-0.04999999999999982,0.1510791268187559
2024-07-16,0.016995903040337084,0.1686172955590676,0.005335342639847581,0.03338459951687195,-0.1299999999999999,0.10769255598617611
2024-07-17,0.015213950174990496,0.17139641782616247,0.0978013648894703,0.16553011143784768,-0.1200000000000001,0.0
2024-07-18,-0.03177026189349403,0.21492981038472336,0.10013817740186967,-0.38502661839503916,0.0,0.0
2024-07-19,-0.0009523435966648817,0.21420847400146692,0.037037045906157015,-0.328317942792621,0.07000000000000028,0.0
2024-07-22,0.002383318031943965,0.21340875364414397,-0.09745766136434537,-0.3191469565537831,0.02999999999999936,0.35857468829829053
2024-07-23,0.0002378029397736267,0.20669858523877774,-0.012743097406287266,-0.3325413827039317,0.08000000000000007,0.40089084636351724
2024-07-24,-0.008272743278259071,0.20760074436983003,0.22554351822499444,-0.3792877256608454,0.1200000000000001,0.0
2024-07-25,0.00038356739939321346,0.20636131131903818,0.023281493771090265,-0.3528994525292244,0.0699999999999994,0.0
2024-07-26,0.017108455987963407,0.2108141281783999,-0.11213433355830267,-0.2854001520682754,-0.04999999999999982,0.32192844534904264
2024-07-29,-0.006549195868991811,0.21291632885895764,0.012812751655983652,-0.30573451515902095,-0.08999999999999986,0.2892688787859057
2024-07-30,0.02058330512423303,0.21732833440289206,0.06566265828551653,-0.14826758039938875,-0.09999999999999964,0.11975095304406791
2024-07-31,-0.011106510367485136,0.21785130873652156,-0.07518371303299153,-0.1429455976798348,-0.1900000000000004,0.32659388583464233
2024-08-01,-0.022744186074313524,0.22726363497626592,0.13630803539367395,-0.2101318124265948,-0.27999999999999936,0.0
2024-08-02,-0.04241212429447817,0.2709851819476611,0.2582032919667483,-0.494878555379619,-0.40000000000000036,0.0
2024-08-05,-0.021291611295654538,0.27662967868179505,0.6489953271180459,-0.47732049443171876,-0.3900000000000001,0.0
2024-08-06,0.027911715961946283,0.2955326599014723,-0.28156600197766884,-0.27274220266388455,-0.25000000000000044,0.4159326217215893
2024-08-07,0.00029952202665460326,0.29182559040085065,0.005052374652567934,-0.22727322585648208,-0.1299999999999999,0.4105706416818359
2024-08-08,0.01826346856424573,0.2997399805168748,-0.14578094830633265,-0.17377373547723562,0.0,0.5660666018246043
2024-08-09,0.008526933726787023,0.3013973807409234,-0.1437578791374391,-0.17361166304891926,0.14000000000000012,0.6970509036730852
2024-08-12,0.0018951635395566908,0.29832322356946506,0.0166911257354692,-0.2152522441387495,0.1200000000000001,0.7017682021297927
2024-08-13,0.008487273754696559,0.2865288289612943,-0.12506027811373066,-0.16143728456626888,-0.04999999999999982,0.8057525123475084
2024-08-14,0.01106096183786182,0.28272079113496257,-0.10651215318914045,-0.1317876774564037,-0.1299999999999999,0.9290161485682851
2024-08-15,0.0062308648528748576,0.27806111757120844,-0.059295920948353974,-0.1084978172176819,-0.07000000000000028,0.9786163820778481
2024-08-16,0.011439287395701742,0.2574010505673665,-0.02823370744752662,-0.21162022925529395,-0.04999999999999982,0.9966457054245116
2024-08-19,0.006916908301085068,0.25808270424366875,-0.010135173666990465,-0.2274295019642059,-0.040000000000000036,1.0
2024-08-20,-0.00431655281513544,0.2588028917277551,0.08395908040535781,-0.21417940522225903,-0.03000000000000025,0.9485785747496864
2024-08-21,0.00037303849975225885,0.25879777930032544,0.024559215397492114,-0.2172270555875134,-0.040000000000000036,0.932274212622645
2024-08-22,0.009459404792405507,0.25800751258228527,0.07867232595473524,-0.23603257826372223,-0.06000000000000005,0.8787625581404436
2024-08-23,0.007755230589702708,0.258713722668746,-0.09629627657273672,-0.24562241101979523,-0.08000000000000007,0.9494147142856345
2024-08-26,0.003939324440235092,0.2531661100344068,0.018284991685414947,-0.2280647887681886,-0.040000000000000036,0.9372909700996789
2024-08-27,0.004608120753656989,0.25155639338513147,-0.04458200187994899,-0.24776756906623057,0.010000000000000231,0.9673912757459172
2024-08-28,0.005041276712299882,0.24284420737206036,0.1088788251424887,-0.2411045153472371,0.04999999999999982,0.8971571494993729
2024-08-29,0.00415758589858146,0.23862387515359185,-0.08533027117123464,-0.2726145068851211,0.010000000000000231,0.9581939800664526
2024-08-30,0.011655636455537082,0.22258194970722286,-0.041533522963198406,-0.32406240824309646,0.10000000000000009,0.9853678770755274
2024-09-03,-0.020017823735982373,0.17168629820188316,0.38133328755696616,-0.30242456651215033,0.020000000000000018,0.7462374717615521
2024-09-04,-0.004403111588966318,0.1475200623428078,0.028957548327861828,0.1496610406399974,-0.06000000000000005,0.49469699312285265
2024-09-05,-0.007750814060929845,0.13055494471770102,-0.0666041321116282,-0.22796205125875701,-0.10999999999999988,0.6022727502607432
2024-09-06,-0.02375597479277449,0.16192869033041857,0.12462309496363146,-0.3845906274998404,-0.1499999999999999,0.15426712852042979
2024-09-09,0.02047447663374031,0.16473953638998773,-0.13092039802055044,-0.5502019138010014,-0.20999999999999996,0.3790425059947009
2024-09-10,-0.05188871958944351,0.24987289303744234,-0.019023178648836243,-0.506726869043431,-0.18999999999999995,0.42690807664729047
2024-09-11,0.008124142390616613,0.25137496254376757,-0.07285112134206169,-0.5332953877439062,-0.1200000000000001,0.6067268957886826
2024-09-12,-0.0030399560759684415,0.24984686855584323,-0.03504809612864306,-0.5460612591353835,-0.04999999999999982,0.6869339948765603
2024-09-13,-0.011035809333857994,0.24903635991234416,-0.029876991095463976,-0.5204031486616515,-0.06000000000000005,0.7529107424941015
2024-09-16,0.017325538812272993,0.2560954326669961,0.03502415111177351,-0.5017650014509312,-0.07000000000000028,0.6778784063940844
2024-09-17,0.006687200538145927,0.2537730990317392,0.02742130906883103,-0.47640340733632935,0.0,0.6170761750181235
2024-09-18,-0.008219775971288533,0.2532866648158107,0.035207206723224985,-0.469819019526122,0.050000000000000266,0.5623306355632688
2024-09-19,0.01421483449634853,0.2589088157132232,-0.10422378860340853,-0.5047313642630098,0.04999999999999982,0.8197831876761488
2024-09-20,0.0028981366714872,0.2591976176460276,-0.011022676424785348,-0.5092624492946808,0.06999999999999984,0.8441734757039164
2024-09-23,0.0016580069223220142,0.25675893850223874,-0.016099026708904698,-0.5089230251605944,0.1200000000000001,0.8794037338033648
2024-09-24,0.0007094196933372827,0.2548754669385492,-0.031466330345934095,-0.4898852517876546,0.0900000000000003,0.9471544190145623
2024-09-25,-0.006616581603917813,0.2547316707281174,0.001299512907290651,-0.4548587088161456,0.08999999999999986,0.9444444588026863
2024-09-26,-0.0019505164159576676,0.25364242185787295,-0.0025957146170734564,-0.43538080151731323,0.06000000000000005,0.949864508450615
2024-09-27,0.0034321447110993346,0.2531260896057538,0.10344822451218504,-0.43598395963229597,0.020000000000000018,0.7344174380273154
2024-09-30,0.001710240459415817,0.2524861292186768,-0.013561294495994343,-0.43093967881567147,0.06000000000000005,0.7655826911968614
2024-10-01,-0.01811643380087464,0.2527098127242383,0.1512253888745366,-0.41685921194346354,0.0,0.44507835299204124
2024-10-02,0.00120762178683329,0.24614588468390056,-0.018691620253031678,-0.35900793154060384,0.0,0.49643365221793245
2024-10-03,-0.009937804062931986,0.2473500866468068,0.0841269938984017,-0.3942395875978197,0.06000000000000005,0.26961477675651935
2024-10-04,0.03549359390282875,0.28016235991392613,-0.06246953152482425,-0.24808375301193816,0.22999999999999998,0.4522111846010287
2024-10-07,-0.001372985590123063,0.267688903131778,0.17855286145995877,-0.08967245246838194,0.2200000000000002,0.0
2024-10-08,-0.0008532740279538835,0.2572092293806794,-0.053886896918924204,-0.14413198629115456,0.2999999999999998,0.16781284684658448
2024-10-09,0.012668994347115329,0.1823999081034509,-0.02614376582389224,0.01660741786766406,0.2699999999999996,0.24484166447269085
2024-10-10,-0.002717664754260596,0.18178537675713194,0.003355689970089556,-0.008010111143709017,0.23999999999999977,0.23521309506428256
2024-10-11,0.04439952406674203,0.23339666239694232,-0.02245586306020733,0.13229382330872938,0.10000000000000009,0.2998625108501778
2024-10-14,-0.0036438257219758487,0.22880184871904685,-0.037145569674535084,0.07882708954169679,-4.03,0.40440148930618813
2024-10-15,0.004108739169197585,0.2238016293290837,0.04771566448247824,0.10656562777778664,-0.009999999999999787,0.27510318245207654
2024-10-16,0.005620643081383248,0.2236471520817811,-0.05135656479108248,0.11433162416696077,-0.040000000000000036,0.42090779569120207
2024-10-17,0.003487782303818782,0.21951856327491015,-0.0240040508266525,0.1087660937596669,0.0,0.48555694911825786
2024-10-18,0.004233139479041119,0.21643321955302297,-0.056514907860392066,0.15260502300595563,0.0,0.6341126571480256
2024-10-21,-0.010515905474442856,0.2219301965457831,0.018857467534081823,0.16152150540086405,4.19,0.5873450951424655
2024-10-22,0.0050222553873911415,0.22197981355096305,-0.00925422256545959,0.15969222776799505,0.16999999999999993,0.6107288761452455
2024-10-23,-0.0031678754708413305,0.22292357864048779,0.05714280025177001,0.15441797267293958,0.22000000000000064,0.4676753576967623
2024-10-24,0.007027379596697576,0.22052366351699396,-0.00831600048417312,0.09342072625680765,0.1200000000000001,0.48968359130422123
2024-10-25,-0.011867610532940727,0.22628385062562056,0.0655136270963466,0.020048935109332682,0.16999999999999993,0.39086286388888714
2024-10-28,0.014349288257985928,0.2295894400903423,-0.026069881388808752,0.027582518930865944,0.08999999999999986,0.4805414933862442
2024-10-29,-0.011529998557751539,0.23552045688700976,-0.023232277888761498,0.03364127881882413,0.08000000000000007,0.7158351768973263
2024-10-30,0.006774402581805137,0.22278356458901957,0.05222338267389763,0.002860800679515678,0.04999999999999982,0.49674612851561484
2024-10-31,-0.011095875246436512,0.2288787198356456,0.13808350925148424,-0.13184351953454768,0.07000000000000028,0.0
2024-11-01,0.004596361734651224,0.22348736807007957,-0.055267732948130165,-0.11185258722528817,0.1200000000000001,0.2495128452329476
2024-11-04,-0.014174200305768776,0.20136839882885635,0.004570401522182823,-0.12043816554676899,0.02999999999999936,0.2300195902954978
2024-11-05,0.007780588665153183,0.201949963653361,-0.06778888999770043,-0.0988832024234965,-0.020000000000000462,0.5204679362744679
2024-11-06,0.11544525369125161,0.4399308554414712,-0.205954092752252,-0.5177868696981687,0.1299999999999999,1.0
2024-11-07,-0.04322827935946998,0.47368346336292166,-0.06576525005492273,-0.20015281398536297,0.02999999999999936,1.0
2024-11-08,0.002538130284804759,0.47291446680715243,-0.017105278430553216,-0.1569577721428827,-0.07000000000000028,1.0
2024-11-11,0.009747779148677771,0.4517924942612621,0.0020080781451225524,-0.20584847840391893,-4.31,0.9963502815485489
2024-11-12,0.0011283184350391713,0.4510928689037924,-0.017368084451840817,-0.17745141617070104,0.16999999999999993,1.0
2024-11-13,0.006678898274018745,0.4511807341594767,-0.04690683742990802,-0.17316087388104479,0.020000000000000462,1.0
2024-11-14,0.0029440379839679775,0.45117213092420766,0.02068473269502911,-0.16208501010946677,0.1200000000000001,0.9682713368469731
2024-11-15,0.014222626730940865,0.45251802924844503,0.1278825238553526,-0.17212222907086672,0.1299999999999999,0.768052617784003
2024-11-18,-0.0011414718383584658,0.45295792618146175,-0.03469637466662759,-0.15995719160621105,4.42,0.8293217100529383
2024-11-19,-0.007917397119499483,0.45197110575607446,0.0494223659521373,-0.14317684816786894,-0.040000000000000036,0.745076577757225
2024-11-20,-0.009502640702290746,0.45454591453711346,0.049541250583724494,-0.13622051721583756,-0.03000000000000025,0.656455186068758
2024-11-21,0.016529552114632654,0.45586589788134196,-0.01689970925159685,-0.13691389842725418,0.0,0.6881837448810433
2024-11-22,0.015484561860768785,0.4573421871095277,-0.0966212796103989,-0.15202698383328056,-0.019999999999999574,0.86652085395802
2024-11-25,0.007000588696705352,0.4531569828263728,-0.041994711237550136,-0.1254309032825596,-0.15000000000000036,0.9365426736939461
2024-11-26,-0.0012783756200566887,0.4527755175053373,-0.034246574447669084,-0.12558480869431995,-0.08999999999999986,0.9912472725330093
2024-11-27,-0.0007201371162311168,0.4492517402686633,0.0,-0.09015881771103038,-0.16000000000000014,0.9912472725330093
2024-11-29,-0.00028026568934288136,0.4497235005895813,-0.04184398132097011,-0.08257976162363834,-0.25,1.0
2024-12-02,-0.013895582837615491,0.4511249021334343,-0.012583277084667784,0.024264782659469235,-0.21999999999999975,1.0
2024-12-03,-0.0058070561816385155,0.4527749325770549,-0.002998497855734099,0.05178296335861262,-0.03999999999999915,1.0
2024-12-04,-0.0058001150792405904,0.449260491726224,0.011278166645047659,0.22358650105009242,-0.10999999999999943,0.9791377430758798
2024-12-05,0.008545534664508603,0.449322920652092,0.006691461253842793,0.2867681311070016,-0.08000000000000007,0.937823887962529
2024-12-06,0.007658511192891738,0.20505874677808145,-0.05686850120079148,0.04316175198608682,-0.02999999999999936,1.0
2024-12-09,-0.014351615440771964,0.1431705950459722,0.11119804790267833,0.2026566834437185,0.009999999999999787,0.6765377403085822
2024-12-10,-0.003896546167745937,0.14432094520267946,-0.0007046705780980319,0.2091676313462624,-0.010000000000000675,0.6788154798524868
2024-12-11,0.002758866432420917,0.1411045193427364,-0.04231314305760085,0.18740793862191935,0.0699999999999994,0.8154898454308783
2024-12-12,-0.008212621892468831,0.144560469908067,0.025036830228133224,0.2044568941379969,0.15000000000000036,0.7380410527523176
2024-12-13,-0.006582941549993147,0.14463645867738353,-0.007902274143272301,0.23657115243852572,0.25,0.7630979256385926
2024-12-16,-0.001500414967055877,0.14423724759651008,0.06372187791657041,0.23865366559968776,0.1899999999999995,0.562642508072561
2024-12-17,-0.005092230048484362,0.1347485136501817,0.08032677596203117,0.11272980850852797,0.1800000000000006,0.293849690479418
2024-12-18,-0.03352071238160299,0.1748757387738038,0.7403907396600701,-0.5532296009094388,0.2400000000000002,0.0
2024-12-19,0.011242764046698096,0.18042270638843946,-0.12780595870334827,-0.30259353236763664,0.25,0.23771047784283883
2024-12-20,0.019917584747113682,0.1932590546031857,-0.23785801186974162,-0.19633953419820635,0.11999999999999922,0.6235690229635779
2024-12-23,0.003324961789311117,0.18372290832939817,-0.08605663786390258,-0.2283416626225153,0.20000000000000018,0.72996632149009
2024-12-24,0.016443563896469424,0.18484624005060493,-0.14958284422952609,-0.2462813323036654,0.1899999999999995,0.8989899015846663
2024-12-26,0.0034253992815413813,0.18326929892542881,0.03223539381334716,-0.24432400645458072,0.08000000000000007,0.8680135330556353
2024-12-27,-0.008102303286346833,0.1847703361260942,0.08282418906603622,-0.24633724771732696,0.04999999999999982,0.7858586350294264
2024-12-30,-0.007670811926322357,0.1858995819514683,0.09090908003791019,-0.25460627583377754,0.03000000000000025,0.6882155527387022
