Date,JPM,VIX,DGS10,return,return_clean
2018-01-02,85.51603698730469,9.770000457763672,2.46,,
2018-01-03,85.60316467285156,9.149999618530272,2.44,0.0010188461558362505,0.0010188461558362505
2018-01-04,86.82947540283203,9.220000267028809,2.46,0.014325530307986112,0.014325530307986112
2018-01-05,86.27207946777344,9.220000267028809,2.47,-0.006419432254688218,-0.006419432254688218
2018-01-08,86.39947509765625,9.520000457763672,2.49,0.001476672762135145,0.001476672762135145
2018-01-09,86.83744812011719,10.079999923706056,2.55,0.005069163000885224,0.005069163000885224
2018-01-10,87.79301452636719,9.81999969482422,2.55,0.011004082074455024,0.011004082074455024
2018-01-11,88.2628402709961,9.880000114440918,2.54,0.005351516258594868,0.005351516258594868
2018-01-12,89.72010040283203,10.15999984741211,2.55,0.016510460431158336,0.016510460431158336
2018-01-16,89.40155029296875,11.65999984741211,2.54,-0.0035504876658968287,-0.0035504876658968287
2018-01-17,89.97489166259766,11.90999984741211,2.57,0.006413103215213489,0.006413103215213489
2018-01-18,90.18991088867188,12.220000267028809,2.62,0.0023897692133993953,0.0023897692133993953
2018-01-19,89.9908218383789,11.270000457763672,2.64,-0.0022074425878823023,-0.0022074425878823023
2018-01-22,91.0419692993164,11.029999732971191,2.66,0.011680607416002076,0.011680607416002076
2018-01-23,90.9464111328125,11.100000381469728,2.63,-0.0010496056625241001,-0.0010496056625241001
2018-01-24,92.10902404785156,11.470000267028809,2.65,0.012783494153950192,0.012783494153950192
2018-01-25,92.13288879394533,11.579999923706056,2.63,0.0002590923781948806,0.0002590923781948806
2018-01-26,92.62661743164062,11.079999923706056,2.66,0.005358875035379906,0.005358875035379906
2018-01-29,92.53106689453124,13.84000015258789,2.7,-0.001031566732747291,-0.001031566732747291
2018-01-30,91.66307830810548,14.789999961853027,2.73,-0.009380509871512732,-0.009380509871512732
2018-01-31,92.10902404785156,13.539999961853027,2.72,0.004865053061464231,0.004865053061464231
2018-02-01,93.06458282470705,13.470000267028809,2.78,0.010374214543398708,0.010374214543398708
2018-02-02,91.00214385986328,17.309999465942383,2.84,-0.02216137334144075,-0.02216137334144075
2018-02-05,86.63837432861328,37.31999969482422,2.77,-0.04795238162707338,-0.03312006140239074
2018-02-06,89.2741470336914,29.979999542236328,2.79,0.030422693471611417,0.030422693471611417
2018-02-07,89.87935638427734,27.729999542236328,2.84,0.006779222996748935,0.006779222996748935
2018-02-08,85.9057846069336,33.459999084472656,2.85,-0.044210060432062104,-0.03312006140239074
2018-02-09,87.62578582763672,29.059999465942383,2.83,0.02002194879626651,0.02002194879626651
2018-02-12,88.97950744628906,25.61000061035156,2.86,0.015448895617497405,0.015448895617497405
2018-02-13,89.52897644042969,24.969999313354492,2.83,0.006175230790890884,0.006175230790890884
2018-02-14,91.59938049316406,19.260000228881836,2.91,0.023125519078306178,0.023125519078306178
2018-02-15,91.98162841796876,19.1299991607666,2.9,0.004173040502530867,0.004173040502530867
2018-02-16,91.32066345214844,19.459999084472656,2.87,-0.007185836750104868,-0.007185836750104868
2018-02-20,91.34455108642578,20.600000381469727,2.88,0.00026157972767970605,0.00026157972767970605
2018-02-21,91.72677612304688,20.020000457763672,2.94,0.004184431715685388,0.004184431715685388
2018-02-22,91.55955505371094,18.719999313354492,2.92,-0.0018230344115836017,-0.0018230344115836017
2018-02-23,93.41496276855467,16.489999771118164,2.88,0.020264490295472726,0.020264490295472726
2018-02-26,94.57757568359376,15.800000190734863,2.86,0.012445681939836417,0.012445681939836417
2018-02-27,93.45478057861328,18.59000015258789,2.9,-0.011871684137228833,-0.011871684137228833
2018-02-28,91.97364807128906,19.850000381469727,2.87,-0.015848654270589235,-0.015848654270589235
2018-03-01,90.32526397705078,22.469999313354492,2.81,-0.01792235198674097,-0.01792235198674097
2018-03-02,90.23770141601562,19.59000015258789,2.86,-0.000969413840378075,-0.000969413840378075
2018-03-05,91.62325286865234,18.729999542236328,2.88,0.015354463055846423,0.015354463055846423
2018-03-06,91.70291137695312,18.36000061035156,2.88,0.000869413667456076,0.000869413667456076
2018-03-07,91.3604965209961,17.760000228881836,2.89,-0.003733958396909598,-0.003733958396909598
2018-03-08,91.36844635009766,16.540000915527344,2.86,8.701604527439066e-05,8.701604527439066e-05
2018-03-09,93.99626922607422,14.640000343322754,2.9,0.02876072627860493,0.02876072627860493
2018-03-12,93.69367218017578,15.779999732971191,2.87,-0.003219245278455185,-0.003219245278455185
2018-03-13,92.57088470458984,16.350000381469727,2.84,-0.011983599846815518,-0.011983599846815518
2018-03-14,91.53564453125,17.229999542236328,2.81,-0.011183215723210127,-0.011183215723210127
2018-03-15,91.76660919189452,16.59000015258789,2.82,0.0025232210012533507,0.0025232210012533507
2018-03-16,91.92586517333984,15.800000190734863,2.85,0.0017354458538649808,0.0017354458538649808
2018-03-19,91.2012176513672,19.020000457763672,2.85,-0.007882955690503568,-0.007882955690503568
2018-03-20,91.288818359375,18.200000762939453,2.89,0.0009605212546905939,0.0009605212546905939
2018-03-21,91.36844635009766,17.860000610351562,2.89,0.0008722644476477637,0.0008722644476477637
2018-03-22,87.55414581298828,23.34000015258789,2.83,-0.04174636528779385,-0.03312006140239074
2018-03-23,85.21297454833984,24.8700008392334,2.82,-0.026739696252066403,-0.026739696252066403
2018-03-26,87.84081268310547,21.030000686645508,2.85,0.03083847440714438,0.03083847440714438
2018-03-27,86.13671875,22.5,2.78,-0.01939979698563532,-0.01939979698563532
2018-03-28,86.00132751464844,22.8700008392334,2.77,-0.0015718178880775868,-0.0015718178880775868
2018-03-29,87.57003784179688,19.969999313354492,2.74,0.018240536192668078,0.018240536192668078
2018-04-02,85.88188934326172,23.6200008392334,2.73,-0.01927769520420841,-0.01927769520420841
2018-04-03,87.06041717529297,21.100000381469727,2.79,0.013722658421274181,0.013722658421274181
2018-04-04,88.38227844238281,20.059999465942383,2.79,0.015183263645846434,0.015183263645846434
2018-04-05,89.54280090332031,18.940000534057617,2.83,0.013130714453057024,0.013130714453057024
2018-04-06,87.309814453125,21.489999771118164,2.77,-0.02493764353659511,-0.02493764353659511
2018-04-09,88.35829162597656,21.770000457763672,2.78,0.012008697755444997,0.012008697755444997
2018-04-10,90.04701232910156,20.469999313354492,2.8,0.01911219277839149,0.01911219277839149
2018-04-11,88.53435516357422,20.239999771118164,2.79,-0.01679852697387585,-0.01679852697387585
2018-04-12,90.73533630371094,18.489999771118164,2.83,0.02486019281520968,0.02486019281520968
2018-04-13,88.27824401855469,17.40999984741211,2.82,-0.027079772724176943,-0.027079772724176943
2018-04-16,88.20621490478516,16.559999465942383,2.83,-0.0008159327880875589,-0.0008159327880875589
2018-04-17,88.20621490478516,15.25,2.82,0.0,0.0
2018-04-18,87.49391174316406,15.600000381469728,2.87,-0.008075430539559947,-0.008075430539559947
2018-04-19,89.41471862792969,15.960000038146973,2.92,0.021953606216671417,0.021953606216671417
2018-04-20,89.21466064453125,16.8799991607666,2.96,-0.0022374166856232724,-0.0022374166856232724
2018-04-23,88.78247833251953,16.34000015258789,2.98,-0.0048442969898604415,-0.0048442969898604415
2018-04-24,88.36628723144531,18.020000457763672,3.0,-0.004687761694547987,-0.004687761694547987
2018-04-25,88.03014373779297,17.84000015258789,3.03,-0.0038039789175698946,-0.0038039789175698946
2018-04-26,88.11815643310547,16.239999771118164,3.0,0.0009998017903349865,0.0009998017903349865
2018-04-27,87.55792999267578,15.40999984741211,2.96,-0.006357673186853208,-0.006357673186853208
2018-04-30,87.06172180175781,15.93000030517578,2.95,-0.005667198744413904,-0.005667198744413904
2018-05-01,87.06172180175781,15.489999771118164,2.97,0.0,0.0
2018-05-02,86.37339782714844,15.970000267028809,2.97,-0.007906160828942799,-0.007906160828942799
2018-05-03,85.82917785644531,15.899999618530272,2.94,-0.006300782236125846,-0.006300782236125846
2018-05-04,86.78157806396484,14.770000457763672,2.95,0.011096461964397175,0.011096461964397175
2018-05-07,87.5339126586914,14.75,2.95,0.008669289168399708,0.008669289168399708
2018-05-08,88.83047485351562,14.710000038146973,2.97,0.01481211287652262,0.01481211287652262
2018-05-09,90.76732635498048,13.420000076293944,3.0,0.021803908001829297,0.021803908001829297
2018-05-10,91.47162628173828,13.229999542236328,2.97,0.007759399279905654,0.007759399279905654
2018-05-11,91.1274871826172,12.649999618530272,2.97,-0.003762249706385612,-0.003762249706385612
2018-05-14,91.15950775146484,12.93000030517578,3.0,0.00035138211134344566,0.00035138211134344566
2018-05-15,90.46318817138672,14.630000114440918,3.08,-0.007638474551404539,-0.007638474551404539
2018-05-16,90.7112808227539,13.420000076293944,3.09,0.0027424707926186898,0.0027424707926186898
2018-05-17,90.4071807861328,13.43000030517578,3.11,-0.0033523949156368804,-0.0033523949156368804
2018-05-18,88.94254302978516,13.420000076293944,3.06,-0.01620045823364835,-0.01620045823364835
2018-05-21,89.7588882446289,13.079999923706056,3.06,0.009178343535448219,0.009178343535448219
2018-05-22,90.44718933105467,13.220000267028809,3.06,0.007668333464089683,0.007668333464089683
2018-05-23,90.03099822998047,12.579999923706056,3.01,-0.004601481860877499,-0.004601481860877499
2018-05-24,89.02255249023438,12.529999732971191,2.98,-0.011201094729284877,-0.011201094729284877
2018-05-25,88.56636047363281,13.220000267028809,2.93,-0.005124454465081807,-0.005124454465081807
2018-05-29,84.7807388305664,17.020000457763672,2.77,-0.04274333531175678,-0.03312006140239074
2018-05-30,86.71753692626953,14.9399995803833,2.84,0.022844789069057292,0.022844789069057292
2018-05-31,85.64509582519531,15.43000030517578,2.83,-0.012367061370597399,-0.012367061370597399
2018-06-01,86.7575912475586,13.460000038146973,2.89,0.012989598664632451,0.012989598664632451
2018-06-04,86.79757690429688,12.739999771118164,2.94,0.0004608894295392574,0.0004608894295392574
2018-06-05,86.30938720703125,12.399999618530272,2.92,-0.0056244622796775,-0.0056244622796775
2018-06-06,88.32624816894531,11.640000343322754,2.97,0.023367805370650974,0.023367805370650974
2018-06-07,88.67842864990234,12.130000114440918,2.93,0.003987268657482224,0.003987268657482224
2018-06-08,88.9265365600586,12.18000030517578,2.93,0.0027978383687397024,0.0027978383687397024
2018-06-11,88.70240783691406,12.350000381469728,2.96,-0.0025203806626739045,-0.0025203806626739045
2018-06-12,88.1902084350586,12.34000015258789,2.96,-0.005774357363524829,-0.005774357363524829
2018-06-13,88.0141372680664,12.9399995803833,2.98,-0.001996493376266839,-0.001996493376266839
2018-06-14,86.46145629882812,12.119999885559082,2.94,-0.01764126783983866,-0.01764126783983866
2018-06-15,86.35739135742188,11.979999542236328,2.93,-0.0012035992205194912,-0.0012035992205194912
2018-06-18,86.58152770996094,12.3100004196167,2.92,0.0025954507079930522,0.0025954507079930522
2018-06-19,86.0772933959961,13.350000381469728,2.89,-0.0058238093886952,-0.0058238093886952
2018-06-20,86.06929779052734,12.789999961853027,2.93,-9.288867195167416e-05,-9.288867195167416e-05
2018-06-21,86.04525756835938,14.640000343322754,2.9,-0.00027931240041578764,-0.00027931240041578764
2018-06-22,84.63665771484375,13.770000457763672,2.9,-0.016370453100178706,-0.016370453100178706
2018-06-25,83.8683090209961,17.329999923706055,2.87,-0.009078202218669396,-0.009078202218669396
2018-06-26,83.92436218261719,15.920000076293944,2.88,0.0006683473444906163,0.0006683473444906163
2018-06-27,82.6278076171875,17.90999984741211,2.83,-0.015449084529333912,-0.015449084529333912
2018-06-28,83.98037719726562,16.850000381469727,2.84,0.016369423552232476,0.016369423552232476
2018-06-29,83.39613342285156,16.09000015258789,2.85,-0.006956908195847933,-0.006956908195847933
2018-07-02,84.10042572021484,15.600000381469728,2.87,0.008445143299297131,0.008445143299297131
2018-07-03,82.92391204833984,16.139999389648438,2.83,-0.013989390205812136,-0.013989390205812136
2018-07-05,83.46305847167969,14.970000267028809,2.84,0.006501700293946033,0.006501700293946033
2018-07-06,83.73665618896484,13.369999885559082,2.82,0.003278069630985314,0.003278069630985314
2018-07-09,86.32778930664062,12.6899995803833,2.86,0.03094383315030491,0.03094383315030491
2018-07-10,85.79668426513672,12.640000343322754,2.87,-0.006152190919860079,-0.006152190919860079
2018-07-11,85.61161804199219,13.630000114440918,2.85,-0.00215703234605924,-0.00215703234605924
2018-07-12,85.98175811767578,12.579999923706056,2.85,0.004323479501369132,0.004323479501369132
2018-07-13,85.58747100830078,12.18000030517578,2.83,-0.004585706526672451,-0.004585706526672451
2018-07-16,88.98329162597656,12.829999923706056,2.85,0.039676608943690406,0.03446720619930946
2018-07-17,88.9189224243164,12.0600004196167,2.86,-0.0007233852612547054,-0.0007233852612547054
2018-07-18,89.74775695800781,12.100000381469728,2.88,0.009321239069185472,0.009321239069185472
2018-07-19,88.42805480957031,12.869999885559082,2.84,-0.014704569709246051,-0.014704569709246051
2018-07-20,89.54654693603516,12.859999656677246,2.89,0.012648611675033727,0.012648611675033727
2018-07-23,91.21228790283205,12.619999885559082,2.96,0.018601956454968205,0.018601956454968205
2018-07-24,91.8560562133789,12.40999984741211,2.95,0.007057912100973285,0.007057912100973285
2018-07-25,92.68489074707033,12.289999961853027,2.94,0.009023188757048883,0.009023188757048883
2018-07-26,92.41934204101562,12.140000343322754,2.98,-0.0028650700660516337,-0.0028650700660516337
2018-07-27,93.36888122558594,13.029999732971191,2.96,0.010274247398871506,0.010274247398871506
2018-07-30,93.93215942382812,14.260000228881836,2.98,0.006032825828567789,0.006032825828567789
2018-07-31,92.4998016357422,12.829999923706056,2.96,-0.01524885403329257,-0.01524885403329257
2018-08-01,93.07115173339844,13.149999618530272,3.0,0.006176771058452379,0.006176771058452379
2018-08-02,93.4654312133789,12.1899995803833,2.98,0.0042363232068931556,0.0042363232068931556
2018-08-03,94.22185516357422,11.640000343322754,2.95,0.008093087897582452,0.008093087897582452
2018-08-06,94.24597930908205,11.270000457763672,2.94,0.0002560355606027187,0.0002560355606027187
2018-08-07,94.59201049804688,10.93000030517578,2.98,0.003671575079399636,0.003671575079399636
2018-08-08,94.78514099121094,10.850000381469728,2.96,0.002041720988349649,0.002041720988349649
2018-08-09,94.05286407470705,11.270000457763672,2.93,-0.007725650970670572,-0.007725650970670572
2018-08-10,93.12747192382812,13.15999984741211,2.87,-0.009839064019824817,-0.009839064019824817
2018-08-13,91.6468276977539,14.779999732971191,2.88,-0.015899113285124722,-0.015899113285124722
2018-08-14,92.25839233398438,13.3100004196167,2.89,0.006673058430864298,0.006673058430864298
2018-08-15,91.49390411376952,14.640000343322754,2.86,-0.008286381334798643,-0.008286381334798643
2018-08-16,92.35497283935548,13.449999809265137,2.87,0.009411214156030079,0.009411214156030079
2018-08-17,92.35497283935548,12.640000343322754,2.87,0.0,0.0
2018-08-20,92.23424530029295,12.489999771118164,2.82,-0.001307212111604672,-0.001307212111604672
2018-08-21,92.79753112792967,12.859999656677246,2.85,0.006107122422943867,0.006107122422943867
2018-08-22,92.51589965820312,12.25,2.82,-0.0030349026132849843,-0.0030349026132849843
2018-08-23,92.32276153564452,12.40999984741211,2.82,-0.002087620865950046,-0.002087620865950046
2018-08-24,92.28252410888672,11.989999771118164,2.82,-0.00043583430660554257,-0.00043583430660554257
2018-08-27,93.91605377197266,12.15999984741211,2.85,0.017701397733318247,0.017701397733318247
2018-08-28,93.45738220214844,12.5,2.88,-0.0048838462797624604,-0.0048838462797624604
2018-08-29,93.1515884399414,12.25,2.89,-0.0032720129218427596,-0.0032720129218427596
2018-08-30,92.6929168701172,13.529999732971191,2.86,-0.004923926446191884,-0.004923926446191884
2018-08-31,92.20206451416016,12.859999656677246,2.86,-0.005295467793346442,-0.005295467793346442
2018-09-04,92.66073608398438,13.15999984741211,2.9,0.004974634486126783,0.004974634486126783
2018-09-05,92.21011352539062,13.90999984741211,2.9,-0.0048631446029666625,-0.0048631446029666625
2018-09-06,91.8158187866211,14.649999618530272,2.88,-0.004276046560347857,-0.004276046560347857
2018-09-07,91.99282836914062,14.880000114440918,2.94,0.0019278767521628826,0.0019278767521628826
2018-09-10,91.5019760131836,14.15999984741211,2.94,-0.005335767631661326,-0.005335767631661326
2018-09-11,92.08136749267578,13.220000267028809,2.98,0.0063320105721946796,0.0063320105721946796
2018-09-12,90.99502563476562,13.140000343322754,2.97,-0.011797629504107454,-0.011797629504107454
2018-09-13,91.3490982055664,12.369999885559082,2.97,0.0038911200731119866,0.0038911200731119866
2018-09-14,91.3330078125,12.06999969482422,2.99,-0.00017614178336167186,-0.00017614178336167186
2018-09-17,91.60660552978516,13.68000030517578,2.99,0.002995606121357852,0.002995606121357852
2018-09-18,91.97676849365234,12.789999961853027,3.05,0.00404078899907323,0.00404078899907323
2018-09-19,94.64834594726562,11.75,3.08,0.02904622001149848,0.02904622001149848
2018-09-20,95.46109771728516,11.800000190734863,3.07,0.008587067865637676,0.008587067865637676
2018-09-21,94.83343505859376,11.68000030517578,3.07,-0.006575062236873319,-0.006575062236873319
2018-09-24,93.92410278320312,12.199999809265137,3.08,-0.009588730755442976,-0.009588730755442976
2018-09-25,93.6585693359375,12.420000076293944,3.1,-0.0028271065615450564,-0.0028271065615450564
2018-09-26,92.55613708496094,12.890000343322754,3.06,-0.011770756897025891,-0.011770756897025891
2018-09-27,92.15379333496094,12.40999984741211,3.06,-0.004347024008042544,-0.004347024008042544
2018-09-28,90.8019027709961,12.119999885559082,3.05,-0.014669939402830567,-0.014669939402830567
2018-10-01,91.3330078125,12.0,3.09,0.005849051895348012,0.005849051895348012
2018-10-02,91.71121215820312,12.050000190734863,3.05,0.0041409382518042825,0.0041409382518042825
2018-10-03,92.5722198486328,11.609999656677246,3.15,0.00938824894108281,0.00938824894108281
2018-10-04,93.40687561035156,14.220000267028809,3.19,0.009016266036220522,0.009016266036220522
2018-10-05,92.8801498413086,14.81999969482422,3.23,-0.005639047078720538,-0.005639047078720538
2018-10-08,93.44737243652344,15.6899995803833,3.23,0.0061070378997447605,0.0061070378997447605
2018-10-09,92.79912567138672,15.949999809265137,3.21,-0.006937025068062264,-0.006937025068062264
2018-10-10,90.32762908935548,22.959999084472656,3.22,-0.026632757196259682,-0.026632757196259682
2018-10-11,87.6211166381836,24.979999542236328,3.14,-0.029963284528308654,-0.029963284528308654
2018-10-12,86.66490936279297,21.309999465942383,3.15,-0.010912977511335797,-0.010912977511335797
2018-10-15,86.17062377929688,21.299999237060547,3.16,-0.005703410839869916,-0.005703410839869916
2018-10-16,88.01817321777344,17.6200008392334,3.16,0.021440594920242972,0.021440594920242972
2018-10-17,88.99864959716797,17.399999618530273,3.19,0.011139476582508134,0.011139476582508134
2018-10-18,87.58868408203125,20.059999465942383,3.17,-0.015842549538881867,-0.015842549538881867
2018-10-19,87.44283294677734,19.88999938964844,3.2,-0.001665182400928722,-0.001665182400928722
2018-10-22,86.18682098388672,19.63999938964844,3.2,-0.014363806850300809,-0.014363806850300809
2018-10-23,85.28736877441406,20.709999084472656,3.17,-0.010436075947630297,-0.010436075947630297
2018-10-24,83.69911193847656,25.229999542236328,3.1,-0.018622415707752138,-0.018622415707752138
2018-10-25,84.97132110595703,24.219999313354492,3.14,0.015199792901215092,0.015199792901215092
2018-10-26,83.80445861816406,24.15999984741211,3.08,-0.013732427277880266,-0.013732427277880266
2018-10-29,84.96320343017578,24.700000762939453,3.08,0.013826768063633477,0.013826768063633477
2018-10-30,86.46232604980469,23.350000381469727,3.12,0.017644374965933407,0.017644374965933407
2018-10-31,88.34229278564453,21.229999542236328,3.15,0.021743189452906098,0.021743189452906098
2018-11-01,88.30989074707031,19.34000015258789,3.14,-0.0003667783295238092,-0.0003667783295238092
2018-11-02,87.82368469238281,19.510000228881836,3.22,-0.005505680627326925,-0.005505680627326925
2018-11-05,88.39901733398438,19.959999084472656,3.2,0.006550996392564956,0.006550996392564956
2018-11-06,88.81229400634766,19.90999984741211,3.22,0.004675127448553695,0.004675127448553695
2018-11-07,90.3357162475586,16.360000610351562,3.22,0.01715328106604308,0.01715328106604308
2018-11-08,91.06500244140624,16.719999313354492,3.24,0.008073065938272839,0.008073065938272839
2018-11-09,90.18175506591795,17.360000610351562,3.19,-0.009699086935802681,-0.009699086935802681
2018-11-12,88.28557586669922,20.450000762939453,3.19,-0.021026195352183308,-0.021026195352183308
2018-11-13,88.80416107177734,20.020000457763672,3.14,0.005873951661833576,0.005873951661833576
2018-11-14,86.97282409667969,21.25,3.12,-0.02062219780013963,-0.02062219780013963
2018-11-15,89.19313049316406,19.979999542236328,3.11,0.025528737505594368,0.025528737505594368
2018-11-16,89.12831115722656,18.13999938964844,3.08,-0.0007267301369410228,-0.0007267301369410228
2018-11-19,89.8089828491211,20.100000381469727,3.06,0.0076369863072329736,0.0076369863072329736
2018-11-20,87.88040161132812,22.479999542236328,3.06,-0.021474257658980256,-0.021474257658980256
2018-11-21,87.22402954101562,20.799999237060547,3.06,-0.007468924336685001,-0.007468924336685001
2018-11-23,86.42182159423828,21.520000457763672,3.05,-0.009197097990068404,-0.009197097990068404
2018-11-26,88.53678894042969,18.899999618530273,3.07,0.024472607811039326,0.024472607811039326
2018-11-27,88.90953826904297,19.020000457763672,3.06,0.004210106703373739,0.004210106703373739
2018-11-28,89.89813232421875,18.489999771118164,3.06,0.011119100092323864,0.011119100092323864
2018-11-29,89.1850357055664,18.790000915527344,3.03,-0.007932274010772011,-0.007932274010772011
2018-11-30,90.10071563720705,18.06999969482422,3.01,0.010267192521665303,0.010267192521665303
2018-12-03,90.95155334472656,16.440000534057617,2.98,0.009443184790511872,0.009443184790511872
2018-12-04,86.89179992675781,20.739999771118164,2.91,-0.04463643850678811,-0.03312006140239074
2018-12-06,85.2387466430664,21.190000534057617,2.87,-0.019024272544529874,-0.019024272544529874
2018-12-07,83.69911193847656,23.229999542236328,2.85,-0.01806261547975352,-0.01806261547975352
2018-12-10,82.1351547241211,22.63999938964844,2.85,-0.018685469632044205,-0.018685469632044205
2018-12-11,81.33295440673828,21.760000228881836,2.89,-0.009766832729265262,-0.009766832729265262
2018-12-12,81.85963439941406,21.459999084472656,2.91,0.006475603849847911,0.006475603849847911
2018-12-13,81.94068145751953,20.649999618530273,2.91,0.000990073541130343,0.000990073541130343
2018-12-14,81.26811218261719,21.6299991607666,2.89,-0.008208001970926082,-0.008208001970926082
2018-12-17,80.23088073730469,24.520000457763672,2.86,-0.012763080345483346,-0.012763080345483346
2018-12-18,79.85003662109375,25.579999923706055,2.82,-0.004746851994033463,-0.004746851994033463
2018-12-19,78.8371353149414,25.579999923706055,2.77,-0.01268504497948808,-0.01268504497948808
2018-12-20,78.15641021728516,28.3799991607666,2.79,-0.008634574238864268,-0.008634574238864268
2018-12-21,76.30888366699219,30.11000061035156,2.79,-0.02363883583133619,-0.02363883583133619
2018-12-24,74.66390991210938,36.06999969482422,2.74,-0.021556779182635988,-0.021556779182635988
2018-12-26,77.7593994140625,30.40999984741211,2.81,0.041458979386385986,0.03446720619930946
2018-12-27,78.63452911376953,29.959999084472656,2.77,0.011254326889113875,0.011254326889113875
2018-12-28,78.4643783569336,28.34000015258789,2.72,-0.0021638173300403407,-0.0021638173300403407
2018-12-31,79.10452270507812,25.420000076293945,2.69,0.008158407184882366,0.008158407184882366
2019-01-02,80.47396850585938,23.219999313354492,2.66,0.017311852141335793,0.017311852141335793
2019-01-03,79.33031463623047,25.450000762939453,2.56,-0.01421147596996708,-0.01421147596996708
2019-01-04,82.25485229492188,21.3799991607666,2.67,0.03686532282270516,0.03446720619930946
2019-01-07,82.3120346069336,21.399999618530273,2.7,0.0006951846659051242,0.0006951846659051242
2019-01-08,82.15681457519531,20.469999313354492,2.73,-0.0018857513664861658,-0.0018857513664861658
2019-01-09,82.01793670654297,19.979999542236328,2.74,-0.0016903998696935485,-0.0016903998696935485
2019-01-10,82.00979614257812,19.5,2.74,-9.925345956907083e-05,-9.925345956907083e-05
2019-01-11,81.61767578125,18.190000534057617,2.71,-0.004781384417129941,-0.004781384417129941
2019-01-14,82.45907592773438,19.06999969482422,2.71,0.010309043211907731,0.010309043211907731
2019-01-15,83.0635986328125,18.600000381469727,2.72,0.007331184569760563,0.007331184569760563
2019-01-16,83.73347473144531,19.040000915527344,2.73,0.008064616867781593,0.008064616867781593
2019-01-17,84.07655334472656,18.059999465942383,2.75,0.0040972695135559345,0.0040972695135559345
2019-01-18,85.4407958984375,17.799999237060547,2.79,0.016226195050091263,0.016226195050091263
2019-01-22,84.09291076660156,20.799999237060547,2.74,-0.015775662172414107,-0.015775662172414107
2019-01-23,83.88050079345703,19.520000457763672,2.76,-0.002525896311688758,-0.002525896311688758
2019-01-24,83.92949676513672,18.88999938964844,2.72,0.0005841163466624444,0.0005841163466624444
2019-01-25,84.46049499511719,17.420000076293945,2.76,0.006326717667167525,0.006326717667167525
2019-01-28,84.86078643798828,18.8700008392334,2.75,0.004739392575123347,0.004739392575123347
2019-01-29,85.09770202636719,19.1299991607666,2.72,0.0027918146687460066,0.0027918146687460066
2019-01-30,85.29376983642578,17.65999984741211,2.7,0.002304031782172533,0.002304031782172533
2019-01-31,84.55035400390625,16.56999969482422,2.63,-0.008715945302279815,-0.008715945302279815
2019-02-01,84.86078643798828,16.139999389648438,2.7,0.0036715687088393345,0.0036715687088393345
2019-02-04,85.1630630493164,15.729999542236328,2.73,0.0035620293425988603,0.0035620293425988603
2019-02-05,84.78727722167969,15.56999969482422,2.71,-0.004412544760386439,-0.004412544760386439
2019-02-06,84.7464370727539,15.380000114440918,2.7,-0.00048167779723606863,-0.00048167779723606863
2019-02-07,83.63542938232422,16.3700008392334,2.65,-0.013109786426488967,-0.013109786426488967
2019-02-08,82.80216217041016,15.720000267028809,2.63,-0.009963088825728827,-0.009963088825728827
2019-02-11,82.41008758544922,15.970000267028809,2.65,-0.004735076653602732,-0.004735076653602732
2019-02-12,83.81515502929688,15.43000030517578,2.68,0.017049702105834674,0.017049702105834674
2019-02-13,84.21544647216797,15.649999618530272,2.71,0.0047758838211440224,0.0047758838211440224
2019-02-14,83.66809844970703,16.219999313354492,2.66,-0.006499378028492986,-0.006499378028492986
2019-02-15,86.22504425048828,14.90999984741211,2.66,0.030560582207067144,0.030560582207067144
2019-02-19,85.92278289794922,14.880000114440918,2.65,-0.003505493736378651,-0.003505493736378651
2019-02-20,86.33940887451172,14.020000457763672,2.65,0.004848841745004107,0.004848841745004107
2019-02-21,86.15970611572266,14.460000038146973,2.69,-0.0020813526653888914,-0.0020813526653888914
2019-02-22,85.77574157714844,13.510000228881836,2.65,-0.004456428136587531,-0.004456428136587531
2019-02-25,86.67432403564453,14.850000381469728,2.67,0.010475950915421528,0.010475950915421528
2019-02-26,86.01262664794922,15.170000076293944,2.64,-0.007634295335527397,-0.007634295335527397
2019-02-27,85.90645599365234,14.699999809265137,2.69,-0.0012343612610673516,-0.0012343612610673516
2019-02-28,85.25291442871094,14.779999732971191,2.73,-0.007607595463950845,-0.007607595463950845
2019-03-01,85.31011199951172,13.56999969482422,2.76,0.0006709163104166027,0.0006709163104166027
2019-03-04,85.11404418945312,14.630000114440918,2.72,-0.0022982950726839757,-0.0022982950726839757
2019-03-05,85.0486831665039,14.739999771118164,2.72,-0.0007679228918289205,-0.0007679228918289205
2019-03-06,84.73008728027344,15.739999771118164,2.69,-0.003746041377345466,-0.003746041377345466
2019-03-07,84.11740112304688,16.59000015258789,2.64,-0.00723103418033666,-0.00723103418033666
2019-03-08,84.15008544921875,16.049999237060547,2.62,0.0003885560625447315,0.0003885560625447315
2019-03-11,85.2447280883789,14.329999923706056,2.64,0.01300821779700656,0.01300821779700656
2019-03-12,84.99149322509766,13.770000457763672,2.61,-0.002970680638674894,-0.002970680638674894
2019-03-13,85.27742004394531,13.40999984741211,2.61,0.003364181613922046,0.003364181613922046
2019-03-14,86.05347442626953,13.5,2.63,0.009100350150418546,0.009100350150418546
2019-03-15,87.04195404052734,12.880000114440918,2.59,0.011486806556599172,0.011486806556599172
2019-03-18,87.56478118896484,13.100000381469728,2.6,0.006006610883230623,0.006006610883230623
2019-03-19,87.24620056152344,13.5600004196167,2.61,-0.003638227871019417,-0.003638227871019417
2019-03-20,85.38361358642578,13.90999984741211,2.54,-0.0213486313800475,-0.0213486313800475
2019-03-21,84.03572845458984,13.630000114440918,2.54,-0.015786227300764177,-0.015786227300764177
2019-03-22,81.49510955810547,16.479999542236328,2.44,-0.03023260395555738,-0.03023260395555738
2019-03-25,80.81709289550781,16.329999923706055,2.43,-0.008319722082393621,-0.008319722082393621
2019-03-26,81.62581634521484,14.68000030517578,2.41,0.01000683668184732,0.01000683668184732
2019-03-27,81.34806823730469,15.149999618530272,2.39,-0.0034026992971867287,-0.0034026992971867287
2019-03-28,82.27118682861328,14.43000030517578,2.39,0.011347762907113035,0.011347762907113035
2019-03-29,82.69599914550781,13.710000038146973,2.41,0.0051635613058493846,0.0051635613058493846
2019-04-01,85.48164367675781,13.399999618530272,2.49,0.03368536035641245,0.03368536035641245
2019-04-02,85.8901138305664,13.359999656677246,2.48,0.004778454604279725,0.004778454604279725
2019-04-03,86.06163787841797,13.739999771118164,2.52,0.0019970173539405334,0.0019970173539405334
2019-04-04,86.89305877685547,13.579999923706056,2.51,0.00966076080973588,0.00966076080973588
2019-04-05,86.6872787475586,12.81999969482422,2.5,-0.002368198705322677,-0.002368198705322677
2019-04-08,86.96714782714844,13.18000030517578,2.52,0.0032284907731945367,0.0032284907731945367
2019-04-09,86.32506561279297,14.279999732971191,2.51,-0.007383043257111699,-0.007383043257111699
2019-04-10,86.71194458007812,13.300000190734863,2.48,0.004481652745223386,0.004481652745223386
2019-04-11,87.44459533691406,13.020000457763672,2.51,0.00844924837499561,0.00844924837499561
2019-04-12,91.5439224243164,12.010000228881836,2.56,0.04687913611593841,0.03446720619930946
2019-04-15,90.49851989746094,12.31999969482422,2.55,-0.011419682477771809,-0.011419682477771809
2019-04-16,91.45337677001952,12.18000030517578,2.6,0.010551077229113526,0.010551077229113526
2019-04-17,94.08750915527344,12.600000381469728,2.59,0.028803008464936664,0.028803008464936664
2019-04-18,93.39603424072266,12.09000015258789,2.57,-0.00734927431663257,-0.00734927431663257
2019-04-22,93.51129913330078,12.420000076293944,2.59,0.0012341518942982077,0.0012341518942982077
2019-04-23,93.62653350830078,12.279999732971191,2.57,0.0012323042890862723,0.0012323042890862723
2019-04-24,93.47012329101562,13.140000343322754,2.53,-0.0016705757590745884,-0.0016705757590745884
2019-04-25,93.51951599121094,13.25,2.54,0.0005284330271131399,0.0005284330271131399
2019-04-26,94.22746276855467,12.729999542236328,2.51,0.007570043213336097,0.007570043213336097
2019-04-29,95.58563995361328,13.109999656677246,2.54,0.014413814668814862,0.014413814668814862
2019-04-30,95.52804565429688,13.119999885559082,2.51,-0.0006025413372171551,-0.0006025413372171551
2019-05-01,94.7954330444336,14.800000190734863,2.52,-0.007669084035430873,-0.007669084035430873
2019-05-02,95.00120544433594,14.420000076293944,2.55,0.0021706995083390357,0.0021706995083390357
2019-05-03,95.58563995361328,12.869999885559082,2.54,0.006151864142605934,0.006151864142605934
2019-05-06,94.73778533935548,15.4399995803833,2.51,-0.008870104491315312,-0.008870104491315312
2019-05-07,93.19023895263672,19.31999969482422,2.45,-0.016335049222180764,-0.016335049222180764
2019-05-08,92.69635009765624,19.399999618530273,2.49,-0.005299791700625445,-0.005299791700625445
2019-05-09,92.6222686767578,19.100000381469727,2.45,-0.0007991837954827163,-0.0007991837954827163
2019-05-10,92.61405181884766,16.040000915527344,2.47,-8.871363255869014e-05,-8.871363255869014e-05
2019-05-13,90.09516143798828,20.549999237060547,2.4,-0.027197712781061645,-0.027197712781061645
2019-05-14,90.8113021850586,18.059999465942383,2.42,0.007948714843729165,0.007948714843729165
2019-05-15,90.46556854248048,16.440000534057617,2.37,-0.003807165344612784,-0.003807165344612784
2019-05-16,91.6262435913086,15.289999961853027,2.4,0.01283001994602051,0.01283001994602051
2019-05-17,91.18174743652344,15.960000038146973,2.39,-0.004851188233447545,-0.004851188233447545
2019-05-20,91.6591567993164,16.309999465942383,2.41,0.005235799666214014,0.005235799666214014
2019-05-21,91.9719696044922,14.949999809265137,2.43,0.0034127829242494023,0.0034127829242494023
2019-05-22,91.22288513183594,14.75,2.39,-0.008144704042737816,-0.008144704042737816
2019-05-23,89.42839813232422,16.920000076293945,2.31,-0.019671456311848856,-0.019671456311848856
2019-05-24,90.3091812133789,15.850000381469728,2.32,0.009849031174095524,0.009849031174095524
2019-05-28,89.3296127319336,17.5,2.26,-0.010846831609854002,-0.010846831609854002
2019-05-29,89.08265686035156,17.899999618530273,2.25,-0.0027645465375867317,-0.0027645465375867317
2019-05-30,88.1278076171875,17.299999237060547,2.22,-0.010718688427321044,-0.010718688427321044
2019-05-31,87.22232818603516,18.709999084472656,2.14,-0.01027461655560069,-0.01027461655560069
2019-06-03,87.6338882446289,18.86000061035156,2.07,0.0047185172323758184,0.0047185172323758184
2019-06-04,90.33387756347656,16.969999313354492,2.12,0.03080987701139848,0.03080987701139848
2019-06-05,90.6549072265625,16.09000015258789,2.12,0.0035538124980891705,0.0035538124980891705
2019-06-06,90.85245513916016,15.93000030517578,2.12,0.002179119902510518,0.002179119902510518
2019-06-07,89.85645294189453,16.299999237060547,2.09,-0.01096285395634089,-0.01096285395634089
2019-06-10,90.82776641845705,15.9399995803833,2.15,0.010809612941105273,0.010809612941105273
2019-06-11,91.1076431274414,15.989999771118164,2.15,0.003081400325258832,0.003081400325258832
2019-06-12,89.94697570800781,15.90999984741211,2.13,-0.012739517559575697,-0.012739517559575697
2019-06-13,90.16924285888672,15.81999969482422,2.1,0.002471090874699877,0.002471090874699877
2019-06-14,90.39974212646484,15.279999732971191,2.09,0.0025562959194285195,0.0025562959194285195
2019-06-17,89.90582275390625,15.350000381469728,2.09,-0.005463725459168067,-0.005463725459168067
2019-06-18,91.13233184814452,15.149999618530272,2.06,0.013642154163868936,0.013642154163868936
2019-06-19,90.47380828857422,14.329999923706056,2.03,-0.0072260145901633654,-0.0072260145901633654
2019-06-20,90.70431518554688,14.75,2.01,0.002547774890136578,0.002547774890136578
2019-06-21,90.0869140625,15.399999618530272,2.07,-0.006806744770454509,-0.006806744770454509
2019-06-24,89.44485473632812,15.260000228881836,2.02,-0.0071271097789677995,-0.0071271097789677995
2019-06-25,88.70404052734375,16.280000686645508,2.0,-0.008282356890938036,-0.008282356890938036
2019-06-26,89.29671478271484,16.209999084472656,2.05,0.006681479804613755,0.006681479804613755
2019-06-27,89.593017578125,15.81999969482422,2.01,0.0033181824900405665,0.0033181824900405665
2019-06-28,92.0295867919922,15.079999923706056,2.0,0.02719597218323977,0.02719597218323977
2019-07-01,93.57714080810548,14.0600004196167,2.03,0.016815831408774073,0.016815831408774073
2019-07-02,93.67591094970705,12.93000030517578,1.98,0.001055494330651774,0.001055494330651774
2019-07-03,93.52668762207033,12.56999969482422,1.96,-0.001592974395699609,-0.001592974395699609
2019-07-05,94.08211517333984,13.279999732971191,2.04,0.005938706538116012,0.005938706538116012
2019-07-08,93.56815338134766,13.960000038146973,2.05,-0.005462906430677594,-0.005462906430677594
2019-07-09,93.9660415649414,14.09000015258789,2.07,0.004252388972261878,0.004252388972261878
2019-07-10,93.69251251220705,13.029999732971191,2.07,-0.002910935144004312,-0.002910935144004312
2019-07-11,94.5877914428711,12.93000030517578,2.13,0.009555501359272522,0.009555501359272522
2019-07-12,95.58258056640624,12.390000343322754,2.12,0.010517098542637715,0.010517098542637715
2019-07-15,94.42200469970705,12.68000030517578,2.09,-0.012142127360673993,-0.012142127360673993
2019-07-16,95.43338775634766,12.859999656677246,2.13,0.010711306753729,0.010711306753729
2019-07-17,94.49662017822266,13.970000267028809,2.06,-0.009815931301911607,-0.009815931301911607
2019-07-18,95.06033325195312,13.529999732971191,2.04,0.00596543106692371,0.00596543106692371
2019-07-19,94.1235809326172,14.449999809265137,2.05,-0.009854292398208897,-0.009854292398208897
2019-07-22,94.72872924804688,13.529999732971191,2.05,0.006429295501016785,0.006429295501016785
2019-07-23,96.46133422851562,12.609999656677246,2.08,0.018290174419335115,0.018290174419335115
2019-07-24,96.8509521484375,12.06999969482422,2.05,0.004039109795007434,0.004039109795007434
2019-07-25,95.92247772216795,12.739999771118164,2.08,-0.009586631888208297,-0.009586631888208297
2019-07-26,96.3452606201172,12.15999984741211,2.08,0.0044075477196681145,0.0044075477196681145
2019-07-29,96.0385513305664,12.829999923706056,2.06,-0.003183439305438518,-0.003183439305438518
2019-07-30,95.82299041748048,13.9399995803833,2.06,-0.002244524829867145,-0.002244524829867145
2019-07-31,96.1628875732422,16.1200008392334,2.02,0.0035471357581395857,0.0035471357581395857
2019-08-01,93.62615966796876,17.8700008392334,1.9,-0.02637948973133053,-0.02637948973133053
2019-08-02,93.61788177490234,17.610000610351562,1.86,-8.841431813266798e-05,-8.841431813266798e-05
2019-08-05,90.83246612548828,24.59000015258789,1.75,-0.02975303004730867,-0.02975303004730867
2019-08-06,91.54540252685548,20.170000076293945,1.73,0.007848916051472754,0.007848916051472754
2019-08-07,89.55582427978516,19.489999771118164,1.71,-0.021733240470341197,-0.021733240470341197
2019-08-08,91.07288360595705,16.90999984741211,1.72,0.016939817576044902,0.016939817576044902
2019-08-09,90.97340393066406,17.969999313354492,1.74,-0.0010923083947071976,-0.0010923083947071976
2019-08-12,89.26567840576172,21.09000015258789,1.65,-0.018771700861098917,-0.018771700861098917
2019-08-13,90.64181518554688,17.520000457763672,1.68,0.015416191355538178,0.015416191355538178
2019-08-14,86.8781967163086,22.100000381469727,1.59,-0.04152187885397074,-0.03312006140239074
2019-08-15,87.20979309082031,21.18000030517578,1.52,0.003816796239389131,0.003816796239389131
2019-08-16,89.2988510131836,18.469999313354492,1.55,0.023954396041138803,0.023954396041138803
2019-08-19,90.10295867919922,16.8799991607666,1.6,0.009004680988526026,0.009004680988526026
2019-08-20,88.95896911621094,17.5,1.55,-0.012696470568311913,-0.012696470568311913
2019-08-21,89.20763397216797,15.800000190734863,1.59,0.002795275826906085,0.002795275826906085
2019-08-22,90.12782287597656,16.68000030517578,1.62,0.010315136304317685,0.010315136304317685
2019-08-23,87.88955688476562,19.8700008392334,1.52,-0.0248343510337643,-0.0248343510337643
2019-08-26,88.59420776367188,19.31999969482422,1.54,0.008017458545503064,0.008017458545503064
2019-08-27,87.65744018554688,20.309999465942383,1.49,-0.010573688752021582,-0.010573688752021582
2019-08-28,88.53619384765625,19.350000381469727,1.47,0.010024861098490767,0.010024861098490767
2019-08-29,90.54231262207033,17.8799991607666,1.5,0.022658742004044052,0.022658742004044052
2019-08-30,91.07288360595705,18.979999542236328,1.5,0.005859923040637982,0.005859923040637982
2019-09-03,89.99519348144531,19.65999984741211,1.47,-0.011833271132322465,-0.011833271132322465
2019-09-04,91.0811767578125,17.329999923706055,1.47,0.012067125302542836,0.012067125302542836
2019-09-05,93.15365600585938,16.270000457763672,1.57,0.022754199295839772,0.022754199295839772
2019-09-06,93.35260772705078,15.0,1.55,0.002135737122103798,0.002135737122103798
2019-09-09,95.66551208496094,15.270000457763672,1.63,0.0247760015946501,0.0247760015946501
2019-09-10,96.88410186767578,15.199999809265137,1.72,0.01273802602585361,0.01273802602585361
2019-09-11,97.14938354492188,14.609999656677246,1.75,0.002738134246301982,0.002738134246301982
2019-09-12,97.74627685546876,14.220000267028809,1.79,0.006144077180591623,0.006144077180591623
2019-09-13,99.66952514648438,13.739999771118164,1.9,0.019675923757785707,0.019675923757785707
2019-09-16,98.78250885009766,14.670000076293944,1.84,-0.008899573817403805,-0.008899573817403805
2019-09-17,98.29338073730467,14.4399995803833,1.81,-0.004951566005832464,-0.004951566005832464
2019-09-18,99.27989959716795,13.949999809265137,1.8,0.010036472979801259,0.010036472979801259
2019-09-19,98.96487426757812,14.050000190734863,1.79,-0.0031731028221024804,-0.0031731028221024804
2019-09-20,98.56695556640624,15.31999969482422,1.74,-0.004020807424016004,-0.004020807424016004
2019-09-23,98.55036926269533,14.90999984741211,1.72,-0.00016827448525313926,-0.00016827448525313926
2019-09-24,97.26544189453124,17.049999237060547,1.64,-0.013038280604905639,-0.013038280604905639
2019-09-25,97.82086944580078,15.960000038146973,1.73,0.005710430554274559,0.005710430554274559
2019-09-26,97.0167465209961,16.06999969482422,1.7,-0.00822036166065998,-0.00822036166065998
2019-09-27,97.58875274658205,17.219999313354492,1.69,0.0058959534935771885,0.0058959534935771885
2019-09-30,97.56388854980467,16.239999771118164,1.68,-0.0002547854755551304,-0.0002547854755551304
2019-10-01,95.78984832763672,18.559999465942383,1.65,-0.01818336936480691,-0.01818336936480691
2019-10-02,93.8831787109375,20.559999465942383,1.6,-0.019904714852222116,-0.019904714852222116
2019-10-03,93.74944305419922,19.1200008392334,1.54,-0.0014244900798474625,-0.0014244900798474625
2019-10-04,95.78004455566406,17.040000915527344,1.52,0.021659878024991475,0.021659878024991475
2019-10-07,95.57113647460938,17.860000610351562,1.56,-0.0021811232394371993,-0.0021811232394371993
2019-10-08,93.4402847290039,20.280000686645508,1.54,-0.022295975795700418,-0.022295975795700418
2019-10-09,94.11711883544922,18.63999938964844,1.59,0.007243493621710062,0.007243493621710062
2019-10-10,95.43743133544922,17.56999969482422,1.67,0.014028399045112883,0.014028399045112883
2019-10-11,97.05018615722656,15.579999923706056,1.76,0.016898556459558733,0.016898556459558733
2019-10-14,97.30927276611328,14.56999969482422,1.76,0.0026696147544424953,0.0026696147544424953
2019-10-15,100.24232482910156,13.539999961853027,1.77,0.030141547455996287,0.030141547455996287
2019-10-16,100.00833129882812,13.68000030517578,1.75,-0.0023342787657045783,-0.0023342787657045783
2019-10-17,100.5682144165039,13.789999961853027,1.76,0.0055983647602602105,0.0055983647602602105
2019-10-18,100.7436981201172,14.25,1.76,0.0017449221369938428,0.0017449221369938428
2019-10-21,103.24224853515624,14.0,1.8,0.024801059139798465,0.024801059139798465
2019-10-22,104.27842712402344,14.460000038146973,1.78,0.010036381457871446,0.010036381457871446
2019-10-23,104.55418395996094,14.010000228881836,1.77,0.002644428416718636,0.002644428416718636
2019-10-24,104.47896575927734,13.710000038146973,1.77,-0.0007194183707884827,-0.0007194183707884827
2019-10-25,105.31459045410156,12.649999618530272,1.8,0.007998018440855681,0.007998018440855681
2019-10-28,105.7156982421875,13.109999656677246,1.85,0.003808663038582072,0.003808663038582072
2019-10-29,105.64887237548828,13.199999809265137,1.84,-0.000632128130546139,-0.000632128130546139
2019-10-30,105.06391143798828,12.329999923706056,1.78,-0.005536840331063608,-0.005536840331063608
2019-10-31,104.38705444335938,13.220000267028809,1.69,-0.006442335768437557,-0.006442335768437557
2019-11-01,106.79366302490234,12.300000190734863,1.73,0.02305466510551657,0.02305466510551657
2019-11-04,107.64600372314452,12.829999923706056,1.79,0.00798119171212841,0.00798119171212841
2019-11-05,107.87997436523438,13.100000381469728,1.86,0.0021735190717493413,0.0021735190717493413
2019-11-06,108.04710388183594,12.619999885559082,1.81,0.0015492172443027918,0.0015492172443027918
2019-11-07,108.63204193115234,12.729999542236328,1.92,0.005413731866021232,0.005413731866021232
2019-11-08,108.94959259033205,12.06999969482422,1.94,0.0029231767490935923,0.0029231767490935923
2019-11-11,108.565185546875,12.6899995803833,1.94,-0.0035283017982681297,-0.0035283017982681297
2019-11-12,107.93012237548828,12.68000030517578,1.92,-0.005849602413404598,-0.005849602413404598
2019-11-13,107.36190032958984,13.0,1.88,-0.005264721593862376,-0.005264721593862376
2019-11-14,107.4621810913086,13.050000190734863,1.82,0.0009340442131788862,0.0009340442131788862
2019-11-15,108.2393035888672,12.050000190734863,1.84,0.007231590589979797,0.007231590589979797
2019-11-18,109.15015411376952,12.460000038146973,1.81,0.008415155074926073,0.008415155074926073
2019-11-19,109.11672973632812,12.859999656677246,1.79,-0.0003062238227035108,-0.0003062238227035108
2019-11-20,108.32289123535156,12.779999732971191,1.73,-0.007275130980325506,-0.007275130980325506
2019-11-21,108.57355499267578,13.130000114440918,1.77,0.002314042345672007,0.002314042345672007
2019-11-22,109.29218292236328,12.34000015258789,1.77,0.006618811825181314,0.006618811825181314
2019-11-25,109.8771514892578,11.869999885559082,1.76,0.005352336747725728,0.005352336747725728
2019-11-26,110.02758026123048,11.539999961853027,1.74,0.0013690632668739156,0.0013690632668739156
2019-11-27,110.35348510742188,11.75,1.77,0.0029620286606104607,0.0029620286606104607
2019-11-29,110.10274505615234,12.619999885559082,1.78,-0.0022721534442292635,-0.0022721534442292635
2019-12-02,109.86042785644533,14.90999984741211,1.83,-0.00220082795922516,-0.00220082795922516
2019-12-03,108.44820404052734,15.960000038146973,1.72,-0.012854708865355335,-0.012854708865355335
2019-12-04,110.58743286132812,14.800000190734863,1.77,0.01972581141132901,0.01972581141132901
2019-12-05,111.18909454345705,14.520000457763672,1.8,0.00544059724112933,0.00544059724112933
2019-12-06,112.84366607666016,13.619999885559082,1.84,0.014880699766436578,0.014880699766436578
2019-12-09,112.31720733642578,15.859999656677246,1.83,-0.004665381394793777,-0.004665381394793777
2019-12-10,112.39237213134766,15.68000030517578,1.85,0.0006692188730861304,0.0006692188730861304
2019-12-11,112.1249542236328,14.989999771118164,1.79,-0.0023793243495415783,-0.0023793243495415783
2019-12-12,115.3338394165039,13.9399995803833,1.9,0.028618831687288848,0.028618831687288848
2019-12-13,114.32272338867188,12.630000114440918,1.82,-0.00876686350638689,-0.00876686350638689
2019-12-16,114.76555633544922,12.140000343322754,1.89,0.0038735339191651175,0.0038735339191651175
2019-12-17,115.46749114990234,12.289999961853027,1.89,0.006116249830231624,0.006116249830231624
2019-12-18,115.35052490234376,12.579999923706056,1.92,-0.0010129798993098182,-0.0010129798993098182
2019-12-19,114.7739486694336,12.5,1.92,-0.004998470820989365,-0.004998470820989365
2019-12-20,114.68203735351562,12.510000228881836,1.92,-0.0008008029433812514,-0.0008008029433812514
2019-12-23,114.64862060546876,12.609999656677246,1.93,-0.00029138606897827213,-0.00029138606897827213
2019-12-24,114.96614837646484,12.670000076293944,1.9,0.0027695734089010493,0.0027695734089010493
2019-12-26,116.18619537353516,12.649999618530272,1.9,0.01061222815845908,0.01061222815845908
2019-12-27,116.26971435546876,13.43000030517578,1.88,0.0007188373942799142,0.0007188373942799142
2019-12-30,115.8435516357422,14.81999969482422,1.9,-0.003665294286555709,-0.003665294286555709
2019-12-31,116.48697662353516,13.779999732971191,1.92,0.005554258124061517,0.005554258124061517
2020-01-02,117.8992156982422,12.470000267028809,1.88,0.012123579095636883,0.012123579095636883
2020-01-03,116.34335327148438,14.020000457763672,1.8,-0.013196546029110023,-0.013196546029110023
2020-01-06,116.25086975097656,13.850000381469728,1.81,-0.0007949188149322106,-0.0007949188149322106
2020-01-07,114.27452087402344,13.789999961853027,1.83,-0.01700072335963343,-0.01700072335963343
2020-01-08,115.16596221923828,13.449999809265137,1.87,0.007800875806756258,0.007800875806756258
2020-01-09,115.58645629882812,12.539999961853027,1.85,0.003651201027516704,0.003651201027516704
2020-01-10,114.4343032836914,12.5600004196167,1.83,-0.009967889422598408,-0.009967889422598408
2020-01-13,115.3846435546875,12.31999969482422,1.85,0.008304680010504661,0.008304680010504661
2020-01-14,116.73021697998048,12.390000343322754,1.82,0.011661633505460678,0.011661633505460678
2020-01-15,114.98096466064452,12.420000076293944,1.79,-0.014985428491373076,-0.014985428491373076
2020-01-16,115.42667388916016,12.31999969482422,1.81,0.003876374057489418,0.003876374057489418
2020-01-17,116.22560119628906,12.100000381469728,1.84,0.006921513721309225,0.006921513721309225
2020-01-21,115.08186340332033,12.850000381469728,1.78,-0.009840670052006173,-0.009840670052006173
2020-01-22,114.9473114013672,12.90999984741211,1.77,-0.001169185117220195,-0.001169185117220195
2020-01-23,114.82955932617188,12.979999542236328,1.74,-0.0010244004297252918,-0.0010244004297252918
2020-01-24,111.97860717773438,14.5600004196167,1.7,-0.02482768518112488,-0.02482768518112488
2020-01-27,111.0366668701172,18.229999542236328,1.61,-0.008411788031280953,-0.008411788031280953
2020-01-28,113.05506134033205,16.280000686645508,1.65,0.01817772927726491,0.01817772927726491
2020-01-29,112.88685607910156,16.389999389648438,1.6,-0.00148781716834534,-0.00148781716834534
2020-01-30,114.28292083740234,15.489999771118164,1.57,0.012366938072245981,0.012366938072245981
2020-01-31,111.314208984375,18.84000015258789,1.51,-0.025976863657966143,-0.025976863657966143
2020-02-03,112.16361236572266,17.969999313354492,1.54,0.007630682453727777,0.007630682453727777
2020-02-04,113.77831268310548,16.049999237060547,1.61,0.014395937178965923,0.014395937178965923
2020-02-05,115.71258544921876,15.149999618530272,1.66,0.01700036430932661,0.01700036430932661
2020-02-06,115.72943115234376,14.960000038146973,1.65,0.00014558228959793418,0.00014558228959793418
2020-02-07,115.35939025878906,15.470000267028809,1.59,-0.003197465760179763,-0.003197465760179763
2020-02-10,115.8387680053711,15.039999961853027,1.56,0.004155515606546034,0.004155515606546034
2020-02-11,116.05743408203124,15.18000030517578,1.59,0.0018876761245423257,0.0018876761245423257
2020-02-12,116.05743408203124,13.739999771118164,1.62,0.0,0.0
2020-02-13,115.95648193359376,14.149999618530272,1.61,-0.0008698464621069713,-0.0008698464621069713
2020-02-14,115.60330200195312,13.68000030517578,1.59,-0.003045797231438052,-0.003045797231438052
2020-02-18,114.07268524169922,14.829999923706056,1.55,-0.013240251219018395,-0.013240251219018395
2020-02-19,115.62850189208984,14.380000114440918,1.56,0.013638818505009587,0.013638818505009587
2020-02-20,115.62850189208984,15.5600004196167,1.52,0.0,0.0
2020-02-21,114.21563720703124,17.079999923706055,1.46,-0.012219000176765804,-0.012219000176765804
2020-02-24,111.14598846435548,25.030000686645508,1.38,-0.026875906117054704,-0.026875906117054704
2020-02-25,106.18415832519533,27.850000381469727,1.33,-0.04464245815539636,-0.03312006140239074
2020-02-26,106.50371551513672,27.559999465942383,1.33,0.0030094620043294995,0.0030094620043294995
2020-02-27,102.07164764404295,39.15999984741211,1.3,-0.041614208947141074,-0.03312006140239074
2020-02-28,97.64802551269533,40.11000061035156,1.13,-0.04333840232279029,-0.03312006140239074
2020-03-02,102.1977996826172,33.41999816894531,1.1,0.04659361155572328,0.03446720619930946
2020-03-03,98.36286163330078,36.81999969482422,1.02,-0.03752466355661377,-0.03312006140239074
2020-03-04,100.79335021972656,31.989999771118164,1.02,0.024709413147074866,0.024709413147074866
2020-03-05,95.84831237792967,39.619998931884766,0.92,-0.0490611516634466,-0.03312006140239074
2020-03-06,90.89480590820312,41.939998626708984,0.74,-0.05168068531238068,-0.03312006140239074
2020-03-09,78.58263397216797,54.459999084472656,0.54,-0.1354551760467977,-0.03312006140239074
2020-03-10,84.68827819824219,47.29999923706055,0.76,0.07769711852922478,0.03446720619930946
2020-03-11,80.70196533203125,53.900001525878906,0.82,-0.047070420499984555,-0.03312006140239074
2020-03-12,74.0496826171875,75.47000122070312,0.88,-0.08243024426325096,-0.03312006140239074
2020-03-13,87.38786315917969,57.83000183105469,0.94,0.18012474963527114,0.03446720619930946
2020-03-16,74.31038665771484,82.69000244140625,0.73,-0.14964865862029164,-0.03312006140239074
2020-03-17,78.85176086425781,75.91000366210938,1.02,0.06111358601135053,0.03446720619930946
2020-03-18,70.5511474609375,76.44999694824219,1.18,-0.10526858642522519,-0.03312006140239074
2020-03-19,71.73694610595703,72.0,1.12,0.016807645058871445,0.016807645058871445
2020-03-20,70.22314453125,66.04000091552734,0.92,-0.021102119017878396,-0.021102119017878396
2020-03-23,66.46388244628906,61.59000015258789,0.76,-0.053533092402149984,-0.03312006140239074
2020-03-24,74.3692626953125,61.66999816894531,0.84,0.11894249866326945,0.03446720619930946
2020-03-25,77.1445541381836,63.95000076293945,0.88,0.03731772162702929,0.03446720619930946
2020-03-26,82.51851654052734,61.0,0.83,0.06966094317840965,0.03446720619930946
2020-03-27,76.63993072509766,65.54000091552734,0.72,-0.07123959641885391,-0.03312006140239074
2020-03-30,78.63311004638672,57.08000183105469,0.7,0.026007060580971464,0.026007060580971464
2020-03-31,75.7148666381836,53.540000915527344,0.7,-0.03711214533523621,-0.03312006140239074
2020-04-01,70.94642639160156,57.060001373291016,0.62,-0.06297891627239915,-0.03312006140239074
2020-04-02,73.5955581665039,50.90999984741211,0.63,0.0373398902473252,0.03446720619930946
2020-04-03,71.42022705078125,46.79999923706055,0.62,-0.02955791313928413,-0.02955791313928413
2020-04-06,76.01728057861328,45.2400016784668,0.67,0.06436626874013474,0.03446720619930946
2020-04-07,77.01996612548828,46.70000076293945,0.75,0.013190231737349123,0.013190231737349123
2020-04-08,80.13001251220703,43.349998474121094,0.77,0.040379742333975566,0.03446720619930946
2020-04-09,87.31875610351562,41.66999816894531,0.73,0.08971349642823845,0.03446720619930946
2020-04-13,83.43546295166016,41.16999816894531,0.76,-0.044472611900836734,-0.03312006140239074
2020-04-14,81.14969635009766,37.7599983215332,0.76,-0.02739562436282994,-0.02739562436282994
2020-04-15,77.1474380493164,40.84000015258789,0.63,-0.04931944888018591,-0.03312006140239074
2020-04-16,74.20734405517578,40.11000061035156,0.61,-0.03811006649710358,-0.03312006140239074
2020-04-17,80.8777847290039,38.150001525878906,0.65,0.08988922536923583,0.03446720619930946
2020-04-20,77.9291763305664,43.83000183105469,0.63,-0.03645758113080577,-0.03312006140239074
2020-04-21,75.66889190673828,45.40999984741211,0.58,-0.02900434125262996,-0.02900434125262996
2020-04-22,75.91532897949219,41.97999954223633,0.63,0.003256781836552314,0.003256781836552314
2020-04-23,75.95780944824219,41.380001068115234,0.61,0.0005595769566049125,0.0005595769566049125
2020-04-24,77.07942962646484,35.93000030517578,0.6,0.014766357618395176,0.014766357618395176
2020-04-27,80.40193939208984,33.290000915527344,0.67,0.043105012345397986,0.03446720619930946
2020-04-28,80.97125244140625,33.56999969482422,0.62,0.007080837273589546,0.007080837273589546
2020-04-29,83.1550521850586,31.229999542236328,0.63,0.02697006255686385,0.02697006255686385
2020-04-30,81.37063598632812,34.150001525878906,0.64,-0.021458902999174523,-0.021458902999174523
2020-05-01,79.23777770996094,37.189998626708984,0.64,-0.026211645644818926,-0.026211645644818926
2020-05-04,78.29457092285156,35.970001220703125,0.64,-0.011903498739728069,-0.011903498739728069
2020-05-05,78.17561340332031,33.61000061035156,0.66,-0.0015193584705696095,-0.0015193584705696095
2020-05-06,76.70556640625,34.119998931884766,0.72,-0.018804419090210467,-0.018804419090210467
2020-05-07,77.50432586669922,31.440000534057617,0.63,0.01041331806636836,0.01041331806636836
2020-05-08,78.77043914794922,27.979999542236328,0.69,0.016336033725750987,0.016336033725750987
2020-05-11,76.4506607055664,27.56999969482422,0.73,-0.029449860474,-0.029449860474
2020-05-12,73.95244598388672,33.040000915527344,0.69,-0.03267747719409564,-0.03267747719409564
2020-05-13,71.40321350097656,35.279998779296875,0.64,-0.034471239578277135,-0.03312006140239074
2020-05-14,74.3687973022461,32.61000061035156,0.63,0.04153291785990798,0.03446720619930946
2020-05-15,72.99221801757812,31.88999938964844,0.64,-0.018510172741846853,-0.018510172741846853
2020-05-18,76.8585205078125,29.299999237060547,0.73,0.052968694406618555,0.03446720619930946
2020-05-19,75.34600830078125,30.530000686645508,0.7,-0.019679174111574382,-0.019679174111574382
2020-05-20,77.60629272460938,27.989999771118164,0.68,0.029998728198115998,0.029998728198115998
2020-05-21,76.62059020996094,29.530000686645508,0.68,-0.01270132201967511,-0.01270132201967511
2020-05-22,76.02579498291016,28.15999984741211,0.66,-0.007762864073754594,-0.007762864073754594
2020-05-26,81.42160034179688,28.010000228881836,0.69,0.07097335003336225,0.03446720619930946
2020-05-27,86.13761901855469,27.6200008392334,0.68,0.05792097744284819,0.03446720619930946
2020-05-28,84.85454559326172,28.59000015258789,0.7,-0.014895622144101561,-0.014895622144101561
2020-05-29,82.68769836425781,27.510000228881836,0.65,-0.025536018298776608,-0.025536018298776608
2020-06-01,83.78386688232422,28.229999542236328,0.66,0.013256730320845733,0.013256730320845733
2020-06-02,84.06429290771484,26.84000015258789,0.68,0.00334701698340667,0.00334701698340667
2020-06-03,88.60185241699219,25.65999984741211,0.77,0.05397725184292734,0.03446720619930946
2020-06-04,90.44579315185548,25.809999465942383,0.82,0.020811537056641294,0.020811537056641294
2020-06-05,94.51602172851562,24.520000457763672,0.91,0.045001856192762535,0.03446720619930946
2020-06-08,96.40241241455078,25.809999465942383,0.88,0.019958422408568488,0.019958422408568488
2020-06-09,93.92970275878906,27.56999969482422,0.84,-0.02564987321197465,-0.02564987321197465
2020-06-10,90.12285614013672,27.56999969482422,0.75,-0.040528677370866406,-0.03312006140239074
2020-06-11,82.60272216796875,40.790000915527344,0.66,-0.08344313855826457,-0.03312006140239074
2020-06-12,84.863037109375,36.09000015258789,0.71,0.027363685869940202,0.027363685869940202
2020-06-15,86.03565216064453,34.400001525878906,0.71,0.013817736098205025,0.013817736098205025
2020-06-16,86.72396850585938,33.66999816894531,0.75,0.008000361802681821,0.008000361802681821
2020-06-17,84.53163146972656,33.470001220703125,0.74,-0.025279482407273512,-0.025279482407273512
2020-06-18,84.07278442382812,32.939998626708984,0.71,-0.005428110612803794,-0.005428110612803794
2020-06-19,83.11256408691406,35.119998931884766,0.7,-0.011421298146536918,-0.011421298146536918
2020-06-22,82.21184539794922,31.770000457763672,0.71,-0.010837334870609006,-0.010837334870609006
2020-06-23,83.21453094482422,31.3700008392334,0.72,0.012196363456159709,0.012196363456159709
2020-06-24,80.4359130859375,33.84000015258789,0.69,-0.033391017498243136,-0.03312006140239074
2020-06-25,83.24003601074219,32.220001220703125,0.68,0.03486157882995333,0.03446720619930946
2020-06-26,78.67694091796875,34.72999954223633,0.64,-0.05481851416047645,-0.03312006140239074
2020-06-29,79.02534484863281,31.780000686645508,0.64,0.004428285169695734,0.004428285169695734
2020-06-30,79.9260482788086,30.43000030517578,0.66,0.01139765263791026,0.01139765263791026
2020-07-01,79.24626922607422,28.6200008392334,0.69,-0.008505100244204256,-0.008505100244204256
2020-07-02,79.50369262695312,27.68000030517578,0.68,0.0032483977276522857,0.0032483977276522857
2020-07-06,81.51144409179688,27.940000534057617,0.69,0.025253562425892717,0.025253562425892717
2020-07-07,79.21195983886719,29.43000030517578,0.65,-0.028210569430472177,-0.028210569430472177
2020-07-08,80.05281829833984,28.079999923706055,0.67,0.010615296745379421,0.010615296745379421
2020-07-09,78.31964111328125,29.260000228881836,0.62,-0.021650420583562813,-0.021650420583562813
2020-07-10,82.60110473632812,27.290000915527344,0.65,0.054666537821006944,0.03446720619930946
2020-07-13,83.7851791381836,32.189998626708984,0.64,0.014334849462790622,0.014334849462790622
2020-07-14,84.26567077636719,29.520000457763672,0.63,0.005734804688919182,0.005734804688919182
2020-07-15,85.5698471069336,27.760000228881836,0.64,0.015476958986389233,0.015476958986389233
2020-07-16,85.81008911132812,28.0,0.62,0.002807554442563198,0.002807554442563198
2020-07-17,84.22277069091797,25.68000030517578,0.64,-0.01849803952948703,-0.01849803952948703
2020-07-20,83.48487091064453,24.459999084472656,0.62,-0.008761285982639921,-0.008761285982639921
2020-07-21,85.2952880859375,24.84000015258789,0.61,0.021685571955075478,0.021685571955075478
2020-07-22,84.6775131225586,24.31999969482422,0.6,-0.007242779492771967,-0.007242779492771967
2020-07-23,84.92634582519531,26.079999923706055,0.59,0.0029385924723199786,0.0029385924723199786
2020-07-24,84.32574462890625,25.84000015258789,0.59,-0.007072024475482386,-0.007072024475482386
2020-07-27,83.14168548583984,24.739999771118164,0.62,-0.014041490511315535,-0.014041490511315535
2020-07-28,83.50203704833984,25.440000534057617,0.59,0.004334186399930218,0.004334186399930218
2020-07-29,85.52693939208984,24.100000381469727,0.58,0.024249735878632217,0.024249735878632217
2020-07-30,83.24461364746094,24.760000228881836,0.55,-0.0266854602871478,-0.0266854602871478
2020-07-31,82.9186019897461,24.459999084472656,0.55,-0.003916309337388402,-0.003916309337388402
2020-08-03,82.45525360107422,24.280000686645508,0.56,-0.00558799084346806,-0.00558799084346806
2020-08-04,81.98336791992188,23.760000228881836,0.52,-0.00572293044461869,-0.00572293044461869
2020-08-05,83.40764617919922,22.989999771118164,0.55,0.01737277078771049,0.01737277078771049
2020-08-06,83.43338775634766,22.649999618530273,0.55,0.0003086237093075095,0.0003086237093075095
2020-08-07,85.2695541381836,22.209999084472656,0.57,0.02200757312166357,0.02200757312166357
2020-08-10,86.35064697265625,22.1299991607666,0.59,0.012678532747112614,0.012678532747112614
2020-08-11,89.07914733886719,24.030000686645508,0.64,0.03159791457121264,0.03159791457121264
2020-08-12,88.3240737915039,22.280000686645508,0.69,-0.008476434383581366,-0.008476434383581366
2020-08-13,87.83502197265625,22.1299991607666,0.71,-0.005537016102791004,-0.005537016102791004
2020-08-14,87.86932373046875,22.049999237060547,0.71,0.0003905248389779459,0.0003905248389779459
2020-08-17,85.55270385742188,21.350000381469727,0.69,-0.026364375810526308,-0.026364375810526308
2020-08-18,84.36006164550781,21.510000228881836,0.67,-0.013940438561727553,-0.013940438561727553
2020-08-19,84.5573959350586,22.540000915527344,0.68,0.0023391909121641685,0.0023391909121641685
2020-08-20,83.54493713378906,22.719999313354492,0.65,-0.011973627972733603,-0.011973627972733603
2020-08-21,83.50203704833984,22.540000915527344,0.64,-0.0005134971300596591,-0.0005134971300596591
2020-08-24,85.85301971435547,22.3700008392334,0.65,0.028154794171723285,0.028154794171723285
2020-08-25,86.23053741455078,22.030000686645508,0.69,0.004397255931723354,0.004397255931723354
2020-08-26,85.02074432373047,23.270000457763672,0.69,-0.01402975241826765,-0.01402975241826765
2020-08-27,87.81785583496094,24.469999313354492,0.74,0.032899165179970824,0.032899165179970824
2020-08-28,88.17820739746094,22.959999084472656,0.74,0.004103397413587784,0.004103397413587784
2020-08-31,85.96453857421875,26.40999984741211,0.72,-0.02510448883661398,-0.02510448883661398
2020-09-01,85.92162322998047,26.1200008392334,0.68,-0.0004992214807415518,-0.0004992214807415518
2020-09-02,87.21723937988281,26.56999969482422,0.66,0.015079046475116709,0.015079046475116709
2020-09-03,86.94268035888672,33.599998474121094,0.63,-0.0031479902705957574,-0.0031479902705957574
2020-09-04,88.82172393798828,30.75,0.72,0.021612441338881405,0.021612441338881405
2020-09-08,85.7328872680664,31.459999084472656,0.69,-0.034775689245554076,-0.03312006140239074
2020-09-09,86.54800415039062,28.809999465942383,0.71,0.009507633631602008,0.009507633631602008
2020-09-10,85.6556396484375,29.709999084472656,0.68,-0.010310630623006634,-0.010310630623006634
2020-09-11,86.71959686279297,26.8700008392334,0.67,0.012421332894393622,0.012421332894393622
2020-09-14,87.92082214355469,25.850000381469727,0.68,0.013851831929780456,0.013851831929780456
2020-09-15,85.18375396728516,25.59000015258789,0.68,-0.031131057575877974,-0.031131057575877974
2020-09-16,85.54410552978516,26.040000915527344,0.69,0.004230285068657524,0.004230285068657524
2020-09-17,84.56599426269531,26.459999084472656,0.69,-0.011433999584568477,-0.011433999584568477
2020-09-18,84.38578796386719,25.829999923706055,0.7,-0.0021309546514445277,-0.0021309546514445277
2020-09-21,81.77743530273438,27.780000686645508,0.68,-0.030909857264705187,-0.030909857264705187
2020-09-22,80.88509368896484,26.86000061035156,0.68,-0.010911831735320954,-0.010911831735320954
2020-09-23,79.57232666015625,28.579999923706055,0.68,-0.016230024210105998,-0.016230024210105998
2020-09-24,79.50369262695312,28.510000228881836,0.67,-0.0008625364631632548,-0.0008625364631632548
2020-09-25,80.19867706298828,26.3799991607666,0.66,0.008741536563542596,0.008741536563542596
2020-09-28,82.50674438476562,26.190000534057617,0.67,0.028779369015832668,0.028779369015832668
2020-09-29,81.8117446899414,26.270000457763672,0.66,-0.00842355009892437,-0.00842355009892437
2020-09-30,82.60110473632812,26.3700008392334,0.69,0.00964849300523185,0.00964849300523185
2020-10-01,83.20175170898438,26.700000762939453,0.68,0.007271657861884329,0.007271657861884329
2020-10-02,83.9910888671875,27.6299991607666,0.7,0.009487025717487274,0.009487025717487274
2020-10-05,85.76636505126953,27.959999084472656,0.78,0.02113648254863354,0.02113648254863354
2020-10-06,84.88306427001953,29.479999542236328,0.76,-0.010298918238192512,-0.010298918238192512
2020-10-07,86.3638916015625,28.059999465942383,0.81,0.017445498042251817,0.017445498042251817
2020-10-08,88.1391372680664,26.36000061035156,0.78,0.02055541538926886,0.02055541538926886
2020-10-09,87.6368637084961,25.0,0.79,-0.005698643929798131,-0.005698643929798131
2020-10-12,88.71067810058594,25.06999969482422,0.79,0.01225299887113307,0.01225299887113307
2020-10-13,87.27315521240234,26.06999969482422,0.74,-0.016204620672086834,-0.016204620672086834
2020-10-14,86.78821563720703,26.399999618530273,0.73,-0.0055565720525982965,-0.0055565720525982965
2020-10-15,88.08719635009766,26.969999313354492,0.74,0.014967247607908352,0.014967247607908352
2020-10-16,87.90531158447266,27.40999984741211,0.76,-0.0020648263670705047,-0.0020648263670705047
2020-10-19,86.42450714111328,29.18000030517578,0.78,-0.01684544900266227,-0.01684544900266227
2020-10-20,86.91812896728516,29.350000381469727,0.81,0.005711595501098898,0.005711595501098898
2020-10-21,86.05213165283203,28.649999618530273,0.83,-0.009963368111376103,-0.009963368111376103
2020-10-22,89.09170532226562,28.11000061035156,0.87,0.035322468032476184,0.03446720619930946
2020-10-23,89.8970718383789,27.549999237060547,0.85,0.009039747451236702,0.009039747451236702
2020-10-26,87.67150115966797,32.459999084472656,0.81,-0.02475687620518019,-0.02475687620518019
2020-10-27,86.01749420166016,33.349998474121094,0.79,-0.018865959133008592,-0.018865959133008592
2020-10-28,83.6014175415039,40.279998779296875,0.79,-0.028088200924476836,-0.028088200924476836
2020-10-29,84.14698791503906,37.59000015258789,0.85,0.006525850752043816,0.006525850752043816
2020-10-30,84.900390625,38.02000045776367,0.88,0.0089534126963835,0.0089534126963835
2020-11-02,86.81420135498047,37.130001068115234,0.87,0.0225418365674388,0.0225418365674388
2020-11-03,89.5506820678711,35.54999923706055,0.9,0.03152111832142812,0.03152111832142812
2020-11-04,86.81420135498047,29.56999969482422,0.78,-0.030557899166157365,-0.030557899166157365
2020-11-05,90.3647003173828,27.579999923706055,0.79,0.04089767465445493,0.03446720619930946
2020-11-06,89.16100311279297,24.86000061035156,0.83,-0.01332043597070709,-0.01332043597070709
2020-11-09,101.2327117919922,25.75,0.96,0.1353922483793497,0.03446720619930946
2020-11-10,100.90364074707033,24.799999237060547,0.98,-0.0032506394336055955,-0.0032506394336055955
2020-11-11,99.39683532714844,23.450000762939453,0.98,-0.014933112509774693,-0.014933112509774693
2020-11-12,98.1758041381836,25.350000381469727,0.88,-0.012284407093505756,-0.012284407093505756
2020-11-13,98.79066467285156,23.100000381469727,0.89,0.006262852034321531,0.006262852034321531
2020-11-16,101.57908630371094,22.450000762939453,0.91,0.02822555795219439,0.02822555795219439
2020-11-17,100.54857635498048,22.709999084472656,0.87,-0.010144902717960425,-0.010144902717960425
2020-11-18,99.8038558959961,23.84000015258789,0.88,-0.007406573876841405,-0.007406573876841405
2020-11-19,100.07230377197266,23.11000061035156,0.86,0.002689754554736856,0.002689754554736856
2020-11-20,99.2149887084961,23.700000762939453,0.83,-0.008566956402143666,-0.008566956402143666
2020-11-23,102.07271575927734,22.65999984741211,0.86,0.028803380295466807,0.028803380295466807
2020-11-24,106.79228973388672,21.63999938964844,0.88,0.04623737048144938,0.03446720619930946
2020-11-25,105.67515563964844,21.25,0.88,-0.010460812264837083,-0.010460812264837083
2020-11-27,104.97374725341795,20.84000015258789,0.84,-0.006637401023777856,-0.006637401023777856
2020-11-30,102.08137512207033,20.56999969482422,0.84,-0.02755329029424025,-0.02755329029424025
2020-12-01,103.69207763671876,20.770000457763672,0.92,0.01577861302046868,0.01577861302046868
2020-12-02,105.68382263183594,21.170000076293945,0.95,0.019208265862848073,0.019208265862848073
2020-12-03,104.99103546142578,21.280000686645508,0.92,-0.006555281150489534,-0.006555281150489534
2020-12-04,105.94361877441406,20.790000915527344,0.97,0.009072996649683196,0.009072996649683196
2020-12-07,105.54528045654295,21.299999237060547,0.94,-0.0037599085483316363,-0.0037599085483316363
2020-12-08,105.6491928100586,20.68000030517578,0.92,0.0009845286597955916,0.0009845286597955916
2020-12-09,104.82652282714844,22.270000457763672,0.95,-0.007786808029751735,-0.007786808029751735
2020-12-10,104.15104675292967,22.520000457763672,0.92,-0.006443751600275549,-0.006443751600275549
2020-12-11,103.53620147705078,23.309999465942383,0.9,-0.005903399870165971,-0.005903399870165971
2020-12-14,102.4450912475586,24.719999313354492,0.9,-0.010538441761686945,-0.010538441761686945
2020-12-15,104.19435119628906,22.88999938964844,0.92,0.017075097766308556,0.017075097766308556
2020-12-16,104.4974365234375,22.5,0.92,0.0029088460522919135,0.0029088460522919135
2020-12-17,103.63145446777344,21.93000030517578,0.94,-0.008287112913720418,-0.008287112913720418
2020-12-18,103.12052154541016,21.56999969482422,0.95,-0.004930288057687804,-0.004930288057687804
2020-12-21,106.991455078125,25.15999984741211,0.95,0.03753795534296467,0.03446720619930946
2020-12-22,105.36341857910156,24.229999542236328,0.93,-0.015216509559895619,-0.015216509559895619
2020-12-23,108.3077392578125,23.309999465942383,0.96,0.02794443003479885,0.02794443003479885
2020-12-24,107.83145141601562,21.530000686645508,0.94,-0.004397542087580031,-0.004397542087580031
2020-12-28,108.5415496826172,21.700000762939453,0.94,0.0065852611392756,0.0065852611392756
2020-12-29,108.25579833984376,23.079999923706055,0.94,-0.0026326447669946518,-0.0026326447669946518
2020-12-30,108.55887603759766,22.770000457763672,0.93,0.0027996440135469314,0.0027996440135469314
2020-12-31,110.03970336914062,22.75,0.93,0.013640776190701365,0.013640776190701365
2021-01-04,109.00051879882812,26.969999313354492,0.93,-0.009443723842352036,-0.009443723842352036
2021-01-05,109.5936279296875,25.34000015258789,0.96,0.00544134227428783,0.00544134227428783
2021-01-06,114.73968505859376,25.06999969482422,1.04,0.04695580597265958,0.03446720619930946
2021-01-07,118.50765991210938,22.3700008392334,1.08,0.032839334111745444,0.032839334111745444
2021-01-08,118.63846588134766,21.559999465942383,1.13,0.0011037764928891747,0.0011037764928891747
2021-01-11,120.40908813476562,24.079999923706055,1.15,0.014924520814259434,0.014924520814259434
2021-01-12,122.30178833007812,23.329999923706055,1.15,0.01571891478153309,0.01571891478153309
2021-01-13,122.41517639160156,22.209999084472656,1.1,0.0009271169544751157,0.0009271169544751157
2021-01-14,123.13036346435548,23.25,1.15,0.00584230725172552,0.00584230725172552
2021-01-15,120.92366027832033,24.34000015258789,1.11,-0.017921681735910466,-0.017921681735910466
2021-01-19,120.40035247802734,23.239999771118164,1.1,-0.004327588158417717,-0.004327588158417717
2021-01-20,118.59487915039062,21.579999923706055,1.1,-0.014995581744382425,-0.014995581744382425
2021-01-21,117.6005630493164,21.31999969482422,1.12,-0.008384140261345707,-0.008384140261345707
2021-01-22,116.69343566894533,21.90999984741211,1.1,-0.007713631268845833,-0.007713631268845833
2021-01-25,115.23685455322266,23.190000534057617,1.05,-0.012482116987753589,-0.012482116987753589
2021-01-26,114.76585388183594,23.020000457763672,1.05,-0.00408723991307125,-0.00408723991307125
2021-01-27,111.52120971679688,37.209999084472656,1.04,-0.028271860098560198,-0.028271860098560198
2021-01-28,113.48371124267578,30.209999084472656,1.07,0.017597563108063374,0.017597563108063374
2021-01-29,112.22772979736328,33.09000015258789,1.11,-0.011067504151557772,-0.011067504151557772
2021-02-01,113.05631256103516,30.239999771118164,1.09,0.007383048424555616,0.007383048424555616
2021-02-02,116.53645324707033,25.559999465942383,1.12,0.03078236506392651,0.03078236506392651
2021-02-03,117.87093353271484,22.90999984741211,1.15,0.011451183286102395,0.011451183286102395
2021-02-04,120.58349609375,21.770000457763672,1.15,0.02301298954489317,0.02301298954489317
2021-02-05,120.3480453491211,20.8700008392334,1.19,-0.0019525951084206072,-0.0019525951084206072
2021-02-08,122.23200988769533,21.239999771118164,1.19,0.01565430109902488,0.01565430109902488
2021-02-09,121.74356842041016,21.6299991607666,1.18,-0.003996019272970663,-0.003996019272970663
2021-02-10,121.81332397460938,21.989999771118164,1.15,0.0005729711647546321,0.0005729711647546321
2021-02-11,121.47315216064452,21.25,1.16,-0.0027925665507310127,-0.0027925665507310127
2021-02-12,123.20016479492188,19.969999313354492,1.2,0.014217237336472843,0.014217237336472843
2021-02-16,126.16569519042967,21.459999084472656,1.3,0.024070831402248416,0.024070831402248416
2021-02-17,126.55818939208984,21.5,1.29,0.0031109423291946214,0.0031109423291946214
2021-02-18,126.98554229736328,22.489999771118164,1.29,0.003376730556325036,0.003376730556325036
2021-02-19,129.10504150390625,22.049999237060547,1.34,0.016690870221900633,0.016690870221900633
2021-02-22,130.31744384765625,23.450000762939453,1.37,0.009390821068078203,0.009390821068078203
2021-02-23,131.36412048339844,23.11000061035156,1.37,0.008031746210168,0.008031746210168
2021-02-24,133.67543029785156,21.34000015258789,1.38,0.017594681149981417,0.017594681149981417
2021-02-25,131.8612518310547,28.88999938964844,1.54,-0.013571517688438117,-0.013571517688438117
2021-02-26,128.36366271972656,27.950000762939453,1.44,-0.026524767987258002,-0.026524767987258002
2021-03-01,131.2681427001953,23.350000381469727,1.45,0.02262696404052056,0.02262696404052056
2021-03-02,130.84075927734375,24.100000381469727,1.42,-0.003255804600112877,-0.003255804600112877
2021-03-03,133.37017822265625,26.670000076293945,1.47,0.019332041171901793,0.019332041171901793
2021-03-04,131.3204345703125,28.56999969482422,1.54,-0.015368830421158997,-0.015368830421158997
2021-03-05,131.62574768066406,24.65999984741211,1.56,0.0023249474565825157,0.0023249474565825157
2021-03-08,133.37017822265625,25.469999313354492,1.59,0.013252958275491222,0.013252958275491222
2021-03-09,132.42820739746094,24.030000686645508,1.55,-0.0070628294701888805,-0.0070628294701888805
2021-03-10,135.3065185546875,22.559999465942383,1.53,0.021734879704199184,0.021734879704199184
2021-03-11,134.5999755859375,21.90999984741211,1.54,-0.005221795492908465,-0.005221795492908465
2021-03-12,136.1961212158203,20.690000534057617,1.64,0.011858439222849126,0.011858439222849126
2021-03-15,135.51576232910156,20.030000686645508,1.62,-0.004995435116985747,-0.004995435116985747
2021-03-16,133.8935089111328,19.790000915527344,1.62,-0.011970957400727178,-0.011970957400727178
2021-03-17,135.2715606689453,19.229999542236328,1.63,0.010292147610584612,0.010292147610584612
2021-03-18,137.5044403076172,21.579999923706055,1.71,0.01650664505998023,0.01650664505998023
2021-03-19,135.3152313232422,20.950000762939453,1.74,-0.01592100574699573,-0.01592100574699573
2021-03-22,131.67803955078125,18.8799991607666,1.69,-0.02687939662736405,-0.02687939662736405
2021-03-23,130.3610076904297,20.299999237060547,1.63,-0.010001909694620337,-0.010001909694620337
2021-03-24,131.372802734375,21.200000762939453,1.62,0.007761485292811177,0.007761485292811177
2021-03-25,133.05616760253906,19.809999465942383,1.63,0.012813648130562294,0.012813648130562294
2021-03-26,135.2715606689453,18.86000061035156,1.67,0.016650059191724242,0.016650059191724242
2021-03-29,133.1695556640625,20.739999771118164,1.73,-0.015539149504064098,-0.015539149504064098
2021-03-30,134.73951721191406,19.61000061035156,1.73,0.011789192657607028,0.011789192657607028
2021-03-31,132.7770538330078,19.399999618530273,1.74,-0.014564868714942447,-0.014564868714942447
2021-04-01,134.06793212890625,17.329999923706055,1.69,0.009722148960481958,0.009722148960481958
2021-04-05,134.7786102294922,17.90999984741211,1.73,0.005300880600609403,0.005300880600609403
2021-04-06,133.83106994628906,18.1200008392334,1.67,-0.0070303461475802465,-0.0070303461475802465
2021-04-07,135.92791748046875,17.15999984741211,1.68,0.015667867969830995,0.015667867969830995
2021-04-08,136.09463500976562,16.950000762939453,1.64,0.0012265142612872815,0.0012265142612872815
2021-04-09,137.1123504638672,16.690000534057617,1.67,0.00747799833570606,0.00747799833570606
2021-04-12,136.82281494140625,16.90999984741211,1.69,-0.0021116662465591185,-0.0021116662465591185
2021-04-13,135.19094848632812,16.649999618530273,1.64,-0.01192685924329917,-0.01192685924329917
2021-04-14,132.66419982910156,16.989999771118164,1.64,-0.01869022065099346,-0.01869022065099346
2021-04-15,133.5064239501953,16.56999969482422,1.56,0.006348541069698621,0.006348541069698621
2021-04-16,134.49783325195312,16.25,1.59,0.007425929572704826,0.007425929572704826
2021-04-19,133.92758178710938,17.290000915527344,1.61,-0.004239856145306864,-0.004239856145306864
2021-04-20,130.9621124267578,18.68000030517578,1.58,-0.02214233484082062,-0.02214233484082062
2021-04-21,132.0762939453125,17.5,1.57,0.008507663001983135,0.008507663001983135
2021-04-22,129.295166015625,18.709999084472656,1.57,-0.021056980375593004,-0.021056980375593004
2021-04-23,131.76930236816406,17.329999923706055,1.58,0.019135567313012025,0.019135567313012025
2021-04-26,132.09388732910156,17.639999389648438,1.58,0.0024632820778742737,0.0024632820778742737
2021-04-27,132.69927978515625,17.559999465942383,1.63,0.004583046712422156,0.004583046712422156
2021-04-28,133.55909729003906,17.280000686645508,1.63,0.006479443643363281,0.006479443643363281
2021-04-29,136.15603637695312,17.610000610351562,1.65,0.019444119791214964,0.019444119791214964
2021-04-30,134.94529724121094,18.61000061035156,1.65,-0.00889229128549407,-0.00889229128549407
2021-05-03,134.5504913330078,18.309999465942383,1.63,-0.0029256737083428463,-0.0029256737083428463
2021-05-04,136.4104766845703,19.479999542236328,1.61,0.013823697952608072,0.013823697952608072
2021-05-05,138.20028686523438,19.149999618530273,1.59,0.013120767731079397,0.013120767731079397
2021-05-06,140.98146057128906,18.38999938964844,1.58,0.020124225275789387,0.020124225275789387
2021-05-07,141.46397399902344,16.690000534057617,1.6,0.0034225310603190895,0.0034225310603190895
2021-05-10,141.44647216796875,19.65999984741211,1.63,-0.00012371935101163078,-0.00012371935101163078
2021-05-11,139.0951690673828,21.84000015258789,1.64,-0.016623271436517317,-0.016623271436517317
2021-05-12,138.1388702392578,27.59000015258789,1.69,-0.006875140485013809,-0.006875140485013809
2021-05-13,141.692138671875,23.1299991607666,1.66,0.025722437330368386,0.025722437330368386
2021-05-14,143.89427185058594,18.809999465942383,1.63,0.015541675066466087,0.015541675066466087
2021-05-17,144.47335815429688,19.719999313354492,1.64,0.004024387463541501,0.004024387463541501
2021-05-18,142.43792724609375,21.34000015258789,1.64,-0.014088624603224686,-0.014088624603224686
2021-05-19,141.3499298095703,22.18000030517578,1.68,-0.007638397002531994,-0.007638397002531994
2021-05-20,141.1042938232422,20.670000076293945,1.63,-0.0017377864046982383,-0.0017377864046982383
2021-05-21,142.70986938476562,20.149999618530273,1.63,0.011378644249725678,0.011378644249725678
2021-05-24,143.48190307617188,18.399999618530273,1.61,0.00540981289335174,0.00540981289335174
2021-05-25,141.99917602539062,18.84000015258789,1.56,-0.010333895905981216,-0.010333895905981216
2021-05-26,141.98162841796875,17.360000610351562,1.58,-0.00012357541721752519,-0.00012357541721752519
2021-05-27,144.1925506591797,16.739999771118164,1.61,0.01557188958773148,0.01557188958773148
2021-05-28,144.0960693359375,16.760000228881836,1.58,-0.0006691144778362412,-0.0006691144778362412
2021-06-01,145.68406677246094,17.899999618530273,1.62,0.011020407731048287,0.011020407731048287
2021-06-02,145.69284057617188,17.479999542236328,1.59,6.0224868136282694e-05,6.0224868136282694e-05
2021-06-03,145.78936767578125,18.040000915527344,1.63,0.0006625383871139423,0.0006625383871139423
2021-06-04,146.0262451171875,16.420000076293945,1.56,0.0016247922957799421,0.0016247922957799421
2021-06-07,145.34193420410156,16.420000076293945,1.57,-0.004686218648824236,-0.004686218648824236
2021-06-08,144.76284790039062,17.06999969482422,1.53,-0.0039843029947416175,-0.0039843029947416175
2021-06-09,142.9554901123047,17.889999389648438,1.5,-0.01248495601115529,-0.01248495601115529
2021-06-10,140.72703552246094,16.100000381469727,1.45,-0.015588450559632872,-0.015588450559632872
2021-06-11,140.6305389404297,15.649999618530272,1.47,-0.00068570038211202,-0.00068570038211202
2021-06-14,138.24412536621094,16.389999389648438,1.51,-0.016969383692894913,-0.016969383692894913
2021-06-15,136.1472625732422,17.020000457763672,1.51,-0.015167825666473234,-0.015167825666473234
2021-06-16,137.1035919189453,18.149999618530273,1.57,0.007024227499165869,0.007024227499165869
2021-06-17,133.14669799804688,17.75,1.52,-0.028860614558061548,-0.028860614558061548
2021-06-18,129.77767944335938,20.700000762939453,1.45,-0.025303057494801107,-0.025303057494801107
2021-06-21,131.97984313964844,17.889999389648438,1.5,0.01696873996926551,0.01696873996926551
2021-06-22,131.78684997558594,16.65999984741211,1.48,-0.0014622927219143378,-0.0014622927219143378
2021-06-23,132.58518981933594,16.31999969482422,1.5,0.006057811108603817,0.006057811108603817
2021-06-24,133.80471801757812,15.970000267028809,1.49,0.00919807257434968,0.00919807257434968
2021-06-25,135.15585327148438,15.619999885559082,1.54,0.01009781474020044,0.01009781474020044
2021-06-28,135.40150451660156,15.760000228881836,1.49,0.0018175405590741267,0.0018175405590741267
2021-06-29,135.23483276367188,16.020000457763672,1.49,-0.0012309446156061332,-0.0012309446156061332
2021-06-30,136.463134765625,15.829999923706056,1.45,0.009082733914417052,0.009082733914417052
2021-07-01,137.81423950195312,15.479999542236328,1.48,0.009900877175719636,0.009900877175719636
2021-07-02,137.68185424804688,15.06999969482422,1.44,-0.0009606064974466699,-0.0009606064974466699
2021-07-06,135.36997985839844,16.440000534057617,1.37,-0.016791423984480747,-0.016791423984480747
2021-07-07,135.52880859375,16.200000762939453,1.33,0.0011732936321457998,0.0011732936321457998
2021-07-08,133.19041442871094,19.0,1.3,-0.01725385317927819,-0.01725385317927819
2021-07-09,137.45240783691406,16.18000030517578,1.37,0.031999250295030146,0.031999250295030146
2021-07-12,139.42019653320312,16.170000076293945,1.38,0.014316145691851467,0.014316145691851467
2021-07-13,137.34657287597656,17.1200008392334,1.42,-0.01487319419129296,-0.01487319419129296
2021-07-14,136.87890625,16.329999923706055,1.37,-0.0034050112513464015,-0.0034050112513464015
2021-07-15,137.1789093017578,17.010000228881836,1.31,0.0021917405681914914,0.0021917405681914914
2021-07-16,134.0463409423828,18.450000762939453,1.31,-0.022835641246309768,-0.022835641246309768
2021-07-19,129.68728637695312,22.5,1.19,-0.032519011968430656,-0.032519011968430656
2021-07-20,132.1050262451172,19.729999542236328,1.23,0.018642844150016158,0.018642844150016158
2021-07-21,134.8846435546875,17.90999984741211,1.3,0.02104096557547175,0.02104096557547175
2021-07-22,133.18157958984375,17.690000534057617,1.27,-0.012626077513065881,-0.012626077513065881
2021-07-23,132.9256591796875,17.200000762939453,1.3,-0.0019215901399007862,-0.0019215901399007862
2021-07-26,133.8169403076172,17.579999923706055,1.29,0.006705109708915247,0.006705109708915247
2021-07-27,133.64047241210938,19.36000061035156,1.25,-0.0013187261276648155,-0.0013187261276648155
2021-07-28,133.8610382080078,18.309999465942383,1.26,0.0016504416058802374,0.0016504416058802374
2021-07-29,135.0081787109375,17.700000762939453,1.28,0.008569636977916906,0.008569636977916906
2021-07-30,133.93165588378906,18.239999771118164,1.24,-0.007973760089404314,-0.007973760089404314
2021-08-02,133.3933563232422,19.459999084472656,1.2,-0.004019210820584096,-0.004019210820584096
2021-08-03,134.91110229492188,18.040000915527344,1.19,0.01137797273802632,0.01137797273802632
2021-08-04,133.45513916015625,17.969999313354492,1.19,-0.010792018670063408,-0.010792018670063408
2021-08-05,135.14051818847656,17.280000686645508,1.23,0.012628805746459415,0.012628805746459415
2021-08-06,138.97900390625,16.149999618530273,1.31,0.028403662863124568,0.028403662863124568
2021-08-09,138.8289794921875,16.719999313354492,1.33,-0.0010794753872584995,-0.0010794753872584995
2021-08-10,140.53201293945312,16.790000915527344,1.36,0.012267132219044186,0.012267132219044186
2021-08-11,142.20858764648438,16.170000076293945,1.35,0.011930197767490824,0.011930197767490824
2021-08-12,142.7645263671875,15.59000015258789,1.36,0.003909318908961623,0.003909318908961623
2021-08-13,141.16738891601562,15.449999809265137,1.29,-0.011187215002304352,-0.011187215002304352
2021-08-16,140.24082946777344,16.1200008392334,1.26,-0.006563551648556931,-0.006563551648556931
2021-08-17,138.54661560058594,17.90999984741211,1.26,-0.012080746196504899,-0.012080746196504899
2021-08-18,137.28480529785156,21.56999969482422,1.27,-0.009107478354953291,-0.009107478354953291
2021-08-19,136.13763427734375,21.670000076293945,1.24,-0.008356139763748271,-0.008356139763748271
2021-08-20,136.52587890625,18.559999465942383,1.26,0.0028518537946333744,0.0028518537946333744
2021-08-23,138.27308654785156,17.149999618530273,1.25,0.012797629691886803,0.012797629691886803
2021-08-24,139.1290283203125,17.219999313354492,1.29,0.00619022684623971,0.00619022684623971
2021-08-25,141.99685668945312,16.790000915527344,1.35,0.020612724776156055,0.020612724776156055
2021-08-26,142.72921752929688,18.84000015258789,1.34,0.005157584871370968,0.005157584871370968
2021-08-27,143.8763427734375,16.389999389648438,1.31,0.00803707372602358,0.00803707372602358
2021-08-30,141.57327270507812,16.190000534057617,1.29,-0.01600728809173324,-0.01600728809173324
2021-08-31,141.14088439941406,16.479999542236328,1.3,-0.003054166209499165,-0.003054166209499165
2021-09-01,140.93795776367188,16.110000610351562,1.31,-0.0014377594175187802,-0.0014377594175187802
2021-09-02,141.5909423828125,16.40999984741211,1.29,0.004633135242640307,0.004633135242640307
2021-09-03,140.7349853515625,16.40999984741211,1.33,-0.006045280982280521,-0.006045280982280521
2021-09-07,140.48793029785156,18.13999938964844,1.38,-0.0017554629582244852,-0.0017554629582244852
2021-09-08,139.8614501953125,17.959999084472656,1.35,-0.00445931619329043,-0.00445931619329043
2021-09-09,140.47032165527344,18.799999237060547,1.3,0.004353390152258996,0.004353390152258996
2021-09-10,138.85548400878906,20.950000762939453,1.35,-0.011495934710303635,-0.011495934710303635
2021-09-13,141.06150817871094,19.3700008392334,1.33,0.01588719513434733,0.01588719513434733
2021-09-14,138.5995635986328,19.459999084472656,1.28,-0.017452986373568957,-0.017452986373568957
2021-09-15,139.5614013671875,18.18000030517578,1.31,0.006939688290361845,0.006939688290361845
2021-09-16,139.4995880126953,18.690000534057617,1.34,-0.00044291153489894874,-0.00044291153489894874
2021-09-17,139.13784790039062,20.809999465942383,1.37,-0.0025931267429389893,-0.0025931267429389893
2021-09-20,134.97288513183594,25.709999084472656,1.31,-0.02993407495806899,-0.02993407495806899
2021-09-21,134.99050903320312,24.36000061035156,1.33,0.00013057364336521715,0.00013057364336521715
2021-09-22,137.5759735107422,20.8700008392334,1.32,0.01915293524008521,0.01915293524008521
2021-09-23,142.2262725830078,18.6299991607666,1.41,0.033801680290508784,0.033801680290508784
2021-09-24,143.86753845214844,17.75,1.47,0.011539821998658661,0.011539821998658661
2021-09-27,147.34420776367188,18.760000228881836,1.48,0.024165766293970492,0.024165766293970492
2021-09-28,146.55003356933594,23.25,1.54,-0.005389924764533149,-0.005389924764533149
2021-09-29,146.43536376953125,22.559999465942383,1.55,-0.0007824617778093845,-0.0007824617778093845
2021-09-30,144.44107055664062,23.13999938964844,1.52,-0.01361893166755379,-0.01361893166755379
2021-10-01,147.47657775878906,21.100000381469727,1.48,0.021015540735404015,0.021015540735404015
2021-10-04,147.3177490234375,22.959999084472656,1.49,-0.0010769760036833942,-0.0010769760036833942
2021-10-05,149.72348022460938,21.299999237060547,1.54,0.01633021965865855,0.01633021965865855
2021-10-06,150.04306030273438,21.0,1.53,0.002134468672819967,0.002134468672819967
2021-10-07,150.99288940429688,19.540000915527344,1.58,0.006330376757486045,0.006330376757486045
2021-10-08,151.1083221435547,18.770000457763672,1.61,0.0007644912267936732,0.0007644912267936732
2021-10-11,147.93026733398438,20.0,1.61,-0.021031633231630487,-0.021031633231630487
2021-10-12,146.7939910888672,19.850000381469727,1.59,-0.007681161303871642,-0.007681161303871642
2021-10-13,142.9235076904297,18.63999938964844,1.56,-0.026366769986479577,-0.026366769986479577
2021-10-14,145.1161651611328,16.860000610351562,1.52,0.015341475353742196,0.015341475353742196
2021-10-15,147.90362548828125,16.299999237060547,1.59,0.01920847566536321,0.01920847566536321
2021-10-18,147.85040283203125,16.309999465942383,1.59,-0.00035984686700063495,-0.00035984686700063495
2021-10-19,149.6435546875,15.699999809265137,1.65,0.012128149948335887,0.012128149948335887
2021-10-20,151.65869140625,15.489999771118164,1.65,0.013466244656899606,0.013466244656899606
2021-10-21,150.46917724609375,15.010000228881836,1.68,-0.007843362942977605,-0.007843362942977605
2021-10-22,152.49319458007812,15.43000030517578,1.66,0.01345137503260263,0.01345137503260263
2021-10-25,151.74749755859375,15.239999771118164,1.64,-0.004890034755569261,-0.004890034755569261
2021-10-26,152.1558380126953,15.979999542236328,1.63,0.002690920513821915,0.002690920513821915
2021-10-27,148.98666381835938,16.979999542236328,1.54,-0.02082847582931069,-0.02082847582931069
2021-10-28,151.2325897216797,16.530000686645508,1.57,0.015074677462799446,0.015074677462799446
2021-10-29,150.81539916992188,16.260000228881836,1.55,-0.0027586021804267835,-0.0027586021804267835
2021-11-01,150.73545837402344,16.40999984741211,1.58,-0.0005300572510394952,-0.0005300572510394952
2021-11-02,151.3302764892578,16.030000686645508,1.56,0.003946106122943105,0.003946106122943105
2021-11-03,151.38351440429688,15.100000381469728,1.6,0.0003517994962682902,0.0003517994962682902
2021-11-04,149.3949737548828,15.4399995803833,1.53,-0.013135780717200896,-0.013135780717200896
2021-11-05,149.18197631835938,16.479999542236328,1.45,-0.0014257336185413694,-0.0014257336185413694
2021-11-08,150.0785675048828,17.219999313354492,1.51,0.006010050333493888,0.006010050333493888
2021-11-09,148.9422607421875,17.780000686645508,1.46,-0.007571412637972674,-0.007571412637972674
2021-11-10,148.8002471923828,18.729999542236328,1.56,-0.000953480557479347,-0.000953480557479347
2021-11-11,148.79136657714844,17.65999984741211,1.56,-5.968145484924747e-05,-5.968145484924747e-05
2021-11-12,148.12559509277344,16.290000915527344,1.58,-0.004474530341985972,-0.004474530341985972
2021-11-15,147.8592529296875,16.489999771118164,1.63,-0.00179808332867204,-0.00179808332867204
2021-11-16,146.7939910888672,16.3700008392334,1.63,-0.007204566638294052,-0.007204566638294052
2021-11-17,146.00393676757812,17.110000610351562,1.6,-0.005382061727654652,-0.005382061727654652
2021-11-18,144.74334716796875,17.59000015258789,1.59,-0.0086339425327695,-0.0086339425327695
2021-11-19,142.8524932861328,17.90999984741211,1.54,-0.013063494238817586,-0.013063494238817586
2021-11-22,145.8974151611328,19.170000076293945,1.63,0.021315146869022694,0.021315146869022694
2021-11-23,149.38613891601562,19.3799991607666,1.67,0.023912169732615007,0.023912169732615007
2021-11-24,148.21434020996094,18.579999923706055,1.64,-0.007844092594919139,-0.007844092594919139
2021-11-26,143.74905395507812,28.6200008392334,1.48,-0.030127221485837796,-0.030127221485837796
2021-11-29,143.12770080566406,22.959999084472656,1.52,-0.004322485138637755,-0.004322485138637755
2021-11-30,140.99713134765625,27.190000534057617,1.43,-0.01488579391700462,-0.01488579391700462
2021-12-01,140.1626739501953,31.1200008392334,1.43,-0.005918257977911789,-0.005918257977911789
2021-12-02,143.10995483398438,27.950000762939453,1.44,0.02102757318140447,0.02102757318140447
2021-12-03,140.51776123046875,30.670000076293945,1.35,-0.018113300409623556,-0.018113300409623556
2021-12-06,142.17782592773438,27.18000030517578,1.43,0.011813913648559327,0.011813913648559327
2021-12-07,144.31727600097656,21.88999938964844,1.48,0.015047705641030307,0.015047705641030307
2021-12-08,142.6660614013672,19.899999618530273,1.52,-0.011441558802691154,-0.011441558802691154
2021-12-09,142.44418334960938,21.579999923706055,1.49,-0.0015552265870268922,-0.0015552265870268922
2021-12-10,141.87603759765625,18.690000534057617,1.48,-0.003988550031268634,-0.003988550031268634
2021-12-13,140.1893310546875,20.309999465942383,1.42,-0.011888593532278113,-0.011888593532278113
2021-12-14,141.2634735107422,21.88999938964844,1.44,0.00766208418268044,0.00766208418268044
2021-12-15,140.2070770263672,19.290000915527344,1.47,-0.007478199835533994,-0.007478199835533994
2021-12-16,142.3997039794922,20.56999969482422,1.44,0.015638489865334337,0.015638489865334337
2021-12-17,139.1595458984375,21.56999969482422,1.41,-0.022753966409377657,-0.022753966409377657
2021-12-20,136.65618896484375,22.8700008392334,1.43,-0.017989113987342042,-0.017989113987342042
2021-12-21,138.5647735595703,21.010000228881836,1.48,0.013966323875880704,0.013966323875880704
2021-12-22,139.10630798339844,18.6299991607666,1.46,0.003908168071268925,0.003908168071268925
2021-12-23,139.60342407226562,17.959999084472656,1.5,0.003573641598816124,0.003573641598816124
2021-12-27,140.40237426757812,17.68000030517578,1.48,0.005722998562692316,0.005722998562692316
2021-12-28,140.8284454345703,17.540000915527344,1.49,0.0030346436035346702,0.0030346436035346702
2021-12-29,140.75747680664062,16.950000762939453,1.55,-0.0005039367416909135,-0.0005039367416909135
2021-12-30,140.68646240234375,17.329999923706055,1.52,-0.0005045160364335333,-0.0005045160364335333
2021-12-31,140.57102966308594,17.219999313354492,1.52,-0.0008204964236551149,-0.0008204964236551149
2022-01-03,143.54490661621094,16.600000381469727,1.63,0.021155688766402614,0.021155688766402614
2022-01-04,148.98666381835938,16.90999984741211,1.66,0.03790978955942892,0.03446720619930946
2022-01-05,146.2628631591797,19.729999542236328,1.71,-0.018282177675315148,-0.018282177675315148
2022-01-06,147.81680297851562,19.61000061035156,1.73,0.010624295092902525,0.010624295092902525
2022-01-07,149.28138732910156,18.760000228881836,1.76,0.00990810463407743,0.00990810463407743
2022-01-10,149.4242706298828,19.399999618530273,1.78,0.0009571407617363636,0.0009571407617363636
2022-01-11,149.5760955810547,18.40999984741211,1.75,0.0010160662021763134,0.0010160662021763134
2022-01-12,150.42446899414062,17.6200008392334,1.74,0.0056718515735436625,0.0056718515735436625
2022-01-13,150.2368927001953,20.309999465942383,1.7,-0.0012469799308556517,-0.0012469799308556517
2022-01-14,141.00282287597656,19.190000534057617,1.78,-0.061463397293804345,-0.03312006140239074
2022-01-18,135.09092712402344,22.790000915527344,1.87,-0.04192749926115391,-0.03312006140239074
2022-01-19,133.00115966796875,23.850000381469727,1.83,-0.015469339803524496,-0.015469339803524496
2022-01-20,131.8670196533203,25.59000015258789,1.83,-0.008527294179086597,-0.008527294179086597
2022-01-21,129.5629425048828,28.850000381469727,1.75,-0.017472732412508796,-0.017472732412508796
2022-01-24,129.44683837890625,29.899999618530273,1.75,-0.0008961214042525478,-0.0008961214042525478
2022-01-25,130.85784912109375,31.15999984741211,1.78,0.010900310581995809,0.010900310581995809
2022-01-26,132.0991973876953,31.959999084472656,1.85,0.009486234680908145,0.009486234680908145
2022-01-27,129.768310546875,30.489999771118164,1.81,-0.017644973526821928,-0.017644973526821928
2022-01-28,130.92930603027344,27.65999984741211,1.78,0.008946679497527033,0.008946679497527033
2022-01-31,132.70648193359375,24.829999923706055,1.79,0.013573553218936274,0.013573553218936274
2022-02-01,134.9836883544922,21.959999084472656,1.81,0.01715972262785126,0.01715972262785126
2022-02-02,133.9031982421875,22.09000015258789,1.78,-0.008004597633064492,-0.008004597633064492
2022-02-03,132.7957305908203,24.350000381469727,1.82,-0.008270658699011335,-0.008270658699011335
2022-02-04,136.242919921875,23.219999313354492,1.93,0.025958585533720324,0.025958585533720324
2022-02-07,136.69839477539062,22.86000061035156,1.92,0.0033431084255739485,0.0033431084255739485
2022-02-08,139.2703399658203,21.440000534057617,1.96,0.018814743177165028,0.018814743177165028
2022-02-09,139.85079956054688,19.959999084472656,1.94,0.004167862266071909,0.004167862266071909
2022-02-10,139.2703399658203,23.90999984741211,2.03,-0.004150563289952891,-0.004150563289952891
2022-02-11,137.45745849609375,27.36000061035156,1.92,-0.013016996082378163,-0.013016996082378163
2022-02-14,136.18040466308594,28.329999923706055,1.98,-0.009290538665416292,-0.009290538665416292
2022-02-15,138.17185974121094,25.700000762939453,2.05,0.014623653697108052,0.014623653697108052
2022-02-16,138.4219512939453,24.290000915527344,2.03,0.0018100035217212262,0.0018100035217212262
2022-02-17,135.23377990722656,28.11000061035156,1.97,-0.02303226733127406,-0.02303226733127406
2022-02-18,135.86785888671875,27.75,1.92,0.004688761786642237,0.004688761786642237
2022-02-22,135.62669372558594,28.809999465942383,1.94,-0.0017749978774147523,-0.0017749978774147523
2022-02-23,132.78684997558594,31.020000457763672,1.99,-0.020938678603681593,-0.020938678603681593
2022-02-24,129.08963012695312,30.31999969482422,1.96,-0.02784326798408565,-0.02784326798408565
2022-02-25,132.14382934570312,27.59000015258789,1.97,0.023659524128672116,0.023659524128672116
2022-02-28,126.63378143310548,30.149999618530273,1.83,-0.04169735310290379,-0.03312006140239074
2022-03-01,121.85598754882812,33.31999969482422,1.72,-0.03772922067245721,-0.03312006140239074
2022-03-02,124.38328552246094,30.739999771118164,1.86,0.020740039324043114,0.020740039324043114
2022-03-03,123.4991455078125,30.479999542236328,1.86,-0.00710818990618145,-0.00710818990618145
2022-03-04,120.02521514892578,31.979999542236328,1.74,-0.028129185385067812,-0.028129185385067812
2022-03-07,115.39034271240234,36.45000076293945,1.78,-0.0386158227733443,-0.03312006140239074
2022-03-08,114.57766723632812,35.130001068115234,1.86,-0.007042837875087415,-0.007042837875087415
2022-03-09,119.1679229736328,32.45000076293945,1.94,0.04006239477573592,0.03446720619930946
2022-03-10,117.75688934326172,30.229999542236328,1.98,-0.011840716823463326,-0.011840716823463326
2022-03-11,115.10454559326172,30.75,2.0,-0.022523894481183304,-0.022523894481183304
2022-03-14,116.24763488769533,31.770000457763672,2.14,0.009930878824480738,0.009930878824480738
2022-03-15,118.31057739257812,29.829999923706055,2.15,0.017746103022876714,0.017746103022876714
2022-03-16,123.59738159179688,26.670000076293945,2.19,0.044685811833003575,0.03446720619930946
2022-03-17,125.16023254394533,25.670000076293945,2.2,0.012644693051104161,0.012644693051104161
2022-03-18,125.11556243896484,23.8700008392334,2.14,-0.000356903339603476,-0.000356903339603476
2022-03-21,124.71370697021484,23.530000686645508,2.32,-0.0032118743737098443,-0.0032118743737098443
2022-03-22,127.36605834960938,22.940000534057617,2.38,0.02126752097929363,0.02126752097929363
2022-03-23,124.82978057861328,23.56999969482422,2.32,-0.019913294042862018,-0.019913294042862018
2022-03-24,125.64249420166016,21.670000076293945,2.34,0.006510574794570401,0.006510574794570401
2022-03-25,126.74090576171876,20.809999465942383,2.48,0.008742357170143489,0.008742357170143489
2022-03-28,125.80321502685548,19.6299991607666,2.46,-0.007398485352678508,-0.007398485352678508
2022-03-29,126.0801010131836,18.899999618530273,2.41,0.0022009452323534795,0.0022009452323534795
2022-03-30,125.50849151611328,19.329999923706055,2.35,-0.00453370113504703,-0.00453370113504703
2022-03-31,121.7398681640625,20.559999465942383,2.32,-0.03002683967058073,-0.03002683967058073
2022-04-01,120.83788299560548,19.6299991607666,2.39,-0.007409118985092555,-0.007409118985092555
2022-04-04,121.37370300292967,18.56999969482422,2.42,0.004434205516027356,0.004434205516027356
2022-04-05,119.96125793457033,21.030000686645508,2.54,-0.01163715890191841,-0.01163715890191841
2022-04-06,118.29688262939452,22.100000381469727,2.61,-0.013874273526571335,-0.013874273526571335
2022-04-07,117.9369888305664,21.549999237060547,2.66,-0.003042293176529487,-0.003042293176529487
2022-04-08,120.09620666503906,21.15999984741211,2.72,0.01830823269173587,0.01830823269173587
2022-04-11,119.65536499023438,24.3700008392334,2.79,-0.003670737711427008,-0.003670737711427008
2022-04-12,118.3418426513672,24.260000228881836,2.72,-0.010977546547740524,-0.010977546547740524
2022-04-13,114.52727508544922,21.81999969482422,2.7,-0.03223346434748042,-0.03223346434748042
2022-04-14,113.46568298339844,22.700000762939453,2.83,-0.00926933869035762,-0.00926933869035762
2022-04-18,115.57089233398438,22.170000076293945,2.85,0.018553709766978344,0.018553709766978344
2022-04-19,117.9639892578125,21.3700008392334,2.93,0.020706744367019247,0.020706744367019247
2022-04-20,118.37785339355467,20.31999969482422,2.85,0.0035083938610931398,0.0035083938610931398
2022-04-21,117.46018981933594,22.68000030517578,2.9,-0.007751986946138545,-0.007751986946138545
2022-04-22,114.0864486694336,28.209999084472656,2.9,-0.028722422082677168,-0.028722422082677168
2022-04-25,114.05044555664062,27.020000457763672,2.81,-0.0003155774696544933,-0.0003155774696544933
2022-04-26,110.6767120361328,33.52000045776367,2.77,-0.029581063923440287,-0.029581063923440287
2022-04-27,109.23724365234376,31.600000381469727,2.82,-0.013006063853063243,-0.013006063853063243
2022-04-28,110.964599609375,29.989999771118164,2.85,0.015812884866709842,0.015812884866709842
2022-04-29,107.3839340209961,33.400001525878906,2.89,-0.03226853970530963,-0.03226853970530963
2022-05-02,108.36458587646484,32.34000015258789,2.99,0.009132202730410377,0.009132202730410377
2022-05-03,110.68572235107422,29.25,2.97,0.021419695888982293,0.021419695888982293
2022-05-04,114.34733581542967,25.420000076293945,2.93,0.033081172409405335,0.033081172409405335
2022-05-05,111.48641204833984,31.200000762939453,3.05,-0.025019592688260817,-0.025019592688260817
2022-05-06,111.30646514892578,30.190000534057617,3.12,-0.0016140702360754045,-0.0016140702360754045
2022-05-09,109.6331024169922,34.75,3.05,-0.01503383230879407,-0.01503383230879407
2022-05-10,106.96110534667967,32.9900016784668,2.99,-0.024372174201086838,-0.024372174201086838
2022-05-11,106.2863540649414,32.560001373291016,2.91,-0.00630837985033228,-0.00630837985033228
2022-05-12,106.19638061523438,31.770000457763672,2.84,-0.0008465192968427626,-0.0008465192968427626
2022-05-13,107.14102935791016,28.8700008392334,2.93,0.008895300736268874,0.008895300736268874
2022-05-16,106.3943099975586,27.469999313354492,2.88,-0.00696949959158133,-0.00696949959158133
2022-05-17,109.92098999023438,26.100000381469727,2.98,0.0331472612845245,0.0331472612845245
2022-05-18,108.04067993164062,30.959999084472656,2.89,-0.017106014590669183,-0.017106014590669183
2022-05-19,106.43929290771484,29.350000381469727,2.84,-0.014822074656870021,-0.014822074656870021
2022-05-20,105.56661224365234,29.43000030517578,2.78,-0.008198858149303323,-0.008198858149303323
2022-05-23,112.0981903076172,28.479999542236328,2.86,0.061871627071727,0.03446720619930946
2022-05-24,113.68160247802734,29.450000762939453,2.76,0.014125225091189852,0.014125225091189852
2022-05-25,114.4732894897461,28.3700008392334,2.75,0.006964073292965445,0.006964073292965445
2022-05-26,116.45254516601562,27.5,2.75,0.01729010920444307,0.01729010920444307
2022-05-27,118.09895324707033,25.719999313354492,2.74,0.014138017152888871,0.014138017152888871
2022-05-31,118.9626007080078,26.190000534057617,2.85,0.007312913765888052,0.007312913765888052
2022-06-01,116.87541198730467,25.690000534057617,2.94,-0.017544915026077024,-0.017544915026077024
2022-06-02,118.75569915771484,24.719999313354492,2.92,0.01608796185988548,0.01608796185988548
2022-06-03,117.10032653808594,24.790000915527344,2.96,-0.013939310966713858,-0.013939310966713858
2022-06-06,116.71347045898438,25.06999969482422,3.04,-0.0033036293795111193,-0.0033036293795111193
2022-06-07,117.01936340332033,24.020000457763672,2.98,0.0026208880871505524,0.0026208880871505524
2022-06-08,115.15704345703124,23.959999084472656,3.03,-0.015914630639977,-0.015914630639977
2022-06-09,112.73694610595705,26.09000015258789,3.04,-0.021015625952373496,-0.021015625952373496
2022-06-10,107.55487823486328,27.75,3.15,-0.04596601247494625,-0.03312006140239074
2022-06-13,104.35206604003906,34.02000045776367,3.43,-0.029778400081773793,-0.029778400081773793
2022-06-14,102.61570739746094,32.689998626708984,3.49,-0.016639427550115715,-0.016639427550115715
2022-06-15,103.83028411865234,29.6200008392334,3.33,0.011836167697865108,0.011836167697865108
2022-06-16,102.04894256591795,32.95000076293945,3.28,-0.017156281212702407,-0.017156281212702407
2022-06-17,101.6890640258789,31.1299991607666,3.25,-0.0035265288496898473,-0.0035265288496898473
2022-06-21,104.2081298828125,30.190000534057617,3.31,0.024772239582149247,0.024772239582149247
2022-06-22,103.6233367919922,28.950000762939453,3.16,-0.005611779920414395,-0.005611779920414395
2022-06-23,102.4897689819336,29.049999237060547,3.09,-0.010939310054588036,-0.010939310054588036
2022-06-24,105.54862213134766,27.229999542236328,3.13,0.029845448768191396,0.029845448768191396
2022-06-27,104.70294952392578,26.950000762939453,3.2,-0.008012161507608306,-0.008012161507608306
2022-06-28,104.19913482666016,28.36000061035156,3.2,-0.004811848181511813,-0.004811848181511813
2022-06-29,103.73131561279295,28.15999984741211,3.1,-0.004489665049958846,-0.004489665049958846
2022-06-30,101.31119537353516,28.709999084472656,2.98,-0.02333066176748011,-0.02333066176748011
2022-07-01,102.60672760009766,26.700000762939453,2.88,0.01278765117503422,0.01278765117503422
2022-07-05,102.21643829345705,27.540000915527344,2.82,-0.00380373992787042,-0.00380373992787042
2022-07-06,101.55389404296876,26.729999542236328,2.93,-0.006481777897466512,-0.006481777897466512
2022-07-07,104.1224594116211,26.079999923706055,3.01,0.02529263296950024,0.02529263296950024
2022-07-08,103.79571533203124,24.63999938964844,3.09,-0.00313807493057916,-0.00313807493057916
2022-07-11,102.43429565429688,26.170000076293945,2.99,-0.013116337927623789,-0.013116337927623789
2022-07-12,102.53412628173828,27.290000915527344,2.96,0.0009745820655449045,0.0009745820655449045
2022-07-13,101.57203674316406,26.81999969482422,2.91,-0.009383115392534114,-0.009383115392534114
2022-07-14,98.02323150634766,26.399999618530273,2.96,-0.03493880156986462,-0.03312006140239074
2022-07-15,102.51595306396484,24.229999542236328,2.93,0.045833232475367414,0.03446720619930946
2022-07-18,101.46312713623048,25.299999237060547,2.96,-0.010269874066111906,-0.010269874066111906
2022-07-19,103.97724151611328,24.5,3.01,0.024778601358375285,0.024778601358375285
2022-07-20,103.95909118652344,23.8799991607666,3.04,-0.00017456059927334344,-0.00017456059927334344
2022-07-21,104.66702270507812,23.11000061035156,2.91,0.006809712459726169,0.006809712459726169
2022-07-22,104.15876007080078,23.030000686645508,2.77,-0.0048559959110472395,-0.0048559959110472395
2022-07-25,104.57626342773438,23.36000061035156,2.81,0.004008336472609786,0.004008336472609786
2022-07-26,102.94255828857422,24.690000534057617,2.81,-0.015622141063484252,-0.015622141063484252
2022-07-27,104.59440612792967,23.239999771118164,2.78,0.016046306472439653,0.016046306472439653
2022-07-28,104.2041473388672,22.329999923706055,2.68,-0.0037311631043169813,-0.0037311631043169813
2022-07-29,104.70333099365234,21.329999923706055,2.67,0.004790439416598513,0.004790439416598513
2022-08-01,103.65955352783205,22.84000015258789,2.6,-0.009968904101853027,-0.009968904101853027
2022-08-02,102.0439910888672,23.93000030517578,2.75,-0.015585272982398757,-0.015585272982398757
2022-08-03,103.11498260498048,21.950000762939453,2.73,0.01049539031828517,0.01049539031828517
2022-08-04,101.98045349121094,21.440000534057617,2.68,-0.011002563207674454,-0.011002563207674454
2022-08-05,105.06637573242188,21.149999618530273,2.83,0.030259938405519105,0.030259938405519105
2022-08-08,103.78662872314452,21.290000915527344,2.77,-0.01218036693810165,-0.01218036693810165
2022-08-09,104.72146606445312,21.770000457763672,2.8,0.009007300389362483,0.009007300389362483
2022-08-10,107.45342254638672,19.739999771118164,2.78,0.026087836473299042,0.026087836473299042
2022-08-11,109.0417709350586,20.200000762939453,2.87,0.014781738459621385,0.014781738459621385
2022-08-12,110.84795379638672,19.530000686645508,2.84,0.016564137264460044,0.016564137264460044
2022-08-15,111.14744567871094,19.950000762939453,2.79,0.002701825988365547,0.002701825988365547
2022-08-16,112.2093734741211,19.690000534057617,2.82,0.009554225820715967,0.009554225820715967
2022-08-17,111.26543426513672,19.899999618530273,2.89,-0.008412302642453295,-0.008412302642453295
2022-08-18,110.40321350097656,19.559999465942383,2.88,-0.007749223915358594,-0.007749223915358594
2022-08-19,107.6712646484375,20.600000381469727,2.98,-0.02474519324127189,-0.02474519324127189
2022-08-22,105.89232635498048,23.799999237060547,3.03,-0.016521941107179416,-0.016521941107179416
2022-08-23,104.84854888916016,24.11000061035156,3.05,-0.009856969827268691,-0.009856969827268691
2022-08-24,105.10267639160156,22.81999969482422,3.11,0.002423757935935411,0.002423757935935411
2022-08-25,107.59864807128906,21.780000686645508,3.03,0.02374793645014117,0.02374793645014117
2022-08-26,104.07707977294922,25.559999465942383,3.04,-0.032728741126994865,-0.032728741126994865
2022-08-29,103.82294464111328,26.209999084472656,3.12,-0.002441797294758352,-0.002441797294758352
2022-08-30,103.84110260009766,26.209999084472656,3.11,0.00017489350785737656,0.00017489350785737656
2022-08-31,103.22389221191406,25.8700008392334,3.15,-0.005943796557713155,-0.005943796557713155
2022-09-01,103.93186950683594,25.559999465942383,3.26,0.006858657232847065,0.006858657232847065
2022-09-02,103.20574188232422,25.469999313354492,3.2,-0.006986573299963217,-0.006986573299963217
2022-09-06,103.23297882080078,26.90999984741211,3.33,0.00026390913896645607,0.00026390913896645607
2022-09-07,105.19344329833984,24.63999938964844,3.27,0.01899068010952365,0.01899068010952365
2022-09-08,107.64402770996094,23.61000061035156,3.29,0.02329598057429272,0.02329598057429272
2022-09-09,108.161376953125,22.790000915527344,3.33,0.004806111905790278,0.004806111905790278
2022-09-12,109.44114685058594,23.8700008392334,3.37,0.011832041469068688,0.011832041469068688
2022-09-13,105.63817596435548,27.270000457763672,3.42,-0.034749004334013844,-0.03312006140239074
2022-09-14,105.39311981201172,26.15999984741211,3.41,-0.0023197688724430066,-0.0023197688724430066
2022-09-15,106.98146057128906,26.270000457763672,3.45,0.015070630436886612,0.015070630436886612
2022-09-16,106.26445770263672,26.299999237060547,3.45,-0.0067021226371699605,-0.0067021226371699605
2022-09-19,107.2446746826172,25.760000228881836,3.49,0.009224316400535892,0.009224316400535892
2022-09-20,105.12991333007812,27.15999984741211,3.57,-0.01971903368440031,-0.01971903368440031
2022-09-21,102.09845733642578,27.989999771118164,3.51,-0.028835332377136424,-0.028835332377136424
2022-09-22,100.93669891357422,27.350000381469727,3.7,-0.01137880486306897,-0.01137880486306897
2022-09-23,99.05792236328124,29.920000076293945,3.69,-0.018613413857547112,-0.018613413857547112
2022-09-26,96.92501068115234,32.2599983215332,3.88,-0.021531964644955215,-0.021531964644955215
2022-09-27,96.07184600830078,32.599998474121094,3.97,-0.008802317037221341,-0.008802317037221341
2022-09-28,98.01414489746094,30.18000030517578,3.72,0.02021714966310051,0.02021714966310051
2022-09-29,96.35321807861328,31.84000015258789,3.76,-0.016945786963557752,-0.016945786963557752
2022-09-30,94.8465576171875,31.6200008392334,3.83,-0.01563684629813311,-0.01563684629813311
2022-10-03,97.77819061279295,30.100000381469727,3.67,0.030909218734515242,0.030909218734515242
2022-10-04,102.3525848388672,29.06999969482422,3.62,0.04678337978444591,0.03446720619930946
2022-10-05,101.08885955810548,28.549999237060547,3.76,-0.012346784233648767,-0.012346784233648767
2022-10-06,99.02843475341795,30.520000457763672,3.83,-0.020382313280556952,-0.020382313280556952
2022-10-07,97.05044555664062,31.36000061035156,3.89,-0.0199739519432226,-0.0199739519432226
2022-10-10,96.14385223388672,32.45000076293945,3.89,-0.009341464818157896,-0.009341464818157896
2022-10-11,93.36915588378906,33.630001068115234,3.93,-0.028859841639668482,-0.028859841639668482
2022-10-12,94.880126953125,33.56999969482422,3.91,0.01618276458680379,0.01618276458680379
2022-10-13,100.15480041503906,31.940000534057617,3.97,0.05559302702577518,0.03446720619930946
2022-10-14,101.82146453857422,32.02000045776367,4.0,0.01664088108236994,0.01664088108236994
2022-10-17,106.09797668457033,31.3700008392334,4.02,0.042000104451217934,0.03446720619930946
2022-10-18,108.8268814086914,30.5,4.01,0.025720610414976308,0.025720610414976308
2022-10-19,106.69322204589844,30.760000228881836,4.14,-0.019605995643485974,-0.019605995643485974
2022-10-20,106.34522247314452,29.979999542236328,4.24,-0.0032616839765530203,-0.0032616839765530203
2022-10-21,111.93128204345705,29.690000534057617,4.21,0.052527602466797996,0.03446720619930946
2022-10-24,112.06861114501952,29.850000381469727,4.25,0.0012269054642755073,0.0012269054642755073
2022-10-25,112.36166381835938,28.459999084472656,4.1,0.002614939815401396,0.002614939815401396
2022-10-26,113.65286254882812,27.280000686645508,4.04,0.011491452570122629,0.011491452570122629
2022-10-27,114.10157775878906,27.38999938964844,3.96,0.003948120618327167,0.003948120618327167
2022-10-28,115.45687866210938,25.75,4.02,0.011878020707000392,0.011878020707000392
2022-10-31,115.27373504638672,25.8799991607666,4.1,-0.0015862512294190223,-0.0015862512294190223
2022-11-01,117.35244750976562,25.809999465942383,4.07,0.01803283690376145,0.01803283690376145
2022-11-02,116.27188110351562,25.86000061035156,4.1,-0.009207872772828862,-0.009207872772828862
2022-11-03,116.48249816894533,25.299999237060547,4.14,0.0018114187491486966,0.0018114187491486966
2022-11-04,119.66928100585938,24.549999237060547,4.17,0.02735846918643481,0.02735846918643481
2022-11-07,120.30116271972656,24.350000381469727,4.22,0.005280233227408226,0.005280233227408226
2022-11-08,120.37442016601562,25.540000915527344,4.14,0.0006089504426465275,0.0006089504426465275
2022-11-09,118.8084945678711,26.09000015258789,4.12,-0.013008790372446843,-0.013008790372446843
2022-11-10,123.69856262207033,23.530000686645508,3.82,0.04115924599487042,0.03446720619930946
2022-11-11,123.90003204345705,22.520000457763672,3.82,0.0016287127119032352,0.0016287127119032352
2022-11-14,122.6271514892578,23.729999542236328,3.88,-0.010273448143684027,-0.010273448143684027
2022-11-15,121.7388916015625,24.540000915527344,3.8,-0.007243582493010159,-0.007243582493010159
2022-11-16,121.90370178222656,24.11000061035156,3.67,0.0013538005685436172,0.0013538005685436172
2022-11-17,121.37255096435548,23.93000030517578,3.77,-0.004357134443873978,-0.004357134443873978
2022-11-18,122.5630340576172,23.1200008392334,3.82,0.00980850351914686,0.00980850351914686
2022-11-21,121.83960723876952,22.36000061035156,3.83,-0.005902487845622306,-0.005902487845622306
2022-11-22,123.66193389892578,21.290000915527344,3.76,0.014956767355503997,0.014956767355503997
2022-11-23,124.9805908203125,20.350000381469727,3.71,0.010663402065703709,0.010663402065703709
2022-11-25,125.21867370605467,20.5,3.68,0.00190495887545028,0.00190495887545028
2022-11-28,123.03010559082033,22.209999084472656,3.69,-0.01747796914357924,-0.01747796914357924
2022-11-29,125.05387115478516,21.88999938964844,3.75,0.01644935241050316,0.01644935241050316
2022-11-30,126.5373764038086,20.579999923706055,3.68,0.011862929434525382,0.011862929434525382
2022-12-01,124.76085662841795,19.84000015258789,3.53,-0.014039486402194545,-0.014039486402194545
2022-12-02,123.77181243896484,19.059999465942383,3.51,-0.007927520026564383,-0.007927520026564383
2022-12-05,120.30116271972656,20.75,3.6,-0.028040711781204264,-0.028040711781204264
2022-12-06,120.50260162353516,22.170000076293945,3.51,0.001674455169464073,0.001674455169464073
2022-12-07,120.4201889038086,22.68000030517578,3.42,-0.0006839082195422286,-0.0006839082195422286
2022-12-08,121.68394470214844,22.290000915527344,3.48,0.010494550870945085,0.010494550870945085
2022-12-09,121.0246124267578,22.829999923706055,3.57,-0.005418399913024841,-0.005418399913024841
2022-12-12,122.90184783935548,25.0,3.61,0.015511187145786254,0.015511187145786254
2022-12-13,122.7828140258789,22.549999237060547,3.51,-0.0009685274515331965,-0.0009685274515331965
2022-12-14,122.16925811767578,21.13999938964844,3.49,-0.004997082963693944,-0.004997082963693944
2022-12-15,119.13814544677734,22.829999923706055,3.44,-0.024810764324841972,-0.024810764324841972
2022-12-16,118.39639282226562,22.6200008392334,3.48,-0.0062259876694411576,-0.0062259876694411576
2022-12-19,119.10152435302734,22.420000076293945,3.57,0.005955684239639325,0.005955684239639325
2022-12-20,119.67845153808594,21.479999542236328,3.69,0.0048439949714542685,0.0048439949714542685
2022-12-21,121.0246124267578,20.06999969482422,3.68,0.011248147610294357,0.011248147610294357
2022-12-22,119.65099334716795,21.969999313354492,3.67,-0.011349915129215016,-0.011349915129215016
2022-12-23,120.21874237060548,20.8700008392334,3.75,0.00474504228970507,0.00474504228970507
2022-12-27,120.63999938964844,21.649999618530273,3.84,0.0035040877215661848,0.0035040877215661848
2022-12-28,121.29933166503906,22.13999938964844,3.88,0.005465287456286161,0.005465287456286161
2022-12-29,121.99528503417967,21.440000534057617,3.83,0.0057374872522995,0.0057374872522995
2022-12-30,122.8011245727539,21.670000076293945,3.88,0.006605497403841865,0.006605497403841865
2023-01-03,123.73519897460938,22.899999618530273,3.79,0.007606399412914744,0.007606399412914744
2023-01-04,124.88903045654295,22.010000228881836,3.69,0.00932500607341602,0.00932500607341602
2023-01-05,124.86134338378906,22.459999084472656,3.71,-0.00022169339174693548,-0.00022169339174693548
2023-01-06,127.25064849853516,21.1299991607666,3.55,0.019135667212886176,0.019135667212886176
2023-01-09,126.7248077392578,21.969999313354492,3.53,-0.004132322824927814,-0.004132322824927814
2023-01-10,127.85952758789062,20.579999923706055,3.61,0.008954204538763832,0.008954204538763832
2023-01-11,128.80970764160156,21.09000015258789,3.54,0.007431437231439686,0.007431437231439686
2023-01-12,128.68052673339844,18.829999923706055,3.43,-0.0010028817747382845,-0.0010028817747382845
2023-01-13,131.92774963378906,18.350000381469727,3.49,0.025234765374548607,0.025234765374548607
2023-01-17,129.88900756835938,19.36000061035156,3.53,-0.01545347412571596,-0.01545347412571596
2023-01-18,125.98684692382812,20.34000015258789,3.37,-0.03004227007029503,-0.03004227007029503
2023-01-19,124.30782318115234,20.520000457763672,3.39,-0.013326976455652728,-0.013326976455652728
2023-01-20,124.61226654052734,19.850000381469727,3.48,0.002449108604623662,0.002449108604623662
2023-01-23,126.63257598876952,19.809999465942383,3.52,0.016212765438987642,0.016212765438987642
2023-01-24,127.72112274169922,19.200000762939453,3.46,0.008596103683670142,0.008596103683670142
2023-01-25,128.33920288085938,19.079999923706055,3.46,0.00483929459663579,0.00483929459663579
2023-01-26,129.132568359375,18.729999542236328,3.49,0.006181785929059602,0.006181785929059602
2023-01-27,129.4462127685547,18.510000228881836,3.52,0.0024288559668914633,0.0024288559668914633
2023-01-30,128.3484344482422,19.940000534057617,3.55,-0.00848057503447619,-0.00848057503447619
2023-01-31,129.11410522460938,19.399999618530273,3.52,0.0059655638158637725,0.0059655638158637725
2023-02-01,128.77279663085938,17.8700008392334,3.39,-0.0026434648108837333,-0.0026434648108837333
2023-02-02,128.1731414794922,18.729999542236328,3.4,-0.004656691219389719,-0.004656691219389719
2023-02-03,130.15655517578125,18.329999923706055,3.53,0.015474487660945835,0.015474487660945835
2023-02-06,130.92221069335938,19.43000030517578,3.63,0.005882573617165043,0.005882573617165043
2023-02-07,132.5181427001953,18.65999984741211,3.67,0.01218992559309795,0.01218992559309795
2023-02-08,131.58642578125,19.6299991607666,3.63,-0.007030863095125017,-0.007030863095125017
2023-02-09,129.53848266601562,20.709999084472656,3.67,-0.01556348311062794,-0.01556348311062794
2023-02-10,130.11044311523438,20.530000686645508,3.74,0.004415370918720907,0.004415370918720907
2023-02-13,131.52183532714844,20.34000015258789,3.72,0.010847647414927719,0.010847647414927719
2023-02-14,132.10305786132812,18.90999984741211,3.77,0.004419209424305404,0.004419209424305404
2023-02-15,132.65652465820312,18.229999542236328,3.81,0.0041896592390464615,0.0041896592390464615
2023-02-16,130.8299560546875,20.170000076293945,3.86,-0.013769157666551846,-0.013769157666551846
2023-02-17,131.2174530029297,20.020000457763672,3.82,0.0029618365696020277,0.0029618365696020277
2023-02-21,128.80970764160156,22.8700008392334,3.95,-0.01834927676331566,-0.01834927676331566
2023-02-22,127.8226089477539,22.290000915527344,3.93,-0.007663232157890998,-0.007663232157890998
2023-02-23,128.84657287597656,21.13999938964844,3.88,0.008010820125265772,0.008010820125265772
2023-02-24,130.00894165039062,21.670000076293945,3.95,0.009021340253519305,0.009021340253519305
2023-02-27,131.1436309814453,20.950000762939453,3.92,0.008727779156190607,0.008727779156190607
2023-02-28,132.2414093017578,20.700000762939453,3.92,0.008370809257735257,0.008370809257735257
2023-03-01,131.50340270996094,20.579999923706055,4.01,-0.005580752622749485,-0.005580752622749485
2023-03-02,130.1381072998047,19.59000015258789,4.08,-0.010382205950727363,-0.010382205950727363
2023-03-03,132.52735900878906,18.489999771118164,3.97,0.018359354984932796,0.018359354984932796
2023-03-06,131.75245666503906,18.61000061035156,3.98,-0.005847112245695674,-0.005847112245695674
2023-03-07,127.87796783447266,19.59000015258789,3.97,-0.02940733652061389,-0.02940733652061389
2023-03-08,127.12149810791016,19.11000061035156,3.98,-0.0059155594929509725,-0.0059155594929509725
2023-03-09,120.23959350585938,22.61000061035156,3.93,-0.05413643407670443,-0.03312006140239074
2023-03-10,123.29307556152344,24.799999237060547,3.7,0.025394979861731448,0.025394979861731448
2023-03-13,121.07906341552734,26.520000457763672,3.55,-0.017957311356802785,-0.017957311356802785
2023-03-14,124.18791961669922,23.729999542236328,3.64,0.025676249167064347,0.025676249167064347
2023-03-15,118.32076263427734,26.13999938964844,3.51,-0.047244184462793215,-0.03312006140239074
2023-03-16,120.61781311035156,22.989999771118164,3.56,0.01941375651181576,0.01941375651181576
2023-03-17,116.06063079833984,25.510000228881836,3.39,-0.03778200080482652,-0.03312006140239074
2023-03-20,117.2875747680664,24.149999618530273,3.47,0.010571577642537688,0.010571577642537688
2023-03-21,120.43329620361328,21.3799991607666,3.59,0.026820585571553313,0.026820585571553313
2023-03-22,117.324462890625,22.260000228881836,3.48,-0.025813735993178044,-0.025813735993178044
2023-03-23,117.01081085205078,22.61000061035156,3.38,-0.0026733728912666788,-0.0026733728912666788
2023-03-24,115.23038482666016,21.739999771118164,3.38,-0.015215910499430718,-0.015215910499430718
2023-03-27,118.532958984375,20.600000381469727,3.53,0.02866061900845751,0.02866061900845751
2023-03-28,118.89273071289062,19.969999313354492,3.55,0.0030352041457351042,0.0030352041457351042
2023-03-29,119.13256072998048,19.1200008392334,3.57,0.0020171966414752607,0.0020171966414752607
2023-03-30,118.77279663085938,19.020000457763672,3.55,-0.003019863729249672,-0.003019863729249672
2023-03-31,120.21192169189452,18.700000762939453,3.48,0.01211662183477813,0.01211662183477813
2023-04-03,120.07353973388672,18.549999237060547,3.43,-0.0011511500362041405,-0.0011511500362041405
2023-04-04,118.46839141845705,19.0,3.35,-0.013368043608834146,-0.013368043608834146
2023-04-05,118.64501953125,19.079999923706055,3.3,0.0014909302867889274,0.0014909302867889274
2023-04-06,118.51486206054688,18.399999618530273,3.3,-0.001097032738646364,-0.001097032738646364
2023-04-10,118.90534973144533,18.969999313354492,3.41,0.003294841373556734,0.003294841373556734
2023-04-11,119.4910888671875,19.100000381469727,3.43,0.0049260957313115306,0.0049260957313115306
2023-04-12,119.47249603271484,19.09000015258789,3.41,-0.0001556001761212622,-0.0001556001761212622
2023-04-13,119.9280776977539,17.799999237060547,3.45,0.00381327652947272,0.00381327652947272
2023-04-14,128.9838104248047,17.06999969482422,3.52,0.07550969631876603,0.03446720619930946
2023-04-17,130.00653076171875,16.950000762939453,3.6,0.0079290597288586,0.0079290597288586
2023-04-18,131.4662322998047,16.829999923706055,3.58,0.01122790931758133,0.01122790931758133
2023-04-19,131.2988739013672,16.459999084472656,3.6,-0.0012730143361516788,-0.0012730143361516788
2023-04-20,130.91769409179688,17.170000076293945,3.54,-0.002903146068538698,-0.002903146068538698
2023-04-21,130.66665649414062,16.770000457763672,3.57,-0.0019175222982481532,-0.0019175222982481532
2023-04-24,130.8433074951172,16.889999389648438,3.52,0.001351921031089498,0.001351921031089498
2023-04-25,127.998291015625,18.760000228881836,3.4,-0.02174369124380593,-0.02174369124380593
2023-04-26,125.72967529296876,18.84000015258789,3.43,-0.017723796971471306,-0.017723796971471306
2023-04-27,127.42180633544922,17.030000686645508,3.53,0.013458485743620408,0.013458485743620408
2023-04-28,128.5282440185547,15.779999732971191,3.44,0.008683267918778936,0.008683267918778936
2023-05-01,131.28028869628906,16.079999923706055,3.59,0.021411983791959965,0.021411983791959965
2023-05-02,129.16046142578125,17.780000686645508,3.44,-0.016147338580370874,-0.016147338580370874
2023-05-03,126.42703247070312,18.34000015258789,3.38,-0.021163047304912475,-0.021163047304912475
2023-05-04,124.69766235351562,20.09000015258789,3.37,-0.013678800201121888,-0.013678800201121888
2023-05-05,127.13362121582033,17.190000534057617,3.44,0.019534920032412417,0.019534920032412417
2023-05-08,127.4404296875,16.979999542236328,3.52,0.0024132756445192083,0.0024132756445192083
2023-05-09,126.8268051147461,17.709999084472656,3.53,-0.004814991398401469,-0.004814991398401469
2023-05-10,126.89187622070312,16.940000534057617,3.43,0.0005130706075751057,0.0005130706075751057
2023-05-11,126.49209594726562,16.93000030517578,3.39,-0.003150558454523611,-0.003150558454523611
2023-05-12,124.67906951904295,17.030000686645508,3.46,-0.01433312030008993,-0.01433312030008993
2023-05-15,125.72967529296876,17.1200008392334,3.5,0.00842648070745633,0.00842648070745633
2023-05-16,124.88365936279295,17.989999771118164,3.54,-0.006728848445718749,-0.006728848445718749
2023-05-17,128.72348022460938,16.8700008392334,3.57,0.03074718407042787,0.03074718407042787
2023-05-18,129.69972229003906,16.049999237060547,3.65,0.007584024792728128,0.007584024792728128
2023-05-19,129.40219116210938,16.809999465942383,3.7,-0.0022939997301176795,-0.0022939997301176795
2023-05-22,128.33299255371094,17.209999084472656,3.72,-0.008262600492282224,-0.008262600492282224
2023-05-23,126.9941635131836,18.530000686645508,3.7,-0.01043246178465762,-0.01043246178465762
2023-05-24,125.83195495605467,20.030000686645508,3.73,-0.009151669060824763,-0.009151669060824763
2023-05-25,126.13878631591795,19.13999938964844,3.83,0.0024384216232709033,0.0024384216232709033
2023-05-26,127.3195571899414,17.950000762939453,3.8,0.009360886595707107,0.009360886595707107
2023-05-30,127.80304718017578,17.459999084472656,3.69,0.003797452653036437,0.003797452653036437
2023-05-31,126.17597198486328,17.940000534057617,3.64,-0.012731114251279596,-0.012731114251279596
2023-06-01,127.91460418701172,15.649999618530272,3.61,0.013779423885531994,0.013779423885531994
2023-06-02,130.60157775878906,14.600000381469728,3.69,0.02100599527985847,0.02100599527985847
2023-06-05,129.31851196289062,14.729999542236328,3.69,-0.009824274851167214,-0.009824274851167214
2023-06-06,129.5509490966797,13.960000038146973,3.7,0.001797400312306019,0.001797400312306019
2023-06-07,130.8061065673828,13.9399995803833,3.79,0.009688523931742354,0.009688523931742354
2023-06-08,130.8433074951172,13.649999618530272,3.73,0.0002843974850303965,0.0002843974850303965
2023-06-09,131.10360717773438,13.829999923706056,3.75,0.0019894000511022636,0.0019894000511022636
2023-06-12,131.09432983398438,15.010000228881836,3.73,-7.076345151524333e-05,-7.076345151524333e-05
2023-06-13,132.04269409179688,14.609999656677246,3.84,0.00723421263920021,0.00723421263920021
2023-06-14,131.54994201660156,13.880000114440918,3.83,-0.0037317632647873022,-0.0037317632647873022
2023-06-15,133.0375213623047,14.5,3.72,0.01130809579159986,0.01130809579159986
2023-06-16,133.19557189941406,13.539999961853027,3.77,0.0011880147456968526,0.0011880147456968526
2023-06-20,132.51683044433594,13.880000114440918,3.74,-0.005095825975286128,-0.005095825975286128
2023-06-21,132.32162475585938,13.199999809265137,3.72,-0.0014730633672872528,-0.0014730633672872528
2023-06-22,129.7740936279297,12.90999984741211,3.8,-0.01925256837368816,-0.01925256837368816
2023-06-23,129.09539794921875,13.4399995803833,3.74,-0.00522982407148842,-0.00522982407148842
2023-06-26,129.41152954101562,14.25,3.72,0.0024488215445235273,0.0024488215445235273
2023-06-27,129.42080688476562,13.739999771118164,3.77,7.168869561247071e-05,7.168869561247071e-05
2023-06-28,128.85365295410156,13.43000030517578,3.71,-0.004382246906937004,-0.004382246906937004
2023-06-29,133.35362243652344,13.539999961853027,3.85,0.0349231036858908,0.03446720619930946
2023-06-30,135.22242736816406,13.59000015258789,3.81,0.01401390451564355,0.01401390451564355
2023-07-03,136.31021118164062,13.56999969482422,3.86,0.008044403836316993,0.008044403836316993
2023-07-05,135.40216064453125,14.18000030517578,3.95,-0.006661647203373144,-0.006661647203373144
2023-07-06,134.06349182128906,15.4399995803833,4.05,-0.009886613454836768,-0.009886613454836768
2023-07-07,135.12130737304688,14.829999923706056,4.06,0.007890407279320444,0.007890407279320444
2023-07-10,135.8795928955078,15.06999969482422,4.01,0.005611887105025026,0.005611887105025026
2023-07-11,138.00460815429688,14.84000015258789,3.99,0.015638958091545252,0.015638958091545252
2023-07-12,138.68797302246094,13.539999961853027,3.86,0.004951753983461371,0.004951753983461371
2023-07-13,139.36199951171875,13.609999656677246,3.76,0.004860021201324116,0.004860021201324116
2023-07-14,140.20452880859375,13.34000015258789,3.83,0.00604561716843155,0.00604561716843155
2023-07-17,143.58396911621094,13.479999542236328,3.81,0.024103645840362065,0.024103645840362065
2023-07-18,143.84609985351562,13.300000190734863,3.8,0.0018256267668190773,0.0018256267668190773
2023-07-19,144.39840698242188,13.760000228881836,3.75,0.0038395697170008347,0.0038395697170008347
2023-07-20,146.1770477294922,13.989999771118164,3.85,0.012317592584569326,0.012317592584569326
2023-07-21,145.05369567871094,13.600000381469728,3.84,-0.007684873023705241,-0.007684873023705241
2023-07-24,147.90890502929688,13.90999984741211,3.86,0.01968380975904349,0.01968380975904349
2023-07-25,146.80426025390625,13.859999656677246,3.91,-0.007468412907064792,-0.007468412907064792
2023-07-26,147.68421936035156,13.1899995803833,3.86,0.005994097888735395,0.005994097888735395
2023-07-27,146.0553436279297,14.40999984741211,4.01,-0.011029450129992568,-0.011029450129992568
2023-07-28,146.88851928710938,13.329999923706056,3.96,0.005704520207779451,0.005704520207779451
2023-07-31,147.87147521972656,13.630000114440918,3.97,0.0066918499647743435,0.0066918499647743435
2023-08-01,147.14125061035156,13.93000030517578,4.05,-0.004938238482370849,-0.004938238482370849
2023-08-02,145.4749298095703,16.09000015258789,4.08,-0.011324633940986928,-0.011324633940986928
2023-08-03,146.36428833007812,15.920000076293944,4.2,0.006113483070051995,0.006113483070051995
2023-08-04,146.0553436279297,17.100000381469727,4.05,-0.0021107929104380307,-0.0021107929104380307
2023-08-07,146.7480926513672,15.770000457763672,4.09,0.004743058393003707,0.004743058393003707
2023-08-08,145.92430114746094,15.989999771118164,4.02,-0.005613643687099601,-0.005613643687099601
2023-08-09,143.9677734375,15.960000038146973,4.0,-0.013407826486582342,-0.013407826486582342
2023-08-10,143.75245666503906,15.850000381469728,4.09,-0.0014955900707488423,-0.0014955900707488423
2023-08-11,144.58563232421875,14.84000015258789,4.16,0.005795905534477841,0.005795905534477841
2023-08-14,144.88519287109375,14.81999969482422,4.19,0.0020718555644814174,0.0020718555644814174
2023-08-15,141.1968231201172,16.459999084472656,4.21,-0.025457189088039844,-0.025457189088039844
2023-08-16,140.59771728515625,16.780000686645508,4.28,-0.004243054636231203,-0.004243054636231203
2023-08-17,139.1373291015625,17.889999389648438,4.3,-0.01038699782466479,-0.01038699782466479
2023-08-18,139.4556121826172,17.299999237060547,4.26,0.002287546290488107,0.002287546290488107
2023-08-21,139.93304443359375,17.1299991607666,4.34,0.003423542756754383,0.003423542756754383
2023-08-22,137.0310516357422,16.969999313354492,4.34,-0.020738438226638678,-0.020738438226638678
2023-08-23,137.95779418945312,15.979999542236328,4.19,0.006763011322239665,0.006763011322239665
2023-08-24,137.8267059326172,17.200000762939453,4.23,-0.000950205514709257,-0.000950205514709257
2023-08-25,137.6582489013672,15.68000030517578,4.25,-0.0012222379553376017,-0.0012222379553376017
2023-08-28,138.13568115234375,15.079999923706056,4.2,0.0034682429479300225,0.0034682429479300225
2023-08-29,139.259033203125,14.449999809265137,4.12,0.008132236663330739,0.008132236663330739
2023-08-30,138.6973419189453,13.880000114440918,4.12,-0.004033428002910178,-0.004033428002910178
2023-08-31,136.9842529296875,13.56999969482422,4.09,-0.012351274837400616,-0.012351274837400616
2023-09-01,137.44293212890625,13.09000015258789,4.18,0.0033484082250985203,0.0033484082250985203
2023-09-05,135.92640686035156,14.010000228881836,4.27,-0.011033854160884426,-0.011033854160884426
2023-09-06,135.7017364501953,14.449999809265137,4.3,-0.0016528827278357028,-0.0016528827278357028
2023-09-07,134.5409393310547,14.399999618530272,4.27,-0.008554032907063469,-0.008554032907063469
2023-09-08,134.64389038085938,13.84000015258789,4.26,0.0007652024009685565,0.0007652024009685565
2023-09-11,135.233642578125,13.800000190734863,4.29,0.004380088807575566,0.004380088807575566
2023-09-12,136.9936065673828,14.229999542236328,4.27,0.013014246719273759,0.013014246719273759
2023-09-13,137.0591278076172,13.479999542236328,4.25,0.00047827954804691153,0.00047827954804691153
2023-09-14,139.71774291992188,12.81999969482422,4.29,0.019397577927363185,0.019397577927363185
2023-09-15,139.30584716796875,13.789999961853027,4.33,-0.0029480561548235196,-0.0029480561548235196
2023-09-18,139.5960235595703,14.0,4.32,0.002083016596221343,0.002083016596221343
2023-09-19,139.41818237304688,14.109999656677246,4.37,-0.001273970289329518,-0.001273970289329518
2023-09-20,138.8284454345703,15.140000343322754,4.35,-0.004229985848607454,-0.004229985848607454
2023-09-21,137.74252319335938,17.540000915527344,4.49,-0.007822044234607084,-0.007822044234607084
2023-09-22,136.4225311279297,17.200000762939453,4.44,-0.00958303968032237,-0.00958303968032237
2023-09-25,137.09657287597656,16.899999618530273,4.55,0.004940838895701072,0.004940838895701072
2023-09-26,135.6736602783203,18.940000534057617,4.56,-0.010378907129527382,-0.010378907129527382
2023-09-27,136.46934509277344,18.219999313354492,4.61,0.005864696307454675,0.005864696307454675
2023-09-28,138.16375732421875,17.34000015258789,4.59,0.012416064796774817,0.012416064796774817
2023-09-29,135.75791931152344,17.520000457763672,4.59,-0.01741294576297392,-0.01741294576297392
2023-10-02,134.58773803710938,17.610000610351562,4.69,-0.008619617038537863,-0.008619617038537863
2023-10-03,133.5954132080078,19.780000686645508,4.81,-0.007373070114514824,-0.007373070114514824
2023-10-04,134.19459533691406,18.579999923706055,4.73,0.0044850501564250855,0.0044850501564250855
2023-10-05,134.76039123535156,18.489999771118164,4.72,0.0042162346182197386,0.0042162346182197386
2023-10-06,136.83506774902344,17.450000762939453,4.78,0.015395298979568706,0.015395298979568706
2023-10-09,136.5238800048828,17.700000762939453,4.78,-0.0022741812406699147,-0.0022741812406699147
2023-10-10,137.353759765625,17.030000686645508,4.66,0.006078641778365146,0.006078641778365146
2023-10-11,137.82528686523438,16.09000015258789,4.58,0.0034329391522589514,0.0034329391522589514
2023-10-12,137.50462341308594,16.690000534057617,4.7,-0.002326593758241069,-0.002326593758241069
2023-10-13,139.5699005126953,19.31999969482422,4.63,0.015019692053589662,0.015019692053589662
2023-10-16,139.42845153808594,17.209999084472656,4.71,-0.001013463319023522,-0.001013463319023522
2023-10-17,139.12667846679688,17.8799991607666,4.83,-0.002164357905148462,-0.002164357905148462
2023-10-18,137.59893798828125,19.219999313354492,4.91,-0.010980931158219409,-0.010980931158219409
2023-10-19,137.01425170898438,21.399999618530273,4.98,-0.0042492063372369104,-0.0042492063372369104
2023-10-20,134.80751037597656,21.709999084472656,4.93,-0.01610592551857226,-0.01610592551857226
2023-10-23,132.96861267089844,20.3700008392334,4.86,-0.01364091436708137,-0.01364091436708137
2023-10-24,133.12892150878906,18.969999313354492,4.83,0.0012056141270526677,0.0012056141270526677
2023-10-25,132.4027557373047,20.190000534057617,4.95,-0.005454605680377478,-0.005454605680377478
2023-10-26,132.7422637939453,20.68000030517578,4.86,0.002564206875831365,0.002564206875831365
2023-10-27,127.96104431152344,21.270000457763672,4.84,-0.03601881831579823,-0.03312006140239074
2023-10-30,129.59251403808594,19.75,4.88,0.012749737510665105,0.012749737510665105
2023-10-31,131.1391143798828,18.13999938964844,4.88,0.011934333964246813,0.011934333964246813
2023-11-01,131.02593994140625,16.8700008392334,4.77,-0.0008630105442737346,-0.0008630105442737346
2023-11-02,133.3647003173828,15.65999984741211,4.67,0.01784959815607845,0.01784959815607845
2023-11-03,134.85470581054688,14.90999984741211,4.57,0.011172412862010095,0.011172412862010095
2023-11-06,135.87318420410156,14.890000343322754,4.67,0.007552412705460254,0.007552412705460254
2023-11-07,135.8071746826172,14.8100004196167,4.58,-0.00048581713802497983,-0.00048581713802497983
2023-11-08,136.47669982910156,14.449999809265137,4.49,0.004929968891916436,0.004929968891916436
2023-11-09,136.07119750976562,15.289999961853027,4.62,-0.0029712201411942196,-0.0029712201411942196
2023-11-10,138.08929443359375,14.170000076293944,4.61,0.014831183680023674,0.014831183680023674
2023-11-13,137.47634887695312,14.760000228881836,4.63,-0.004438762317924505,-0.004438762317924505
2023-11-14,139.98480224609375,14.15999984741211,4.44,0.018246435766095193,0.018246435766095193
2023-11-15,141.21078491210938,14.18000030517578,4.53,0.008757969767749119,0.008757969767749119
2023-11-16,142.8233642578125,14.31999969482422,4.45,0.01141966137152206,0.01141966137152206
2023-11-17,144.11534118652344,13.800000190734863,4.44,0.009045977424105178,0.009045977424105178
2023-11-20,144.5585479736328,13.40999984741211,4.42,0.0030753616059220334,0.0030753616059220334
2023-11-21,144.25680541992188,13.350000381469728,4.41,-0.0020873380228333405,-0.0020873380228333405
2023-11-22,144.59629821777344,12.850000381469728,4.42,0.0023533919031641926,0.0023533919031641926
2023-11-24,144.79434204101562,12.460000038146973,4.47,0.0013696327339163261,0.0013696327339163261
2023-11-27,144.46426391601562,12.6899995803833,4.39,-0.0022796341372682827,-0.0022796341372682827
2023-11-28,144.79434204101562,12.6899995803833,4.34,0.0022848427427830664,0.0022848427427830664
2023-11-29,145.52992248535156,12.979999542236328,4.27,0.005080173948561972,0.005080173948561972
2023-11-30,147.18966674804688,12.920000076293944,4.37,0.011404831627408907,0.011404831627408907
2023-12-01,147.90635681152344,12.630000114440918,4.22,0.004869160174833187,0.004869160174833187
2023-12-04,148.9908447265625,13.079999923706056,4.28,0.007332260346463837,0.007332260346463837
2023-12-05,148.9720001220703,12.850000381469728,4.18,-0.00012648162728901013,-0.00012648162728901013
2023-12-06,147.4065399169922,12.970000267028809,4.12,-0.010508419057241314,-0.010508419057241314
2023-12-07,147.8592071533203,13.0600004196167,4.14,0.003070876207955431,0.003070876207955431
2023-12-08,149.49069213867188,12.350000381469728,4.23,0.011034043917601988,0.011034043917601988
2023-12-11,150.03762817382812,12.630000114440918,4.23,0.003658662805901658,0.003658662805901658
2023-12-12,151.37673950195312,12.06999969482422,4.2,0.008925169935194877,0.008925169935194877
2023-12-13,151.885986328125,12.1899995803833,4.04,0.0033641022250008312,0.0033641022250008312
2023-12-14,154.6490936279297,12.479999542236328,3.92,0.01819198312236292,0.01819198312236292
2023-12-15,155.8184356689453,12.279999732971191,3.91,0.007561260228456046,0.007561260228456046
2023-12-18,156.76148986816406,12.5600004196167,3.95,0.006052263297151583,0.006052263297151583
2023-12-19,158.85504150390625,12.529999732971191,3.93,0.013355012366256913,0.013355012366256913
2023-12-20,157.0632781982422,13.670000076293944,3.86,-0.011279234758312717,-0.011279234758312717
2023-12-21,157.95916748046875,13.649999618530272,3.89,0.005704002186276647,0.005704002186276647
2023-12-22,157.8648681640625,13.029999732971191,3.9,-0.0005969853976212081,-0.0005969853976212081
2023-12-26,158.79847717285156,12.989999771118164,3.89,0.005913975792376958,0.005913975792376958
2023-12-27,159.75091552734375,12.43000030517578,3.79,0.005997780151603571,0.005997780151603571
2023-12-28,160.59967041015625,12.470000267028809,3.84,0.005312989161975867,0.005312989161975867
2023-12-29,160.4110870361328,12.449999809265137,3.88,-0.0011742450874389077,-0.0011742450874389077
2024-01-02,162.2782745361328,13.199999809265137,3.95,0.011640015253929548,0.011640015253929548
2024-01-03,161.57101440429688,14.039999961853027,3.91,-0.0043583168101682945,-0.0043583168101682945
2024-01-04,162.6431884765625,14.130000114440918,3.99,0.006635930808621016,0.006635930808621016
2024-01-05,163.45924377441406,13.350000381469728,4.05,0.005017457573817552,0.005017457573817552
2024-01-08,163.22203063964844,13.079999923706056,4.01,-0.0014512066083762765,-0.0014512066083762765
2024-01-09,161.9315643310547,12.760000228881836,4.02,-0.007906201776418098,-0.007906201776418098
2024-01-10,162.273193359375,12.6899995803833,4.04,0.002109712394440244,0.002109712394440244
2024-01-11,161.58998107910156,12.4399995803833,3.98,-0.004210259662299043,-0.004210259662299043
2024-01-12,160.4039306640625,12.699999809265137,3.96,-0.007339875944774477,-0.007339875944774477
2024-01-16,159.39813232421875,13.84000015258789,4.07,-0.006270409557171064,-0.006270409557171064
2024-01-17,158.5441436767578,14.789999961853027,4.1,-0.0053575825200004035,-0.0053575825200004035
2024-01-18,158.85728454589844,14.130000114440918,4.14,0.001975102087523828,0.001975102087523828
2024-01-19,161.5994873046875,13.300000190734863,4.15,0.017262052329723332,0.017262052329723332
2024-01-22,161.4097137451172,13.1899995803833,4.11,-0.0011743450597248017,-0.0011743450597248017
2024-01-23,160.3470001220703,12.550000190734863,4.14,-0.006583950856421272,-0.006583950856421272
2024-01-24,161.7797393798828,13.140000343322754,4.18,0.008935242048318859,0.008935242048318859
2024-01-25,164.09494018554688,13.449999809265137,4.14,0.014310820468239394,0.014310820468239394
2024-01-26,163.46871948242188,13.260000228881836,4.15,-0.0038162097040708165,-0.0038162097040708165
2024-01-29,163.8957061767578,13.600000381469728,4.08,0.0026120391453965386,0.0026120391453965386
2024-01-30,167.25465393066406,13.3100004196167,4.06,0.02049442192392581,0.02049442192392581
2024-01-31,165.4423370361328,14.350000381469728,3.99,-0.010835673937554802,-0.010835673937554802
2024-02-01,164.8445281982422,13.880000114440918,3.87,-0.003613396961142157,-0.003613396961142157
2024-02-02,165.7934112548828,13.850000381469728,4.03,0.005756230231066528,0.005756230231066528
2024-02-05,165.57518005371094,13.670000076293944,4.17,-0.0013162839193674447,-0.0013162839193674447
2024-02-06,166.1444854736328,13.0600004196167,4.09,0.003438349997488821,0.003438349997488821
2024-02-07,166.45761108398438,12.829999923706056,4.09,0.0018846584613321227,0.0018846584613321227
2024-02-08,165.85986328125,12.789999961853027,4.15,-0.003590991116848241,-0.003590991116848241
2024-02-09,166.05908203125,12.93000030517578,4.17,0.0012011269396874358,0.0012011269396874358
2024-02-12,166.79917907714844,13.93000030517578,4.17,0.004456829682818242,0.004456829682818242
2024-02-13,165.34744262695312,15.850000381469728,4.31,-0.008703498771560847,-0.008703498771560847
2024-02-14,167.0269317626953,14.380000114440918,4.27,0.010157333606491514,0.010157333606491514
2024-02-15,170.6705322265625,14.010000228881836,4.24,0.0218144488760883,0.0218144488760883
2024-02-16,169.87347412109375,14.239999771118164,4.3,-0.004670156558782335,-0.004670156558782335
2024-02-20,170.53765869140625,15.420000076293944,4.27,0.003909878065124106,0.003909878065124106
2024-02-21,171.64784240722656,15.34000015258789,4.32,0.006509903585748322,0.006509903585748322
2024-02-22,173.7068634033203,14.539999961853027,4.33,0.011995612454066329,0.011995612454066329
2024-02-23,174.57981872558594,13.75,4.26,0.005025450953188626,0.005025450953188626
2024-02-26,173.98202514648438,13.739999771118164,4.28,-0.0034241848998664004,-0.0034241848998664004
2024-02-27,174.06744384765625,13.43000030517578,4.31,0.0004909627940010708,0.0004909627940010708
2024-02-28,174.94985961914062,13.84000015258789,4.27,0.0050693900707627915,0.0050693900707627915
2024-02-29,176.54396057128906,13.399999618530272,4.25,0.009111758966933392,0.009111758966933392
2024-03-01,175.8132781982422,13.109999656677246,4.19,-0.004138812625945509,-0.004138812625945509
2024-03-04,177.13223266601562,13.489999771118164,4.22,0.00750201851242549,0.00750201851242549
2024-03-05,178.90660095214844,14.460000038146973,4.13,0.010017195963867298,0.010017195963867298
2024-03-06,179.83648681640625,14.5,4.11,0.005197605115232928,0.005197605115232928
2024-03-07,178.26136779785156,14.4399995803833,4.09,-0.008758617600013063,-0.008758617600013063
2024-03-08,178.59347534179688,14.739999771118164,4.09,0.0018630371125722966,0.0018630371125722966
2024-03-11,178.6598663330078,15.220000267028809,4.1,0.0003717436545980224,0.0003717436545980224
2024-03-12,180.13059997558594,13.84000015258789,4.16,0.008232031472791945,0.008232031472791945
2024-03-13,181.59185791015625,13.75,4.19,0.008112213775829158,0.008112213775829158
2024-03-14,178.35626220703125,14.399999618530272,4.29,-0.017817955828866694,-0.017817955828866694
2024-03-15,180.56707763671875,14.40999984741211,4.31,0.012395502138978776,0.012395502138978776
2024-03-18,182.8063812255859,14.329999923706056,4.34,0.012401505402731328,0.012401505402731328
2024-03-19,183.87857055664065,13.81999969482422,4.3,0.005865163589293232,0.005865163589293232
2024-03-20,186.28868103027344,13.039999961853027,4.27,0.013107076405569407,0.013107076405569407
2024-03-21,188.87905883789065,12.920000076293944,4.27,0.013905180890707358,0.013905180890707358
2024-03-22,186.56382751464844,13.0600004196167,4.22,-0.012257744916175706,-0.012257744916175706
2024-03-25,184.85594177246097,13.1899995803833,4.25,-0.009154431300748112,-0.009154431300748112
2024-03-26,185.7193603515625,13.239999771118164,4.24,0.0046707645468291314,0.0046707645468291314
2024-03-27,189.31553649902344,12.779999732971191,4.2,0.01936349630245049,0.01936349630245049
2024-03-28,190.0556182861328,13.010000228881836,4.2,0.0039092501376039035,0.0039092501376039035
2024-04-01,188.76519775390625,13.649999618530272,4.33,-0.006789699477780298,-0.006789699477780298
2024-04-02,188.6892852783203,14.609999656677246,4.36,-0.00040215292060830077,-0.00040215292060830077
2024-04-03,188.157958984375,14.329999923706056,4.36,-0.0028158795193993225,-0.0028158795193993225
2024-04-04,186.72634887695312,16.350000381469727,4.31,-0.007608554616287844,-0.007608554616287844
2024-04-05,188.44422912597656,16.030000686645508,4.39,0.009199988428818084,0.009199988428818084
2024-04-08,189.42726135253903,15.1899995803833,4.42,0.005216568483534134,0.005216568483534134
2024-04-09,188.1579437255859,14.979999542236328,4.36,-0.006700818128763553,-0.006700818128763553
2024-04-10,186.55455017089844,15.800000190734863,4.55,-0.008521529960095142,-0.008521529960095142
2024-04-11,186.516357421875,14.90999984741211,4.56,-0.00020472697657847316,-0.00020472697657847316
2024-04-12,174.45289611816406,17.309999465942383,4.5,-0.06467776590996255,-0.03312006140239074
2024-04-15,174.54832458496094,19.229999542236328,4.63,0.0005470156639431067,0.0005470156639431067
2024-04-16,172.55364990234375,18.399999618530273,4.67,-0.01142763579862538,-0.01142763579862538
2024-04-17,171.86648559570312,18.209999084472656,4.59,-0.003982322640115221,-0.003982322640115221
2024-04-18,172.98312377929688,18.0,4.64,0.00649712583418105,0.00649712583418105
2024-04-19,177.32559204101562,18.709999084472656,4.62,0.025103421460114017,0.025103421460114017
2024-04-22,180.7709503173828,16.940000534057617,4.62,0.019429560260936674,0.019429560260936674
2024-04-23,183.37643432617188,15.6899995803833,4.61,0.014413178689466344,0.014413178689466344
2024-04-24,184.2735595703125,15.970000267028809,4.65,0.0048922602701768625,0.0048922602701768625
2024-04-25,184.55030822753903,15.369999885559082,4.7,0.0015018359545007076,0.0015018359545007076
2024-04-26,184.66485595703125,15.029999732971191,4.67,0.0006206856579777931,0.0006206856579777931
2024-04-29,184.4644470214844,14.670000076293944,4.63,-0.001085257584656385,-0.001085257584656385
2024-04-30,182.9946746826172,15.649999618530272,4.69,-0.007967781123134454,-0.007967781123134454
2024-05-01,183.1092071533203,15.390000343322754,4.63,0.0006258787087753959,0.0006258787087753959
2024-05-02,182.91835021972656,14.68000030517578,4.58,-0.001042312052795591,-0.001042312052795591
2024-05-03,181.82080078125,13.489999771118164,4.5,-0.006000215053099667,-0.006000215053099667
2024-05-06,183.2427978515625,13.489999771118164,4.49,0.007820871232567805,0.007820871232567805
2024-05-07,183.00421142578125,13.229999542236328,4.47,-0.0013020234823881705,-0.0013020234823881705
2024-05-08,186.72634887695312,13.0,4.48,0.020339080845040547,0.020339080845040547
2024-05-09,188.4919586181641,12.6899995803833,4.45,0.009455600411136578,0.009455600411136578
2024-05-10,189.70404052734375,12.550000190734863,4.5,0.00643041707490033,0.00643041707490033
2024-05-13,189.6658477783203,13.600000381469728,4.48,-0.00020132807354689142,-0.00020132807354689142
2024-05-14,192.31906127929688,13.420000076293944,4.45,0.013988883776680838,0.013988883776680838
2024-05-15,192.8916778564453,12.449999809265137,4.36,0.0029774301795122415,0.0029774301795122415
2024-05-16,193.2352752685547,12.420000076293944,4.38,0.0017812972333886012,0.0017812972333886012
2024-05-17,195.44943237304688,11.989999771118164,4.42,0.01145834838600246,0.01145834838600246
2024-05-20,186.65951538085935,12.149999618530272,4.44,-0.04497284481957742,-0.03312006140239074
2024-05-21,190.4198455810547,11.859999656677246,4.41,0.02014539785192726,0.02014539785192726
2024-05-22,189.2650451660156,12.289999961853027,4.43,-0.006064496121794938,-0.006064496121794938
2024-05-23,187.93841552734375,12.770000457763672,4.47,-0.007009374802981583,-0.007009374802981583
2024-05-24,191.55555725097656,11.93000030517578,4.46,0.019246420235497608,0.019246420235497608
2024-05-28,190.40072631835935,12.920000076293944,4.54,-0.006028699710884156,-0.006028699710884156
2024-05-29,189.0741424560547,14.279999732971191,4.61,-0.006967325639748556,-0.006967325639748556
2024-05-30,190.2385101318359,14.470000267028809,4.55,0.006158259721060766,0.006158259721060766
2024-05-31,193.38800048828125,12.920000076293944,4.51,0.01655548266364537,0.01655548266364537
2024-06-03,192.6149749755859,13.109999656677246,4.41,-0.003997277549504297,-0.003997277549504297
2024-06-04,190.0762481689453,13.15999984741211,4.33,-0.013180318959947868,-0.013180318959947868
2024-06-05,188.26287841796875,12.630000114440918,4.29,-0.00954022277083666,-0.00954022277083666
2024-06-06,187.92889404296875,12.579999923706056,4.28,-0.0017740320227045414,-0.0017740320227045414
2024-06-07,190.8302001953125,12.220000267028809,4.43,0.015438318663655748,0.015438318663655748
2024-06-10,190.50572204589844,12.739999771118164,4.47,-0.0017003500970075303,-0.0017003500970075303
2024-06-11,185.49514770507812,12.850000381469728,4.39,-0.026301437494948954,-0.026301437494948954
2024-06-12,182.79425048828125,12.039999961853027,4.31,-0.014560473684686714,-0.014560473684686714
2024-06-13,184.82708740234375,11.9399995803833,4.24,0.01112090182613712,0.01112090182613712
2024-06-14,184.9416351318359,12.65999984741211,4.2,0.0006197561791514428,0.0006197561791514428
2024-06-17,186.0869140625,12.75,4.28,0.006192650615680417,0.006192650615680417
2024-06-18,188.01475524902344,12.300000190734863,4.22,0.01035989659044989,0.01035989659044989
2024-06-20,189.60861206054688,13.279999732971191,4.25,0.00847729641970063,0.00847729641970063
2024-06-21,187.3466796875,13.199999809265137,4.25,-0.011929481200593228,-0.011929481200593228
2024-06-24,189.8090362548828,13.329999923706056,4.25,0.01314331575819816,0.01314331575819816
2024-06-25,189.0359649658203,12.84000015258789,4.23,-0.004072889807123725,-0.004072889807123725
2024-06-26,188.42514038085935,12.550000190734863,4.32,-0.0032312612315408273,-0.0032312612315408273
2024-06-27,190.0857696533203,12.239999771118164,4.29,0.0088132043797573,0.0088132043797573
2024-06-28,193.0348663330078,12.4399995803833,4.36,0.015514557902288395,0.015514557902288395
2024-07-01,196.079345703125,12.220000267028809,4.48,0.015771655286693553,0.015771655286693553
2024-07-02,199.30520629882812,12.029999732971191,4.43,0.016451812321871317,0.016451812321871317
2024-07-03,199.1715850830078,12.09000015258789,4.36,-0.0006704351496967798,-0.0006704351496967798
2024-07-05,196.5324554443359,12.479999542236328,4.28,-0.013250532888875677,-0.013250532888875677
2024-07-08,196.8971405029297,12.369999885559082,4.28,0.001855597121448893,0.001855597121448893
2024-07-09,199.25796508789065,12.510000228881836,4.3,0.011990141547666866,0.011990141547666866
2024-07-10,199.4210968017578,12.850000381469728,4.28,0.0008186960746849881,0.0008186960746849881
2024-07-11,199.0852203369141,12.920000076293944,4.2,-0.0016842574342954553,-0.0016842574342954553
2024-07-12,196.6764373779297,12.460000038146973,4.18,-0.01209925555954372,-0.01209925555954372
2024-07-15,201.58038330078125,13.119999885559082,4.23,0.024934079487255678,0.024934079487255678
2024-07-16,205.0064239501953,13.1899995803833,4.17,0.016995903040337046,0.016995903040337046
2024-07-17,208.12538146972656,14.479999542236328,4.16,0.015213950174990387,0.015213950174990387
2024-07-18,201.51318359375,15.93000030517578,4.2,-0.03177026189349408,-0.03177026189349408
2024-07-19,201.32127380371097,16.520000457763672,4.25,-0.0009523435966647398,-0.0009523435966647398
2024-07-22,201.80108642578125,14.90999984741211,4.26,0.002383318031943915,0.002383318031943915
2024-07-23,201.8490753173828,14.720000267028809,4.25,0.00023780293977360145,0.00023780293977360145
2024-07-24,200.17922973632812,18.040000915527344,4.28,-0.00827274327825911,-0.00827274327825911
2024-07-25,200.25601196289065,18.459999084472656,4.27,0.0003835673993932698,0.0003835673993932698
2024-07-26,203.6820831298828,16.389999389648438,4.2,0.01710845598796329,0.01710845598796329
2024-07-29,202.34812927246097,16.600000381469727,4.17,-0.00654919586899172,-0.00654919586899172
2024-07-30,206.51312255859375,17.690000534057617,4.15,0.020583305124232787,0.020583305124232787
2024-07-31,204.219482421875,16.360000610351562,4.09,-0.011106510367485112,-0.011106510367485112
2024-08-01,199.57467651367188,18.59000015258789,3.99,-0.0227441860743135,-0.0227441860743135
2024-08-02,191.11029052734375,23.38999938964844,3.8,-0.04241212429447816,-0.03312006140239074
2024-08-05,187.0412445068359,38.56999969482422,3.78,-0.02129161129565471,-0.02129161129565471
2024-08-06,192.2618865966797,27.709999084472656,3.9,0.027911715961946415,0.027911715961946415
2024-08-07,192.31947326660156,27.850000381469727,3.96,0.00029952202665461947,0.00029952202665461947
2024-08-08,195.83189392089844,23.790000915527344,3.99,0.018263468564245766,0.018263468564245766
2024-08-09,197.50173950195312,20.3700008392334,3.94,0.008526933726787034,0.008526933726787034
2024-08-12,197.87603759765625,20.709999084472656,3.9,0.0018951635395567656,0.0018951635395567656
2024-08-13,199.5554656982422,18.1200008392334,3.85,0.0084872737546966,0.0084872737546966
2024-08-14,201.7627410888672,16.190000534057617,3.83,0.011060961837861871,0.011060961837861871
2024-08-15,203.0198974609375,15.229999542236328,3.92,0.006230864852874829,0.006230864852874829
2024-08-16,205.34230041503903,14.800000190734863,3.89,0.011439287395701658,0.011439287395701658
2024-08-19,206.76263427734375,14.649999618530272,3.86,0.006916908301085156,0.006916908301085156
2024-08-20,205.87013244628903,15.880000114440918,3.82,-0.004316552815135544,-0.004316552815135544
2024-08-21,205.94692993164065,16.270000457763672,3.79,0.00037303849975245384,0.00037303849975245384
2024-08-22,207.8950653076172,17.549999237060547,3.86,0.009459404792405257,0.009459404792405257
2024-08-23,209.50733947753903,15.859999656677246,3.81,0.007755230589702622,0.007755230589702622
2024-08-26,210.33265686035156,16.149999618530273,3.82,0.003939324440235259,0.003939324440235259
2024-08-27,211.30189514160156,15.43000030517578,3.83,0.004608120753657019,0.004608120753657019
2024-08-28,212.36712646484375,17.110000610351562,3.84,0.005041276712299814,0.005041276712299814
2024-08-29,213.25006103515625,15.649999618530272,3.87,0.004157585898581395,0.004157585898581395
2024-08-30,215.73562622070312,15.0,3.91,0.011655636455537133,0.011655636455537133
2024-09-03,211.4170684814453,20.719999313354492,3.84,-0.020017823735982376,-0.020017823735982376
2024-09-04,210.48617553710935,21.31999969482422,3.77,-0.004403111588966446,-0.004403111588966446
2024-09-05,208.854736328125,19.899999618530273,3.73,-0.0077508140609297005,-0.0077508140609297005
2024-09-06,203.8931884765625,22.3799991607666,3.72,-0.02375597479277447,-0.02375597479277447
2024-09-09,208.0677947998047,19.450000762939453,3.7,0.020474476633740357,0.020474476633740357
2024-09-10,197.27142333984375,19.079999923706055,3.65,-0.05188871958944352,-0.03312006140239074
2024-09-11,198.87408447265625,17.690000534057617,3.65,0.008124142390616651,0.008124142390616651
2024-09-12,198.26951599121097,17.06999969482422,3.68,-0.0030399560759682975,-0.0030399560759682975
2024-09-13,196.0814514160156,16.559999465942383,3.66,-0.011035809333858282,-0.011035809333858282
2024-09-16,199.47866821289065,17.139999389648438,3.63,0.017325538812273278,0.017325538812273278
2024-09-17,200.8126220703125,17.610000610351562,3.65,0.0066872005381457544,0.0066872005381457544
2024-09-18,199.1619873046875,18.229999542236328,3.7,-0.008219775971288534,-0.008219775971288534
2024-09-19,201.9930419921875,16.329999923706055,3.73,0.014214834496348638,0.014214834496348638
2024-09-20,202.5784454345703,16.149999618530273,3.73,0.002898136671487306,0.002898136671487306
2024-09-23,202.9143218994141,15.890000343322754,3.75,0.0016580069223222083,0.0016580069223222083
2024-09-24,203.0582733154297,15.390000343322754,3.74,0.0007094196933370434,0.0007094196933370434
2024-09-25,201.7147216796875,15.40999984741211,3.79,-0.006616581603917759,-0.006616581603917759
2024-09-26,201.32127380371097,15.369999885559082,3.79,-0.0019505164159575594,-0.0019505164159575594
2024-09-27,202.01223754882812,16.959999084472656,3.75,0.0034321447110992054,0.0034321447110992054
2024-09-30,202.35772705078125,16.729999542236328,3.81,0.0017102404594158127,0.0017102404594158127
2024-10-01,198.6917266845703,19.260000228881836,3.74,-0.018116433800874687,-0.018116433800874687
2024-10-02,198.93167114257812,18.899999618530273,3.79,0.0012076217868333128,0.0012076217868333128
2024-10-03,196.95472717285156,20.489999771118164,3.85,-0.009937804062931987,-0.009937804062931987
2024-10-04,203.9453582763672,19.209999084472656,3.98,0.03549359390282869,0.03446720619930946
2024-10-07,203.66534423828125,22.63999938964844,4.03,-0.0013729855901231103,-0.0013729855901231103
2024-10-08,203.49156188964844,21.420000076293945,4.04,-0.0008532740279538764,-0.0008532740279538764
2024-10-09,206.0695953369141,20.86000061035156,4.06,0.012668994347115436,0.012668994347115436
2024-10-10,205.5095672607422,20.93000030517578,4.09,-0.002717664754260718,-0.002717664754260718
2024-10-11,214.63409423828125,20.459999084472656,4.08,0.04439952406674208,0.03446720619930946
2024-10-14,213.8520050048828,19.700000762939453,4.08,-0.0036438257219758574,-0.0036438257219758574
2024-10-15,214.7306671142578,20.63999938964844,4.03,0.004108739169197628,0.004108739169197628
2024-10-16,215.9375915527344,19.579999923706055,4.02,0.005620643081383436,0.005620643081383436
2024-10-17,216.69073486328125,19.11000061035156,4.09,0.0034877823038186317,0.0034877823038186317
2024-10-18,217.60801696777344,18.030000686645508,4.08,0.004233139479041137,0.004233139479041137
2024-10-21,215.31967163085935,18.3700008392334,4.19,-0.010515905474443032,-0.010515905474443032
2024-10-22,216.40106201171875,18.200000762939453,4.2,0.005022255387391317,0.005022255387391317
2024-10-23,215.7155303955078,19.239999771118164,4.24,-0.003167875470841297,-0.003167875470841297
2024-10-24,217.2314453125,19.079999923706055,4.21,0.007027379596697525,0.007027379596697525
2024-10-25,214.65342712402344,20.329999923706055,4.25,-0.01186761053294072,-0.01186761053294072
2024-10-28,217.73355102539065,19.799999237060547,4.28,0.014349288257986093,0.014349288257986093
2024-10-29,215.22308349609375,19.34000015258789,4.28,-0.01152999855775172,-0.01152999855775172
2024-10-30,216.68109130859375,20.350000381469727,4.29,0.006774402581805061,0.006774402581805061
2024-10-31,214.27682495117188,23.15999984741211,4.28,-0.011095875246436515,-0.011095875246436515
2024-11-01,215.26171875,21.8799991607666,4.37,0.0045963617346511665,0.0045963617346511665
2024-11-04,212.21055603027344,21.979999542236328,4.31,-0.01417420030576877,-0.01417420030576877
2024-11-05,213.86167907714844,20.489999771118164,4.26,0.0077805886651531875,0.0077805886651531875
2024-11-06,238.55099487304688,16.270000457763672,4.42,0.11544525369125158,0.03446720619930946
2024-11-07,228.2388458251953,15.199999809265137,4.31,-0.043228279359469934,-0.03312006140239074
2024-11-08,228.81814575195312,14.9399995803833,4.3,0.0025381302848046516,0.0025381302848046516
2024-11-11,231.04861450195312,14.970000267028809,4.3,0.009747779148677749,0.009747779148677749
2024-11-12,231.3093109130859,14.710000038146973,4.43,0.0011283184350390218,0.0011283184350390218
2024-11-13,232.8542022705078,14.020000457763672,4.44,0.006678898274018907,0.006678898274018907
2024-11-14,233.53973388671875,14.3100004196167,4.43,0.0029440379839680286,0.0029440379839680286
2024-11-15,236.8612823486328,16.139999389648438,4.43,0.01422262673094088,0.01422262673094088
2024-11-18,236.5909118652344,15.579999923706056,4.42,-0.0011414718383583322,-0.0011414718383583322
2024-11-19,234.7177276611328,16.350000381469727,4.39,-0.00791739711949957,-0.00791739711949957
2024-11-20,232.48728942871097,17.15999984741211,4.41,-0.009502640702290677,-0.009502640702290677
2024-11-21,236.3302001953125,16.8700008392334,4.43,0.016529552114632473,0.016529552114632473
2024-11-22,239.9896697998047,15.239999771118164,4.41,0.015484561860768853,0.015484561860768853
2024-11-25,241.66973876953125,14.600000381469728,4.27,0.007000588696705279,0.007000588696705279
2024-11-26,241.3607940673828,14.100000381469728,4.3,-0.0012783756200567264,-0.0012783756200567264
2024-11-27,241.18698120117188,14.100000381469728,4.25,-0.0007201371162310899,-0.0007201371162310899
2024-11-29,241.119384765625,13.510000228881836,4.18,-0.00028026568934291785,-0.00028026568934291785
2024-12-02,237.76889038085935,13.34000015258789,4.19,-0.013895582837615605,-0.013895582837615605
2024-12-03,236.38815307617188,13.300000190734863,4.23,-0.005807056181638348,-0.005807056181638348
2024-12-04,235.01707458496097,13.449999809265137,4.19,-0.005800115079240498,-0.005800115079240498
2024-12-05,237.02542114257812,13.539999961853027,4.17,0.00854553466450847,0.00854553466450847
2024-12-06,238.84068298339844,12.770000457763672,4.15,0.007658511192891737,0.007658511192891737
2024-12-09,235.41293334960935,14.1899995803833,4.2,-0.014351615440772125,-0.014351615440772125
2024-12-10,234.49563598632812,14.18000030517578,4.22,-0.003896546167745818,-0.003896546167745818
2024-12-11,235.142578125,13.579999923706056,4.26,0.002758866432420959,0.002758866432420959
2024-12-12,233.21144104003903,13.920000076293944,4.32,-0.008212621892468963,-0.008212621892468963
2024-12-13,231.6762237548828,13.8100004196167,4.4,-0.00658294154999306,-0.00658294154999306
2024-12-16,231.32861328125,14.6899995803833,4.39,-0.0015004149670558853,-0.0015004149670558853
2024-12-17,230.150634765625,15.869999885559082,4.4,-0.0050922300484843586,-0.0050922300484843586
2024-12-18,222.43582153320312,27.6200008392334,4.5,-0.033520712381603035,-0.03312006140239074
2024-12-19,224.9366149902344,24.09000015258789,4.57,0.011242764046698328,0.011242764046698328
2024-12-20,229.41680908203125,18.36000061035156,4.52,0.01991758474711358,0.01991758474711358
2024-12-23,230.1796112060547,16.780000686645508,4.59,0.003324961789311187,0.003324961789311187
2024-12-24,233.9645843505859,14.270000457763672,4.59,0.016443563896469282,0.016443563896469282
2024-12-26,234.76600646972656,14.729999542236328,4.58,0.003425399281541397,0.003425399281541397
2024-12-27,232.8638610839844,15.949999809265137,4.62,-0.008102303286346757,-0.008102303286346757
2024-12-30,231.07760620117188,17.399999618530273,4.55,-0.007670811926322463,-0.007670811926322463
